file,code_summary,label,verified
https://github.com/HasinthakaPiyumal/AI-Pattern-Mining-Project/tree/main/notebooks/result/ms_repo_callgraph_clusters/train-ticket_java/cluster_81.java,"This Java file is a JUnit 4 test class (`VerifyCodeServiceImplTest`) that unit tests the `VerifyCodeServiceImpl`. It utilizes anonymous inner classes to mock `HttpServletRequest` and `HttpServletResponse` objects, providing minimal implementations that mostly return nulls, to verify the functionality of `getImageCode` and `verifyCode` methods.",Other,True
https://github.com/HasinthakaPiyumal/AI-Pattern-Mining-Project/tree/main/notebooks/result/ms_repo_callgraph_clusters/train-ticket_java/cluster_23.java,"This Spring Boot `@ConfigurationProperties` class externalizes configuration for Spring Cloud Sleuth, specifically allowing users to enable/disable Sleuth and configure the use of 128-bit trace IDs via `spring.sleuth.enabled` and `spring.sleuth.traceId128` properties.",Other,True
https://github.com/HasinthakaPiyumal/AI-Pattern-Mining-Project/tree/main/notebooks/result/ms_repo_callgraph_clusters/train-ticket_java/cluster_20.java,"This code defines a `User` JPA entity that implements Spring Security's `UserDetails` for persistent user management, including roles. It also provides a `JWTUtil` class responsible for validating and parsing JWTs to extract user details and create Spring Security `Authentication` objects for token-based authentication.",Microservices Security,True
https://github.com/HasinthakaPiyumal/AI-Pattern-Mining-Project/tree/main/notebooks/result/ms_repo_callgraph_clusters/train-ticket_java/cluster_172.java,"This code defines a custom Spring `AsyncConfigurer` (`LTACus`) that acts as a decorator, primarily to instrument or customize the `Executor` used for `@Async` methods. It wraps the delegate's `Executor` with a new `LTExec` instance, likely for monitoring or tracing, while delegating the `AsyncUncaughtExceptionHandler` directly.",Microservices Observerbility,True
https://github.com/HasinthakaPiyumal/AI-Pattern-Mining-Project/tree/main/notebooks/result/ms_repo_callgraph_clusters/train-ticket_java/cluster_156.java,"This code configures a Spring AOP advisor and interceptor to enable distributed tracing. It automatically creates or continues tracing spans, logs events, and adds tags for methods, classes, or arguments annotated with `@NewSpan` or `@ContinueSpan`, integrating with a `Chainer` for monitoring.",Microservices Observerbility,True
https://github.com/HasinthakaPiyumal/AI-Pattern-Mining-Project/tree/main/notebooks/result/ms_repo_callgraph_clusters/train-ticket_java/cluster_134.java,"The `ChainKeys` class is a Spring Boot `@ConfigurationProperties` component that centralizes and allows customization of the default keys/tags used by Spring Cloud Sleuth for distributed tracing. It defines specific string keys for various monitoring contexts, including HTTP requests, messages, Hystrix commands, asynchronous operations, and MVC controllers.",Other,True
https://github.com/HasinthakaPiyumal/AI-Pattern-Mining-Project/tree/main/notebooks/result/ms_repo_callgraph_clusters/train-ticket_java/cluster_130.java,"This Spring Boot `@ConfigurationProperties` class (`spring.sleuth.keys`) serves as a central configuration point for defining default string keys used in various monitoring contexts like HTTP, Message, Hystrix, Async, and MVC. It organizes these keys using nested static classes, enabling customization for a distributed tracing system like Spring Cloud Sleuth.",Other,True
https://github.com/HasinthakaPiyumal/AI-Pattern-Mining-Project/tree/main/notebooks/result/ms_repo_callgraph_clusters/spring-petclinic_java/cluster_17.java,"This file is an integration test suite for the Spring PetClinic application's data access layer. It uses Spring Boot's `@DataJpaTest` to verify CRUD operations and data retrieval for `Owner`, `Pet`, `PetType`, `Vet`, and `Visit` entities, ensuring the correct functionality of the repository interfaces and transactional behavior.",Microservices Test,True
https://github.com/HasinthakaPiyumal/AI-Pattern-Mining-Project/tree/main/notebooks/result/ms_repo_callgraph_clusters/spring-petclinic_java/cluster_16.java,"This code defines a Spring `Validator` for `Pet` objects, specifically validating form data by ensuring the `name`, `type` (for new pets), and `birthDate` fields are present. It explicitly implements the `Validator` interface to apply these rules, opting for programmatic validation over Bean Validation annotations.",Other,True
https://github.com/HasinthakaPiyumal/AI-Pattern-Mining-Project/tree/main/notebooks/result/ms_repo_callgraph_clusters/spring-boot-based-microservices_java/cluster_22.java,"This Spring Boot REST controller, `MetricsController`, provides endpoints under `/api/metrics` specifically for manual testing of custom Micrometer metrics (request counter and timer) and various error handling scenarios, including simulated delays, runtime exceptions, and HTTP status exceptions. It initializes custom metrics using `@PostConstruct` and demonstrates logging at different levels.",Other,True
https://github.com/HasinthakaPiyumal/AI-Pattern-Mining-Project/tree/main/notebooks/result/ms_repo_callgraph_clusters/spring-boot-based-microservices_java/cluster_18.java,"This `Course` class serves as a JPA entity for a microservice's domain model, defining course attributes like title, author, and price with Jakarta Bean Validation constraints, and leveraging Spring Data auditing for automatic creation/modification timestamps and optimistic locking.",Domain-driven design,True
https://github.com/HasinthakaPiyumal/AI-Pattern-Mining-Project/tree/main/notebooks/result/ms_repo_callgraph_clusters/sample.plantsbywebsphere_java/cluster_36.java,"This Java class defines a JPA entity bean, `Supplier`, which maps to the `SUPPLIER` database table and represents supplier information with fields like `supplierID`, `name`, and address details. It includes named queries for retrieving all suppliers and for bulk deletion of all supplier records.",Domain-driven design,True
https://github.com/HasinthakaPiyumal/AI-Pattern-Mining-Project/tree/main/notebooks/result/ms_repo_callgraph_clusters/sample.daytrader7_java/cluster_78.java,"This JSF managed bean (`@Named(""tradeconfig"")`) provides a web-based interface for configuring the DayTrader sample application, allowing users to dynamically update runtime parameters like operation modes, user/quote limits, and tracing. It also facilitates administrative tasks such as resetting trade data and building or populating the application's database.",Other,True
https://github.com/HasinthakaPiyumal/AI-Pattern-Mining-Project/tree/main/notebooks/result/ms_repo_callgraph_clusters/sample.daytrader7_java/cluster_56.java,"This code defines a ""Ping"" service for the DayTrader sample application, demonstrating various Java EE patterns. It features a stateful EJB (`PingEJBLocal`) that returns an incrementing hit count, which is then wrapped by a CDI decorator (`PingEJBLocalDecorator`) and potentially intercepted by a CDI interceptor (`PingInterceptor`), alongside a basic data bean (`PingBean`).",Other,True
https://github.com/HasinthakaPiyumal/AI-Pattern-Mining-Project/tree/main/notebooks/result/ms_repo_callgraph_clusters/sample.daytrader7_java/cluster_40.java,"This `TradeConfig` class centralizes all configuration and runtime parameters for the DayTrader sample application, defining operational modes, database settings, and UI types. It also provides a comprehensive suite of static utility methods for generating random trade-related data (users, quotes, prices) and simulating workload scenarios, notably employing a ""card deck"" algorithm for user selection.",Microservices Test,True
https://github.com/HasinthakaPiyumal/AI-Pattern-Mining-Project/tree/main/notebooks/result/ms_repo_callgraph_clusters/Retail-Banking-System_java/cluster_21.java,This code file contains Spring Boot test classes for two distinct microservices within a Retail Banking System: an Authentication-MS and a Transaction-MS. It primarily focuses on validating the application context and overall integration of these backend services.,Service Implementation,True
https://github.com/HasinthakaPiyumal/AI-Pattern-Mining-Project/tree/main/notebooks/result/ms_repo_callgraph_clusters/RepoGenesis_java/cluster_8.java,"This Java code is an ordered integration test suite for a `ChatGatewayApplication`, utilizing Spring Boot Test and RestAssured to perform end-to-end API validation. It systematically simulates user interactions such as registration, login, status updates, private and group messaging, and group management, asserting expected HTTP responses and data structures.",Microservices Test,True
https://github.com/HasinthakaPiyumal/AI-Pattern-Mining-Project/tree/main/notebooks/result/ms_repo_callgraph_clusters/RepoGenesis_java/cluster_2.java,"This collection of Java JUnit 5 integration tests systematically validates the REST APIs of several distinct web applications (built with Spark, Javalin, and Micronaut). Each test suite covers comprehensive CRUD operations and domain-specific functionalities, such as user authentication, dashboard management, task tracking, online judge features, and CI/CD pipeline interactions, primarily using Unirest or RestAssured for HTTP requests.",Microservices Test,True
https://github.com/HasinthakaPiyumal/AI-Pattern-Mining-Project/tree/main/notebooks/result/ms_repo_callgraph_clusters/piggymetrics_java/cluster_7.java,"This code defines the core services for user authentication and financial account management within a microservice architecture. It implements user creation with BCrypt password hashing and Spring Security integration for authentication, alongside RESTful endpoints to create, retrieve, and update user financial accounts (incomes, expenses, savings) persisted in MongoDB.",Microservices Security,True
https://github.com/HasinthakaPiyumal/AI-Pattern-Mining-Project/tree/main/notebooks/result/ms_repo_callgraph_clusters/piggymetrics_java/cluster_28.java,"This `CustomUserInfoTokenServices` class implements Spring Security's `ResourceServerTokenServices` to validate OAuth2 access tokens by fetching user details from a configured user info endpoint. It specifically extends the default behavior by extracting the calling service's `clientId` and `scope` from the user info response, providing richer context for downstream security checks.",Microservices Test,True
https://github.com/HasinthakaPiyumal/AI-Pattern-Mining-Project/tree/main/notebooks/result/ms_repo_callgraph_clusters/piggymetrics_java/cluster_2.java,"This code comprises a collection of Spring Boot integration tests for various `piggymetrics` microservices, each designed to verify that its respective application context loads successfully. The tests primarily use an empty `contextLoads()` method, serving as a basic sanity check for service startup across the microservice architecture.",Microservices Test,True
https://github.com/HasinthakaPiyumal/AI-Pattern-Mining-Project/tree/main/notebooks/result/ms_repo_callgraph_clusters/micronaut-microservices-poc_java/cluster_48.java,"This class defines a singleton `PolicySearchCommandBus`, specializing the generic `MicronautCommandBus` to handle command dispatching specifically within the policy search domain. It serves as an infrastructure adapter, leveraging a `Registry` to manage and execute commands relevant to the policy search service.",Other,True
https://github.com/HasinthakaPiyumal/AI-Pattern-Mining-Project/tree/main/notebooks/result/ms_repo_callgraph_clusters/jpetstore-6_java/cluster_5.java,"This code implements the core catalog, shopping cart, and order management functionalities of the JPetStore application, enabling users to browse products, manage their cart, and complete purchases. It employs a layered architecture utilizing Spring for services, MyBatis for data persistence, and Stripes for the web presentation, with extensive JUnit 5 tests validating functionality.",Service Implementation,True
https://github.com/HasinthakaPiyumal/AI-Pattern-Mining-Project/tree/main/notebooks/result/ms_repo_callgraph_clusters/jpetstore-6_java/cluster_43.java,"This Java file contains Selenide-based automated integration tests for the JPetStore web application. It systematically verifies various user flows, such as user registration, login, product browsing, cart management, and order placement, by simulating browser interactions and asserting UI states.",Microservices Test,True
https://github.com/HasinthakaPiyumal/AI-Pattern-Mining-Project/tree/main/notebooks/result/ms_repo_callgraph_clusters/jpetstore-6_java/cluster_39.java,"This code defines the `Product` and `Category` domain model classes for the JPetStore application, acting as simple data structures to encapsulate entity properties like ID, name, and description. These standard POJOs implement `Serializable` and provide basic getters/setters, notably trimming whitespace from their respective ID fields during assignment.",Domain-driven design,True
https://github.com/HasinthakaPiyumal/AI-Pattern-Mining-Project/tree/main/notebooks/result/ms_repo_callgraph_clusters/jpetstore-6_java/cluster_18.java,"This `CatalogActionBean` is a Stripes web action component for the JPetStore application, responsible for managing the display and search functionality of the product catalog. It retrieves categories, products, and items using a `CatalogService` and forwards to appropriate JSP views, maintaining state across user sessions.",Service Implementation,True
https://github.com/HasinthakaPiyumal/AI-Pattern-Mining-Project/tree/main/notebooks/result/ms_repo_callgraph_clusters/jpetstore-6_java/cluster_16.java,"This code defines the `CatalogActionBean`, a Stripes web controller responsible for managing the display and search functionality of the JPetStore catalog. It handles requests to view categories, products, and individual items, leveraging a `CatalogService` for data retrieval and using Spring for dependency injection, with `Item` being a core domain object representing a product variant.",Service Implementation,True
https://github.com/HasinthakaPiyumal/AI-Pattern-Mining-Project/tree/main/notebooks/result/ms_repo_callgraph_clusters/ita-challenges-backend_java/cluster_30.java,"This file contains integration tests for an `ErrorResponseBuilder` class, verifying its functionality to construct detailed `APIErrorResponse` objects from various Spring Web and validation exceptions. It ensures the builder correctly extracts error details, sets appropriate HTTP statuses, and uses externalized messages from `core-messages.properties` for user-friendly error descriptions.",Microservices Test,True
https://github.com/HasinthakaPiyumal/AI-Pattern-Mining-Project/tree/main/notebooks/result/ms_repo_callgraph_clusters/Hands-on-Microservices-with-Python_python/cluster_1.py,"This Flask code defines frontend routes for user authentication and order processing. It manages user login, session state, and form validation, interacting with `UserClient` and `OrderClient` to authenticate users, retrieve user/order details, and finalize purchases.",Microservices Security,True
https://github.com/HasinthakaPiyumal/AI-Pattern-Mining-Project/tree/main/notebooks/result/ms_repo_callgraph_clusters/ftgo-application_java/cluster_96.java,"This `Identity` class is a Plain Old Java Object (POJO) designed to encapsulate comprehensive identity information, primarily focusing on AWS Cognito details and general request attributes like source IP, user agent, and API key. It serves as a data structure, following the standard JavaBean pattern with private fields and public getters/setters.",Microservices Security,True
https://github.com/HasinthakaPiyumal/AI-Pattern-Mining-Project/tree/main/notebooks/result/ms_repo_callgraph_clusters/ftgo-application_java/cluster_89.java,"This `Identity` class serves as a Plain Old Java Object (POJO) or Data Transfer Object (DTO) to encapsulate various identity-related attributes, primarily those derived from AWS Cognito and API Gateway request contexts, for use within the `ftgo-restaurantservice`. It provides standard getters and setters for details like Cognito IDs, account ID, caller information, and user agent.",Microservices Security,True
https://github.com/HasinthakaPiyumal/AI-Pattern-Mining-Project/tree/main/notebooks/result/ms_repo_callgraph_clusters/ftgo-application_java/cluster_69.java,"This code provides utility classes, `ApiGatewayRequest` and `ApiGatewayResponse`, designed to simplify handling AWS API Gateway proxy requests and responses within a Lambda function. `ApiGatewayResponse` notably uses a builder pattern to construct `APIGatewayProxyResponseEvent` objects, supporting automatic JSON serialization for objects and Base64 encoding for binary response bodies.",Other,True
https://github.com/HasinthakaPiyumal/AI-Pattern-Mining-Project/tree/main/notebooks/result/ms_repo_callgraph_clusters/ftgo-application_java/cluster_58.java,"This Java class, `RequestContext`, functions as a data transfer object (DTO) to encapsulate various attributes of an incoming request, specifically those commonly found in AWS API Gateway or Lambda event contexts. It provides standard getters and setters for accessing details like `accountId`, `resourceId`, `stage`, `requestId`, `httpMethod`, and `apiId`.",Domain-driven design,True
https://github.com/HasinthakaPiyumal/AI-Pattern-Mining-Project/tree/main/notebooks/result/ms_repo_callgraph_clusters/ftgo-application_java/cluster_57.java,"This Java class, `RequestContext`, functions as a data transfer object (DTO) specifically designed to encapsulate various attributes of an AWS API Gateway or Lambda request, such as `accountId`, `resourcePath`, `httpMethod`, and `apiId`. It provides standard getter and setter methods for accessing and modifying this contextual information.",Domain-driven design,True
https://github.com/HasinthakaPiyumal/AI-Pattern-Mining-Project/tree/main/notebooks/result/ms_repo_callgraph_clusters/ftgo-application_java/cluster_47.java,"This Spring `@Configuration` class defines the domain layer for a restaurant service, setting up the `RestaurantService` and its `RestaurantRepository` using Spring Data JPA. It also imports configurations for event publishing and common utilities, suggesting an event-driven microservice architecture.",Service Implementation,True
https://github.com/HasinthakaPiyumal/AI-Pattern-Mining-Project/tree/main/notebooks/result/ms_repo_callgraph_clusters/ftgo-application_java/cluster_28.java,"This code file aggregates various Java components from a microservices application, defining core data models like `Order`, `Delivery`, and `Address`, alongside domain logic for order lifecycle management using event sourcing. It also includes gRPC client/server implementations for order operations, DynamoDB configuration for order history, and utility classes for data mapping and testing, reflecting a Domain-Driven Design approach.",Domain-driven design,True
https://github.com/HasinthakaPiyumal/AI-Pattern-Mining-Project/tree/main/notebooks/result/ms_repo_callgraph_clusters/ftgo-application_java/cluster_150.java,"This Java class, `TramCommandsAndEventsIntegrationData`, provides dynamically generated, timestamp-suffixed string identifiers for various command and event channels, aggregate destinations, and dispatchers. It serves as integration data, likely for configuring a messaging or event-driven framework (e.g., Tram Sagas) within a microservices architecture, possibly for testing or unique instance identification.",EDA,True
https://github.com/HasinthakaPiyumal/AI-Pattern-Mining-Project/tree/main/notebooks/result/ms_repo_callgraph_clusters/ftgo-application_java/cluster_15.java,"This extensive Java codebase implements a microservices-based food delivery application (FTGO), defining domain models, REST/gRPC APIs, and business logic for core services like Order, Restaurant, Kitchen, Delivery, and Consumer. It leverages an event-driven architecture with sagas for inter-service coordination, JPA for transactional persistence, and DynamoDB for a CQRS-based order history read model.",Domain-driven design,True
https://github.com/HasinthakaPiyumal/AI-Pattern-Mining-Project/tree/main/notebooks/result/ms_repo_callgraph_clusters/ftgo-application_java/cluster_139.java,"This `Result` class encapsulates a list of `DomainEvent` objects and a boolean `allowed` status, representing the outcome of an operation. It employs a static nested `Builder` pattern for fluent construction, allowing events to be added and the `allowed` status to be set (notably, both `pending()` and `allowed()` builder methods currently set `allowed` to `false`).",Domain-driven design,True
https://github.com/HasinthakaPiyumal/AI-Pattern-Mining-Project/tree/main/notebooks/result/ms_repo_callgraph_clusters/ftgo-application_java/cluster_135.java,"This Java class, `BeginReviseOrderCommand`, functions as a command object within a saga participant context to initiate the revision of an existing order. It specifically encapsulates the `orderId` and the `OrderRevision` details required to begin the update process.",Saga,True
https://github.com/HasinthakaPiyumal/AI-Pattern-Mining-Project/tree/main/notebooks/result/ms_repo_callgraph_clusters/ftgo-application_java/cluster_113.java,"This Spring configuration establishes the messaging infrastructure for the accounting service, leveraging Eventuate Tram to define and manage event consumers and command handlers. It specifically configures dispatchers for domain events and commands, and integrates with sagas to process replies related to `Account` entities within an event-driven architecture.",EDA,True
https://github.com/HasinthakaPiyumal/AI-Pattern-Mining-Project/tree/main/notebooks/result/ms_repo_callgraph_clusters/DeathStarBench_python/cluster_54.py,"This Python code defines an Apache Thrift client (`Client` class) for a user management service. It implements methods for user registration (with or without a pre-defined ID), login, and retrieving user-related information, utilizing a distinct `send_` and `recv_` pattern for each remote procedure call.",Service Implementation,True
https://github.com/HasinthakaPiyumal/AI-Pattern-Mining-Project/tree/main/notebooks/result/ms_repo_callgraph_clusters/DeathStarBench_python/cluster_23.py,"This Python code defines an Apache Thrift RPC client within the `Client` class, specifically implementing the `ReadPage` operation. It handles sending requests with movie ID and review range parameters to a remote service and synchronously processes the received page data or any service-level exceptions.",Service Implementation,True
https://github.com/HasinthakaPiyumal/AI-Pattern-Mining-Project/tree/main/notebooks/result/ms_repo_callgraph_clusters/DeathStarBench_python/cluster_17.py,"This Python code defines an Apache Thrift client for user management, providing methods for user registration (with or without a pre-assigned ID), user login, and uploading user data by ID or username. It implements a clear send/receive pattern for each remote procedure call, handling message serialization/deserialization and exception handling via Thrift's protocol.",Microservices Security,True
https://github.com/HasinthakaPiyumal/AI-Pattern-Mining-Project/tree/main/notebooks/result/ms_repo_callgraph_clusters/DeathStarBench_python/cluster_11.py,"This Python code defines an Apache Thrift client for a movie information service. It provides methods to remotely write new movie details, read existing movie information, and update movie ratings, handling the underlying RPC message serialization and deserialization.",Service Implementation,True
https://github.com/HasinthakaPiyumal/AI-Pattern-Mining-Project/tree/main/notebooks/result/ms_repo_callgraph_clusters/crypto_crawler_python/cluster_48.py,"This Python snippet defines `get_message_queue`, a function that provides a cached or singleton access point to a message queue. It ensures that a connection is established via `connect_to_message_queue` only once, reusing the existing `MESSAGE_QUEUE` instance for subsequent calls.",EDA,True
https://github.com/HasinthakaPiyumal/AI-Pattern-Mining-Project/tree/main/notebooks/result/ms_repo_callgraph_clusters/crypto_crawler_python/cluster_40.py,"This code defines two nearly identical functions, `check_all_combinations` and `check_all_combinations_list`, which generate all ordered pairs (permutations) from a given list of tickers. For each ticker pair, they apply a provided `predicate` function with a specified `threshold`, accumulating and returning any results where the predicate evaluates as true.",Other,True
https://github.com/HasinthakaPiyumal/AI-Pattern-Mining-Project/tree/main/notebooks/result/ms_repo_callgraph_clusters/acmeair_java/cluster_67.java,"The `StatResult` class serves as a data transfer object for statistical metrics (min, max, average, sum, count). It provides a static utility method, `getStatistics`, which calculates these statistics from a list of `Double` values, notably **excluding the first and last elements** of the input list from its computations.",Other,True
https://github.com/HasinthakaPiyumal/AI-Pattern-Mining-Project/tree/main/notebooks/result/ms_repo_callgraph_clusters/acmeair_java/cluster_60.java,"This `WXSSessionManager` class provides a singleton utility for the AcmeAir application, managing client connections and sessions to an IBM WebSphere eXtreme Scale (WXS) data grid. It dynamically configures WXS client connections by loading settings from JNDI, environment variables (including VCAP_SERVICES), or system properties, and integrates with transaction managers for session management.",Other,True
https://github.com/HasinthakaPiyumal/AI-Pattern-Mining-Project/tree/main/notebooks/result/ms_repo_callgraph_clusters/acmeair_java/cluster_4.java,"This `BookingImpl` class is a serializable entity representing a flight booking in the Acme Air application, specifically designed for WebSphere eXtreme Scale (WXS). It encapsulates booking details, including composite primary keys for the booking and flight, the booking date, and references to associated customer and flight objects, along with standard accessors and equality logic.",Domain-driven design,True
https://github.com/HasinthakaPiyumal/AI-Pattern-Mining-Project/tree/main/notebooks/result/ms_repo_callgraph_clusters/piggymetrics_java/cluster_0.java,"This code defines a Spring Cloud microservices architecture for a ""Piggymetrics"" application, orchestrating multiple services like an API Gateway (Zuul), Eureka Discovery, Config Server, OAuth2 authorization, and Hystrix monitoring. It integrates domain-specific services for account, statistics, and notifications, leveraging Feign clients and custom MongoDB converters.",Other,True
https://github.com/HasinthakaPiyumal/AI-Pattern-Mining-Project/tree/main/notebooks/result/ms_repo_callgraph_clusters/saigonparking_java/cluster_6.java,"This code defines a gRPC microservices framework for ""SaigonParking,"" leveraging server and client interceptors for robust JWT-based authentication, authorization, and secure internal service communication. It also integrates service discovery, MapStruct for enum mapping, and custom SQL functions across various service configurations.",Microservices Security,True
https://github.com/HasinthakaPiyumal/AI-Pattern-Mining-Project/tree/main/notebooks/result/ms_repo_callgraph_clusters/spring-boot-based-microservices_java/cluster_23.java,"This Spring WebFlux composite microservice aggregates course and review details by concurrently calling separate `course-service` and `review-service` endpoints. It exposes a REST API that fetches this combined data, securing inter-service communication using an OAuth2 JWT token.",Service Implementation,True
https://github.com/HasinthakaPiyumal/AI-Pattern-Mining-Project/tree/main/notebooks/result/ms_repo_callgraph_clusters/springboot-kafka-microservices_java/cluster_7.java,"This code defines Spring `@Repository` classes (`OrderRedis`, `ProductRedis`, `PaymentRedis`) for caching and managing `Order`, `Product`, and `Payment` entities in Redis using hash operations with a 1-hour expiration. Additionally, it includes global exception handlers (`GlobalException`, `ValidationExceptionHandler`) that use Spring's `@ControllerAdvice` to provide consistent `ApiResponse` structures for various errors, such as validation failures and resource not found exceptions.",Other,True
https://github.com/HasinthakaPiyumal/AI-Pattern-Mining-Project/tree/main/notebooks/result/ms_repo_callgraph_clusters/spring-boot-based-microservices_java/cluster_0.java,"This Spring Boot microservices application provides RESTful APIs for managing courses and reviews, with a composite service aggregating data from both. It secures all services and the API Gateway using Spring Security's OAuth2 Resource Server with JWTs, extracting roles from claims for fine-grained authorization and leveraging Spring WebFlux for reactive processing.",Microservices Security,True
https://github.com/HasinthakaPiyumal/AI-Pattern-Mining-Project/tree/main/notebooks/result/ms_repo_callgraph_clusters/crypto_crawler_python/cluster_20.py,"This `MessageQueue` class implements a Redis-backed message queue, leveraging Redis lists for storage. It supports both FIFO and LIFO message handling, automatically timestamps general messages, and uses `pickle` for serializing and deserializing specific ""order"" objects.",EDA,True
https://github.com/HasinthakaPiyumal/AI-Pattern-Mining-Project/tree/main/notebooks/result/ms_repo_callgraph_clusters/saigonparking_java/cluster_43.java,"This code defines the main entry points for six distinct Spring Boot microservices (Auth, ParkingLot, User, Booking, Mail, Contact) that collectively form the ""Saigon Parking"" application. Each service is configured for both standalone execution and WAR deployment, consistently utilizing `@SpringBootApplication` and `@EnableScheduling`.",API Gateway,True
https://github.com/HasinthakaPiyumal/AI-Pattern-Mining-Project/tree/main/notebooks/result/ms_repo_callgraph_clusters/DeathStarBench_python/cluster_31.py,"This code defines a comprehensive set of client-side utilities and Dapr-enabled microservices for a distributed application, primarily handling media processing (video scaling, thumbnailing, scene/face/object detection) and social media features (posts, timelines, user interactions, sentiment analysis). It extensively leverages Dapr for state management, pub/sub messaging, and service invocation, integrating `ffmpeg` and `opencv` for media manipulation and employing worker pools with priority queues for asynchronous, performance-monitored processing.",Other,True
https://github.com/HasinthakaPiyumal/AI-Pattern-Mining-Project/tree/main/notebooks/result/ms_repo_callgraph_clusters/piggymetrics_java/cluster_6.java,"This code defines several Spring Boot microservices (Auth, Statistics, Account, Notification) for the Piggymetrics application, managing user authentication, financial statistics, account details, and notification settings. It exposes REST APIs, enforces access control with `@PreAuthorize`, and uses Spring Cloud Feign clients with Hystrix fallbacks for resilient inter-service communication.",Microservices Security,True
https://github.com/HasinthakaPiyumal/AI-Pattern-Mining-Project/tree/main/notebooks/result/ms_repo_callgraph_clusters/ita-challenges-backend_java/cluster_40.java,"This code configures broad Cross-Origin Resource Sharing (CORS) access for multiple Spring Boot services (user, challenge, auth), allowing all origins and HTTP methods. Additionally, it provides a generic `DocumentToDtoConverter` utility that leverages ModelMapper for mapping various challenge-related database documents to their respective DTOs, including custom type mappings and a `LocalDateTime` to `String` converter.",Other,True
https://github.com/HasinthakaPiyumal/AI-Pattern-Mining-Project/tree/main/notebooks/result/ms_repo_callgraph_clusters/ita-challenges-backend_java/cluster_3.java,"This reactive Spring Boot microservice backend manages a coding challenge platform, providing comprehensive functionality for user authentication (GitHub OAuth, JWT), challenge lifecycle (CRUD, filtering, solutions, resources, tags), and user-challenge interactions (bookmarks, favorites). It extensively utilizes Project Reactor for non-blocking operations, caching for performance, and inter-service communication via WebClient.",Microservices Security,True
https://github.com/HasinthakaPiyumal/AI-Pattern-Mining-Project/tree/main/notebooks/result/ms_repo_callgraph_clusters/piggymetrics_java/cluster_26.java,"This code defines domain models for financial statistics, including currency exchange rates and daily account data points, which are persisted in MongoDB. It features client-side logic with a fallback for fetching external exchange rates, demonstrating caching behavior and currency conversion, all thoroughly tested with unit and integration tests.",Domain-driven design,True
https://github.com/HasinthakaPiyumal/AI-Pattern-Mining-Project/tree/main/notebooks/result/ms_repo_callgraph_clusters/Retail-Banking-System_java/cluster_20.java,"This code defines a comprehensive, centralized exception handling framework for a multi-microservice Retail Banking System. It leverages Spring's `@RestControllerAdvice` and `@ExceptionHandler` to consistently manage various custom exceptions (e.g., `MinimumBalanceException`, `AccessDeniedException`) and return structured error responses across services like Account, Authentication, Rules, and Transaction.",Other,True
https://github.com/HasinthakaPiyumal/AI-Pattern-Mining-Project/tree/main/notebooks/result/ms_repo_callgraph_clusters/spring-boot-based-microservices_java/cluster_8.java,"This code implements a set of Spring Boot microservices for managing courses and their associated reviews, including a composite service to fetch combined data. It utilizes Spring WebFlux for reactive programming and secures its REST APIs with OAuth2 JWTs, extracting roles from `realm_access` and `resource_access` claims for fine-grained authorization.",Service Implementation,True
https://github.com/HasinthakaPiyumal/AI-Pattern-Mining-Project/tree/main/notebooks/result/ms_repo_callgraph_clusters/train-ticket_python/cluster_4.py,"This Python code defines a Tornado web handler (`GetVoucherHandler`) that manages travel vouchers. It retrieves voucher details from a local MySQL database or, if a voucher doesn't exist for a given order, fetches order information from external microservices (either `ts-order-service` or `ts-order-other-service` based on order type and environment variables) before persisting and returning the newly created voucher.",Service Implementation,True
https://github.com/HasinthakaPiyumal/AI-Pattern-Mining-Project/tree/main/notebooks/result/ms_repo_callgraph_clusters/ita-challenges-backend_java/cluster_5.java,"This extensive Java Spring WebFlux codebase implements a reactive backend for a challenge platform, managing challenges, user interactions (favorites, bookmarks, solutions), and associated resources. It features robust GitHub OAuth authentication, centralized error handling, and comprehensive testing, leveraging Project Reactor for asynchronous operations and MongoDB for persistence.",Backends for Frontends,True
https://github.com/HasinthakaPiyumal/AI-Pattern-Mining-Project/tree/main/notebooks/result/ms_repo_callgraph_clusters/springboot-kafka-microservices_java/cluster_9.java,"This code defines core security and API gateway components for a microservices application, including custom Spring Security handlers for access denied and unauthorized requests, and Spring Cloud Gateway filters for JWT authentication and role/permission-based authorization. It also integrates Cloudinary for asynchronous image upload and resizing, utilizing a common `ApiResponse` DTO for standardized JSON error responses across services.",Microservices Security,True
https://github.com/HasinthakaPiyumal/AI-Pattern-Mining-Project/tree/main/notebooks/result/ms_repo_callgraph_clusters/springboot-kafka-microservices_java/cluster_20.java,"This code defines Spring components for a microservices application, primarily managing product data with CRUD operations, dynamic searching, and image uploads via Cloudinary, while extensively utilizing Redis for caching product, order, and payment entities. It also includes JWT utilities for token validation and authorization claim extraction, indicating a focus on performance and security within a distributed system.",Service Implementation,True
https://github.com/HasinthakaPiyumal/AI-Pattern-Mining-Project/tree/main/notebooks/result/ms_repo_callgraph_clusters/crypto_crawler_python/cluster_35.py,"This Python file implements a multi-exchange cryptocurrency interaction system, featuring a robust `OrderBook` class for managing and incrementally updating market depth from various exchange formats. It unifies functions for fetching market data, executing trades, and managing API keys across multiple exchanges, employing dispatcher patterns and asynchronous processing, and includes comprehensive unit tests for these functionalities.",Service Implementation,True
https://github.com/HasinthakaPiyumal/AI-Pattern-Mining-Project/tree/main/notebooks/result/ms_repo_callgraph_clusters/micronaut-microservices-poc_java/cluster_50.java,"This collection of Micronaut Java files implements data access and API endpoints for various microservices, managing entities like policies, products, and policy accounts. It prominently features reactive programming with RxJava for asynchronous operations, utilizing both MongoDB and in-memory mock repositories, alongside Micronaut Data JPA for persistence contracts.",Service Implementation,True
https://github.com/HasinthakaPiyumal/AI-Pattern-Mining-Project/tree/main/notebooks/result/ms_repo_callgraph_clusters/train-ticket_java/cluster_1.java,"This code defines a collection of Spring Boot microservices, exemplified by user administration and authentication services, designed for a distributed system. It leverages Spring Cloud for service discovery and client-side load balancing, implements JWT for security, and includes a custom component for distributed tracing.",Microservices Security,True
https://github.com/HasinthakaPiyumal/AI-Pattern-Mining-Project/tree/main/notebooks/result/ms_repo_callgraph_clusters/piggymetrics_java/cluster_24.java,"This file defines two Spring Boot microservices for the Piggymetrics application: `StatisticsApplication` and `NotificationServiceApplication`. Both are configured as OAuth2 clients, integrate with a discovery service, and utilize Feign for inter-service communication, while also providing custom MongoDB converters for their respective domain-specific data types (`DataPointId` and `Frequency`).",Service Implementation,True
https://github.com/HasinthakaPiyumal/AI-Pattern-Mining-Project/tree/main/notebooks/result/ms_repo_callgraph_clusters/saigonparking_java/cluster_3.java,"This code implements a suite of gRPC services for a ""SaigonParking"" system, providing comprehensive functionalities for user authentication, authorization, and the management of parking lots and bookings. It integrates real-time WebSocket communication via RabbitMQ for dynamic updates and utilizes gRPC interceptors for secure, role-based access control across services.",Service Implementation,True
https://github.com/HasinthakaPiyumal/AI-Pattern-Mining-Project/tree/main/notebooks/result/ms_repo_callgraph_clusters/ita-challenges-backend_java/cluster_7.java,"This code represents a microservice ecosystem for an ""ITA Challenges"" platform, handling challenge management, user interactions like solutions and favorites, and GitHub-based authentication. It extensively uses reactive programming with Spring WebFlux, MongoDB for persistence, and features a centralized error handling module alongside aggregated OpenAPI documentation for its various services.",Service Implementation,True
https://github.com/HasinthakaPiyumal/AI-Pattern-Mining-Project/tree/main/notebooks/result/ms_repo_callgraph_clusters/ita-challenges-backend_java/cluster_31.java,"This code primarily implements JWT (JSON Web Token) services for token generation, validation, and claim extraction, alongside multiple distinct global exception handlers and error response builders. These handlers are tailored for different microservices (authentication, user, challenge, and a general error core), demonstrating a modular approach to security and error management within a microservice architecture.",Microservices Security,True
https://github.com/HasinthakaPiyumal/AI-Pattern-Mining-Project/tree/main/notebooks/result/ms_repo_callgraph_clusters/ftgo-application_java/cluster_38.java,"This code configures the FTGO API Gateway, primarily using Spring Cloud Gateway to define routing rules for `/consumers` and `/orders` endpoints to their respective backend microservices. It also establishes a reactive endpoint for fetching specific order details, integrating data from multiple internal services.",API Gateway,True
https://github.com/HasinthakaPiyumal/AI-Pattern-Mining-Project/tree/main/notebooks/result/ms_repo_callgraph_clusters/micronaut-microservices-poc_java/cluster_15.java,"This microservices system manages insurance policies, handling their creation from offers, termination, and pricing, supported by services for authentication, dashboard reporting, payment accounts, and policy search. It employs Command-Query Responsibility Segregation (CQRS) and an event-driven architecture with Kafka for inter-service communication and building dedicated read models.",CQRS,True
https://github.com/HasinthakaPiyumal/AI-Pattern-Mining-Project/tree/main/notebooks/result/ms_repo_callgraph_clusters/spring-boot-based-microservices_java/cluster_7.java,"This file defines a collection of Spring Boot microservices, including an API Gateway, a Course service (connecting to PostgreSQL), a Review service (connecting to MongoDB), and a Course Composite service. It exemplifies a microservices architecture where each service is a standalone Spring Boot application, handling specific domain logic and data persistence.",Service Implementation,True
https://github.com/HasinthakaPiyumal/AI-Pattern-Mining-Project/tree/main/notebooks/result/ms_repo_callgraph_clusters/springboot-kafka-microservices_java/cluster_38.java,"This collection of Spring Boot microservice files implements an e-commerce system, managing orders, products, and payments through an event-driven architecture with Kafka, caching with Redis, and integrating with PayPal and Cloudinary, all secured by Spring Security with JWT for role-based access.",EDA,True
https://github.com/HasinthakaPiyumal/AI-Pattern-Mining-Project/tree/main/notebooks/result/ms_repo_callgraph_clusters/train-ticket_java/cluster_8.java,"This code defines Spring Security configurations for multiple microservices, establishing a consistent security model across them. It primarily implements JWT-based authentication with stateless sessions, BCrypt password encoding, and broad CORS allowances, while defining granular role-based access control for specific API endpoints.",Microservices Security,True
https://github.com/HasinthakaPiyumal/AI-Pattern-Mining-Project/tree/main/notebooks/result/ms_repo_callgraph_clusters/springboot-kafka-microservices_java/cluster_23.java,"This code defines components for a microservices architecture, implementing Feign interceptors to propagate authentication tokens and cookies, and Spring Cloud Gateway filters for JWT-based authentication and role-based access control. It also includes an email service responsible for sending templated order confirmation emails, dynamically fetching product details from another service.",Microservices Security,True
https://github.com/HasinthakaPiyumal/AI-Pattern-Mining-Project/tree/main/notebooks/result/ms_repo_callgraph_clusters/saigonparking_java/cluster_22.java,"These Spring `@Configuration` classes define the core infrastructure for the `auth` and `user` microservices within the `saigonparking` application. They establish common beans like `BCryptPasswordEncoder` and `SaigonParkingClientInterceptor`, while also configuring service-specific components such as authentication for the `auth` service and a gRPC server interceptor with detailed exception mapping for the `user` service.",Microservices Security,True
https://github.com/HasinthakaPiyumal/AI-Pattern-Mining-Project/tree/main/notebooks/result/ms_repo_callgraph_clusters/crypto_crawler_python/cluster_11.py,"This Python file defines data models for cryptocurrency exchange data, specifically `Candle`, `TradeHistory`, `Ticker`, and `OrderBook`, each with class methods to parse data from multiple exchange-specific JSON formats. It also includes HMAC signing functions for API authentication and sophisticated logic for managing and updating order book entries, including sequence ID checks and efficient bid/ask manipulation.",Domain-driven design,True
https://github.com/HasinthakaPiyumal/AI-Pattern-Mining-Project/tree/main/notebooks/result/ms_repo_callgraph_clusters/piggymetrics_java/cluster_4.java,"This code defines the main Spring Boot application entry points for four Piggymetrics microservices: Auth, Statistics, Account, and Notification. These services form a Spring Cloud ecosystem, leveraging service discovery, OAuth2 for security, Feign for inter-service communication, and specific features like circuit breakers and scheduled tasks.",Service Implementation,True
https://github.com/HasinthakaPiyumal/AI-Pattern-Mining-Project/tree/main/notebooks/result/ms_repo_callgraph_clusters/train-ticket_java/cluster_39.java,"This Spring service manages train ticket orders, providing functionalities for creation, retrieval, modification, cancellation, and querying of order details and sold ticket statistics. It uses Spring Data JPA for persistence and `RestTemplate` for inter-service communication, with a notable pattern of two almost identical service implementations (`OrderServiceImpl` and `OrderOtherServiceImpl`) possibly indicating redundancy or a multi-context design.",Service Implementation,True
https://github.com/HasinthakaPiyumal/AI-Pattern-Mining-Project/tree/main/notebooks/result/ms_repo_callgraph_clusters/sample.plantsbywebsphere_java/cluster_55.java,"This Java class, `LoginInfo`, functions as a JSF backing bean designed to store user login credentials and messages for a web page. It utilizes Java Bean Validation annotations to enforce specific format requirements for the email field and length constraints for the password.",Backends for Frontends,True
https://github.com/HasinthakaPiyumal/AI-Pattern-Mining-Project/tree/main/notebooks/result/ms_repo_callgraph_clusters/train-ticket_java/cluster_18.java,"This Spring `@ControllerAdvice` class provides global exception handling, specifically catching `UserOperationException` instances and returning an HTTP 500 (Internal Server Error) status with the exception's message. It centralizes error responses for user-related operational failures across the application.",Other,True
https://github.com/HasinthakaPiyumal/AI-Pattern-Mining-Project/tree/main/notebooks/result/ms_repo_callgraph_clusters/crypto_crawler_python/cluster_15.py,"This `MessageQueue` class implements a Redis-backed message queue, utilizing Redis lists for both FIFO and LIFO operations. It features timestamping for general messages and serialization (pickling) for specific data like orders, with support for blocking retrieval.",EDA,True
https://github.com/HasinthakaPiyumal/AI-Pattern-Mining-Project/tree/main/notebooks/result/ms_repo_callgraph_clusters/ita-challenges-backend_java/cluster_4.java,"This Spring `@Service` acts as a facade within the `itachallenge-auth` module, providing JWT token generation, validation, and claim extraction by delegating all operations to an underlying `IJwtService`. It simplifies access to core JWT functionalities for the authentication service.",Microservices Security,True
https://github.com/HasinthakaPiyumal/AI-Pattern-Mining-Project/tree/main/notebooks/result/ms_repo_callgraph_clusters/train-ticket_java/cluster_11.java,"This code defines Spring Security configurations for multiple microservices, implementing stateless, JWT-based authentication and authorization using a custom `JWTFilter`. It configures a `BCryptPasswordEncoder`, enables broad CORS access, disables CSRF and basic authentication, and sets specific role-based access controls for various service endpoints while allowing public access to API documentation.",Microservices Security,True
https://github.com/HasinthakaPiyumal/AI-Pattern-Mining-Project/tree/main/notebooks/result/ms_repo_callgraph_clusters/train-ticket_java/cluster_2.java,"This code file comprises numerous Spring Boot microservices, each handling distinct functionalities such as user authentication, order management, payment processing, and travel planning. It extensively utilizes Spring Cloud for service discovery and client-side load balancing, exposing RESTful APIs and featuring comprehensive unit tests for each component.",Service Implementation,True
https://github.com/HasinthakaPiyumal/AI-Pattern-Mining-Project/tree/main/notebooks/result/ms_repo_callgraph_clusters/Retail-Banking-System_java/cluster_2.java,"This code implements JWT-based authentication for a Spring Boot application. It provides a `JwtUtil` for generating, validating, and parsing JSON Web Tokens, and a `JwtRequestFilter` that intercepts incoming requests to extract and validate JWTs from the Authorization header, subsequently setting the user's authentication in the Spring Security context.",Microservices Security,True
https://github.com/HasinthakaPiyumal/AI-Pattern-Mining-Project/tree/main/notebooks/result/ms_repo_callgraph_clusters/train-ticket_java/cluster_0.java,"This code defines the main application classes for multiple Spring Boot microservices within the ""train-ticket"" system, such as `AdminUserApplication` and `PaymentApplication`. Each service is consistently configured for service discovery, client-side load-balanced inter-service communication via `RestTemplate`, API documentation with Swagger, AOP, and asynchronous execution.",Service Discovery Pattern,True
https://github.com/HasinthakaPiyumal/AI-Pattern-Mining-Project/tree/main/notebooks/result/ms_repo_callgraph_clusters/ftgo-application_java/cluster_109.java,"This Spring `@Configuration` class defines the core domain beans for an accounting service, specifically providing an `AccountingService` instance and an `AggregateRepository` for `Account` entities. It leverages Eventuate's event-sourcing framework to manage `Account` state and commands.",Service Implementation,True
https://github.com/HasinthakaPiyumal/AI-Pattern-Mining-Project/tree/main/notebooks/result/ms_repo_callgraph_clusters/ita-challenges-backend_java/cluster_20.java,"This code defines various MongoDB document models for a challenge-based platform, encompassing users, challenges, solutions, and user interactions like bookmarks and favorites. It also includes Mongock-driven database migration scripts for schema evolution and initial data population, featuring reactive MongoDB operations and comprehensive rollback mechanisms.",Database with Microservices,True
https://github.com/HasinthakaPiyumal/AI-Pattern-Mining-Project/tree/main/notebooks/result/ms_repo_callgraph_clusters/saigonparking_java/cluster_31.java,"This Spring component defines HTML email templates for Saigon Parking's account activation and password reset functionalities, dynamically embedding the application's domain to construct the respective action links. It exposes these formatted string templates as Spring beans for easy injection and use in mail services.",Other,True
https://github.com/HasinthakaPiyumal/AI-Pattern-Mining-Project/tree/main/notebooks/result/ms_repo_callgraph_clusters/springboot-kafka-microservices_java/cluster_0.java,"This code defines a suite of Spring Boot microservices, encompassing a Eureka service registry, an API Gateway, and various domain-specific services like identity, order, product, payment, and email. It implements a microservices architecture, leveraging Spring Cloud for service discovery and inter-service communication via Feign clients.",Service Implementation,True
https://github.com/HasinthakaPiyumal/AI-Pattern-Mining-Project/tree/main/notebooks/result/ms_repo_callgraph_clusters/springboot-kafka-microservices_java/cluster_8.java,"This Spring Data JPA repository manages `AttributeValue` entities, providing standard CRUD operations and a custom method to retrieve all attribute values associated with a specific `productVariantId`. It leverages Spring Data's query derivation to simplify database interactions for product variant attributes.",Database with Microservices,True
https://github.com/HasinthakaPiyumal/AI-Pattern-Mining-Project/tree/main/notebooks/result/ms_repo_callgraph_clusters/spring-boot-based-microservices_java/cluster_4.java,"This code configures multiple Spring WebFlux microservices as OAuth2 Resource Servers, implementing JWT validation and extracting user roles from `realm_access` and `resource_access` claims for fine-grained authorization. It also includes a `Review` microservice that provides RESTful CRUD operations for reviews, featuring transactional business logic and custom exception handling.",Microservices Security,True
https://github.com/HasinthakaPiyumal/AI-Pattern-Mining-Project/tree/main/notebooks/result/ms_repo_callgraph_clusters/saigonparking_java/cluster_30.java,"This codebase implements core services for managing parking lots and their employees, focusing on CRUD operations, availability checks, and real-time communication. It extensively uses RabbitMQ for inter-service messaging and managing transient client connectivity via auto-delete queues/exchanges, complemented by gRPC for synchronous service interactions.",Service Implementation,True
https://github.com/HasinthakaPiyumal/AI-Pattern-Mining-Project/tree/main/notebooks/result/ms_repo_callgraph_clusters/springboot-kafka-microservices_java/cluster_16.java,"This code implements a Spring Boot product service responsible for managing product data, including CRUD operations, image uploads to Cloudinary, and advanced searching using JPA Specifications. It integrates Redis for caching product information, employing read-through and write-through strategies to optimize data retrieval, and includes comprehensive unit tests for its core functionalities.",Service Implementation,True
https://github.com/HasinthakaPiyumal/AI-Pattern-Mining-Project/tree/main/notebooks/result/ms_repo_callgraph_clusters/saigonparking_java/cluster_42.java,"This code defines a suite of Spring Boot microservices for a parking application, encompassing user authentication, user/parking lot/booking management, and email notifications. It extensively utilizes gRPC for inter-service communication, RabbitMQ for asynchronous messaging and dynamic queue management, AWS S3 for storage, and WebSockets for real-time user connectivity.",Service Implementation,True
https://github.com/HasinthakaPiyumal/AI-Pattern-Mining-Project/tree/main/notebooks/result/ms_repo_callgraph_clusters/train-ticket_java/cluster_4.java,"This extensive collection of Java Spring Boot microservices implements a comprehensive train ticket booking system, managing functionalities like user accounts, train schedules, routes, seat allocation, order processing, payments, rebooking, and cancellations. It heavily utilizes RESTful inter-service communication via `RestTemplate` and `DiscoveryClient`, asynchronous messaging with RabbitMQ for notifications and deliveries, and a clear separation of concerns, often differentiating logic for high-speed (G/D) versus other train types.",Service Implementation,True
https://github.com/HasinthakaPiyumal/AI-Pattern-Mining-Project/tree/main/notebooks/result/ms_repo_callgraph_clusters/ita-challenges-backend_java/cluster_17.java,"This code primarily implements a reactive microservice for managing coding challenges, their solutions, and associated metadata like languages and tags. It provides REST endpoints for challenge CRUD operations, filtering, retrieving related challenges, and integrates user interaction features like favorites and bookmarks, all built using Project Reactor for non-blocking operations and comprehensive testing.",Service Implementation,True
https://github.com/HasinthakaPiyumal/AI-Pattern-Mining-Project/tree/main/notebooks/result/ms_repo_callgraph_clusters/ftgo-application_java/cluster_29.java,"This code defines core Spring Boot configurations for two microservices, a restaurant service and an order service, establishing their main application entry points and web layers. Both services consistently configure a primary `ObjectMapper` bean using `JSonMapper` for standardized JSON serialization, with the order service also enabling always-on distributed tracing.",Service Implementation,True
https://github.com/HasinthakaPiyumal/AI-Pattern-Mining-Project/tree/main/notebooks/result/ms_repo_callgraph_clusters/train-ticket_java/cluster_9.java,"This code defines Spring Security configurations for multiple microservices, establishing a stateless, JWT-based authentication and role-based authorization system. Each service configures a BCrypt password encoder, a permissive CORS policy, and specific access rules for its API endpoints, while allowing public access to Swagger UI.",Microservices Security,True
https://github.com/HasinthakaPiyumal/AI-Pattern-Mining-Project/tree/main/notebooks/result/ms_repo_callgraph_clusters/micronaut-microservices-poc_java/cluster_19.java,"This abstract class implements the Specification design pattern, providing a reusable and composable framework for defining and validating business rules. It allows checking if an object satisfies specific criteria, capturing detailed error information on failure, and combining multiple specifications using logical AND, OR, and NOT operations.",Other,True
https://github.com/HasinthakaPiyumal/AI-Pattern-Mining-Project/tree/main/notebooks/result/ms_repo_callgraph_clusters/train-ticket_java/cluster_33.java,"This Spring Boot application implements a RESTful notification service, exposing endpoints to handle various order lifecycle events such as preservation, creation, changes, and cancellations. It processes these events through a service layer, likely dispatching emails, and includes unit tests that mock email sending to verify its core logic.",EDA,True
https://github.com/HasinthakaPiyumal/AI-Pattern-Mining-Project/tree/main/notebooks/result/ms_repo_callgraph_clusters/ita-challenges-backend_java/cluster_8.java,"This code represents a collection of Spring Boot microservices for a reactive challenge platform, handling challenge management, user interactions like bookmarks and favorites, and solution submissions. It utilizes Spring Data MongoDB, Mongock for database migrations, and features extensive unit and integration testing with a strong emphasis on reactive programming (WebFlux/Reactor).",Service Implementation,True
https://github.com/HasinthakaPiyumal/AI-Pattern-Mining-Project/tree/main/notebooks/result/ms_repo_callgraph_clusters/train-ticket_java/cluster_10.java,"This collection of Spring Security configurations defines the authentication and authorization rules for various microservices, implementing stateless JWT-based security. Each service specifies its own endpoint access permissions, disables CSRF, configures a BCrypt password encoder, and enables broad CORS support.",Microservices Security,True
https://github.com/HasinthakaPiyumal/AI-Pattern-Mining-Project/tree/main/notebooks/result/ms_repo_callgraph_clusters/ita-challenges-backend_java/cluster_21.java,"This Spring `@Service`, `ChallengeJwtFacade`, acts as a facade for JWT operations within the `challenge` service, delegating to an `IJwtService` to extract all claims from a token and retrieve a user's UUID from an authentication header. It simplifies JWT interaction by providing a clear, abstracted interface for these security-related functionalities.",Microservices Security,True
https://github.com/HasinthakaPiyumal/AI-Pattern-Mining-Project/tree/main/notebooks/result/ms_repo_callgraph_clusters/acmeair_java/cluster_12.java,"This code file contains various service implementations for an airline application (Acme Air), managing customer accounts, flight information, and bookings. It demonstrates a pluggable data persistence layer, offering implementations for both Morphia (MongoDB) and IBM WebSphere eXtreme Scale, and includes utilities for initial data loading and performance report generation.",Database with Microservices,True
https://github.com/HasinthakaPiyumal/AI-Pattern-Mining-Project/tree/main/notebooks/result/ms_repo_callgraph_clusters/saigonparking_java/cluster_12.java,"This code implements core microservices for a ""Saigon Parking"" application, providing robust authentication and authorization via gRPC interceptors and JWT, managing parking lot, user, and booking data through JPA custom repositories and MapStruct. It further enables real-time interactions using WebSockets with custom handshake interceptors and asynchronous communication between services via RabbitMQ.",Service Implementation,True
https://github.com/HasinthakaPiyumal/AI-Pattern-Mining-Project/tree/main/notebooks/result/ms_repo_callgraph_clusters/ita-challenges-backend_java/cluster_16.java,"This Spring WebFlux service manages user submissions for programming challenges, providing functionality to retrieve all submissions by a user and to process submission actions. It handles creating new submissions, updating existing ones (with immutability checks for completed submissions), and integrates with a challenge service to update solved counts when a submission is marked as complete.",Service Implementation,True
https://github.com/HasinthakaPiyumal/AI-Pattern-Mining-Project/tree/main/notebooks/result/ms_repo_callgraph_clusters/saigonparking_java/cluster_44.java,"This Java code provides the backend services for a ""Saigon Parking"" application, managing user authentication via JWT, comprehensive CRUD operations for users and parking lots, and the full lifecycle of bookings and ratings. It extensively uses Spring Data JPA with custom queries for optimized data access, integrates gRPC for synchronous inter-service communication, and RabbitMQ for asynchronous event handling.",Backends for Frontends,True
https://github.com/HasinthakaPiyumal/AI-Pattern-Mining-Project/tree/main/notebooks/result/ms_repo_callgraph_clusters/Retail-Banking-System_java/cluster_8.java,"This code defines Spring Data JPA repositories for `Account` and `Statement` entities, enabling data retrieval by customer ID, account ID, or within a date range using custom native queries. Concurrently, it configures Spring Security for JWT-based authentication, establishing authorization rules for specific endpoints, ignoring public paths, and enforcing stateless session management.",Database with Microservices,True
https://github.com/HasinthakaPiyumal/AI-Pattern-Mining-Project/tree/main/notebooks/result/ms_repo_callgraph_clusters/saigonparking_java/cluster_2.java,"This code defines a microservice-based parking management system using Spring Boot, gRPC for inter-service communication, and RabbitMQ for asynchronous messaging. It features a real-time `ContactService` built with WebSockets to handle booking requests, status updates, and notifications, alongside services for authentication, user management, parking lot operations, and email delivery.",EDA,True
https://github.com/HasinthakaPiyumal/AI-Pattern-Mining-Project/tree/main/notebooks/result/ms_repo_callgraph_clusters/sample.plantsbywebsphere_java/cluster_62.java,"This `ShoppingBean` serves as a JSF backing bean for a web-based shopping interface, managing user interactions like adding items to a cart, displaying product details, and listing products by category. It leverages CDI to inject `CatalogMgr` and `ShoppingCartBean` for orchestrating catalog and shopping cart operations within a user's session.",Backends for Frontends,True
https://github.com/HasinthakaPiyumal/AI-Pattern-Mining-Project/tree/main/notebooks/result/ms_repo_callgraph_clusters/sample.daytrader7_java/cluster_15.java,"This code defines data models and JavaServer Faces (JSF) managed beans for the IBM DayTrader sample application, primarily handling user account details, stock holdings, and quotes. It leverages JPA for entity persistence and CDI/JSF for presenting financial data, calculating portfolio gains, and managing user interactions like selling stocks within a web interface.",Backends for Frontends,True
https://github.com/HasinthakaPiyumal/AI-Pattern-Mining-Project/tree/main/notebooks/result/ms_repo_callgraph_clusters/sample.plantsbywebsphere_java/cluster_64.java,"This JSF session-scoped backing bean (`ShoppingBean`) orchestrates the user's shopping experience, managing product browsing, displaying item details, adding products to a shopping cart, and calculating total costs. It utilizes CDI to inject `CatalogMgr` and `ShoppingCartBean` for backend inventory and cart management.",Backends for Frontends,True
https://github.com/HasinthakaPiyumal/AI-Pattern-Mining-Project/tree/main/notebooks/result/ms_repo_callgraph_clusters/Retail-Banking-System_java/cluster_5.java,"This collection of Java files primarily defines a Spring Boot `AccountService` microservice responsible for managing bank accounts, including creation, balance updates, and statement generation, utilizing Feign clients for inter-service communication. Additionally, it contains numerous JUnit tests for various models and service components across related microservices like Transaction, Rules, and Customer services, demonstrating a strong focus on unit testing POJOs and basic business logic.",Service Implementation,True
https://github.com/HasinthakaPiyumal/AI-Pattern-Mining-Project/tree/main/notebooks/result/ms_repo_callgraph_clusters/sample.plantsbywebsphere_java/cluster_52.java,"This JSF `@SessionScoped` backing bean manages user account operations, including login, registration, and profile updates, while also orchestrating the multi-step checkout process by persisting orders via `ShoppingCartBean` and sending confirmation emails through `MailerBean`. It uses `@Inject` to manage dependencies and returns specific string actions for JSF navigation.",Microservices Security,True
https://github.com/HasinthakaPiyumal/AI-Pattern-Mining-Project/tree/main/notebooks/result/ms_repo_callgraph_clusters/sample.plantsbywebsphere_java/cluster_16.java,"This `ShoppingBean` is a JSF `@SessionScoped` managed bean that orchestrates user interactions for an e-commerce application. It handles displaying product listings by category, showing individual product details, adding items to a shopping cart, and managing cart contents and total cost calculations, leveraging injected `CatalogMgr` and `ShoppingCartBean` services.",Service Implementation,True
https://github.com/HasinthakaPiyumal/AI-Pattern-Mining-Project/tree/main/notebooks/result/ms_repo_callgraph_clusters/micronaut-microservices-poc_java/cluster_18.java,"This abstract class implements the Specification design pattern, providing a foundational framework for defining and evaluating business rules against objects. It notably supports combining these rules using logical AND, OR, and NOT operations, and includes mechanisms for structured error reporting upon failure.",Other,True
https://github.com/HasinthakaPiyumal/AI-Pattern-Mining-Project/tree/main/notebooks/result/ms_repo_callgraph_clusters/ftgo-application_java/cluster_26.java,"This code defines `*DomainEventPublisher` classes for various aggregates (Restaurant, Order, Ticket) using the Eventuate Tram framework to publish domain events. It also provides abstract Spring Cloud Contract Verifier test bases (`*MessagingBase`) to simulate and verify the production of these events for consumer-driven contract testing.",Domain-driven design,True
https://github.com/HasinthakaPiyumal/AI-Pattern-Mining-Project/tree/main/notebooks/result/ms_repo_callgraph_clusters/springboot-kafka-microservices_java/cluster_39.java,"This code file contains two distinct Spring services: `PayPalService` and `EmailService`. The `PayPalService` manages interactions with the PayPal sandbox API, handling access token retrieval, fetching order capture IDs, and processing refunds using direct `HttpURLConnection` calls and manual JSON parsing. Concurrently, the `EmailService` dynamically generates and sends HTML order confirmation emails by fetching product details from an external API, loading and populating a template, and utilizing Spring's `JavaMailSender`.",Service Implementation,True
https://github.com/HasinthakaPiyumal/AI-Pattern-Mining-Project/tree/main/notebooks/result/ms_repo_callgraph_clusters/sample.plantsbywebsphere_java/cluster_61.java,"This JSF session-scoped backing bean (`ShoppingBean`) orchestrates the user's shopping experience in a web application, managing product display, adding items to a shopping cart, and calculating costs. It leverages CDI to inject `CatalogMgr` for product catalog access and `ShoppingCartBean` for cart management, handling user actions and preparing data for the UI.",Backends for Frontends,True
https://github.com/HasinthakaPiyumal/AI-Pattern-Mining-Project/tree/main/notebooks/result/ms_repo_callgraph_clusters/micronaut-microservices-poc_java/cluster_20.java,"This abstract `Specification` class implements the Specification pattern, providing a framework for defining reusable business rules that can be checked against an object. It enables logical composition of specifications (AND, OR, NOT) and includes mechanisms to capture specific error codes and parameters when a rule is not satisfied.",Other,True
https://github.com/HasinthakaPiyumal/AI-Pattern-Mining-Project/tree/main/notebooks/result/ms_repo_callgraph_clusters/saigonparking_java/cluster_21.java,"This code defines various custom `javax.validation` implementations for specific data formats (like license plates and UUIDs) and business logic (parking lot capacity, time flow). It also includes JPA entities for a booking system with relationships and custom sorting, and Spring `BeanPostProcessor` implementations for logging bean lifecycle events.",Backends for Frontends,True
https://github.com/HasinthakaPiyumal/AI-Pattern-Mining-Project/tree/main/notebooks/result/ms_repo_callgraph_clusters/sample.plantsbywebsphere_java/cluster_63.java,"This JSF `@SessionScoped` backing bean, `ShoppingBean`, orchestrates user interactions on a shopping web page, handling product catalog browsing, displaying item details, managing the shopping cart (add, recalculate), and calculating total order costs. It leverages CDI to integrate with `CatalogMgr` and `ShoppingCartBean` for core business logic.",Service Implementation,True
https://github.com/HasinthakaPiyumal/AI-Pattern-Mining-Project/tree/main/notebooks/result/ms_repo_callgraph_clusters/acmeair_java/cluster_5.java,"This code defines a JAX-RS RESTful API (`CustomerREST`) for managing customer profiles, enabling retrieval and updates of customer and address details. It utilizes Data Transfer Objects (`CustomerInfo`, `AddressInfo`) for client interaction and includes security validation to ensure users can only access or modify their own data.",Service Implementation,True
https://github.com/HasinthakaPiyumal/AI-Pattern-Mining-Project/tree/main/notebooks/result/ms_repo_callgraph_clusters/spring-boot-based-microservices_java/cluster_3.java,"This code defines Spring WebFlux Security configurations for multiple microservices, enabling OAuth2 resource server capabilities to secure API endpoints. It configures JWT decoding using a JWK Set URI and extracts user roles from both `realm_access` and `resource_access` claims within the JWT to enforce path-based authorization rules and log user roles.",Microservices Security,True
https://github.com/HasinthakaPiyumal/AI-Pattern-Mining-Project/tree/main/notebooks/result/ms_repo_callgraph_clusters/micronaut-microservices-poc_java/cluster_49.java,"This Micronaut application defines basic health check endpoints and a product service DTO assembler, alongside a pricing calculation domain model. It notably implements a customized JWT authentication flow that injects an 'avatar' claim into tokens and login responses, thoroughly validated through comprehensive JUnit 5 tests.",Domain-driven design,True
https://github.com/HasinthakaPiyumal/AI-Pattern-Mining-Project/tree/main/notebooks/result/ms_repo_callgraph_clusters/piggymetrics_java/cluster_21.java,"This collection of Spring Boot service implementations from the Piggymetrics microservices application manages user authentication, account lifecycle, daily financial statistics (including currency conversion), and scheduled email notifications. It showcases a modular architecture with distinct services interacting to provide comprehensive personal finance tracking.",Service Implementation,True
https://github.com/HasinthakaPiyumal/AI-Pattern-Mining-Project/tree/main/notebooks/result/ms_repo_callgraph_clusters/springboot-kafka-microservices_java/cluster_32.java,"This Spring Security configuration establishes a stateless, JWT-based authentication system for an identity service. It integrates a custom JWT filter, defines specific public endpoints for authentication and API documentation, and uses custom handlers for authentication and access errors while securing all other requests.",Microservices Security,True
https://github.com/HasinthakaPiyumal/AI-Pattern-Mining-Project/tree/main/notebooks/result/ms_repo_callgraph_clusters/micronaut-microservices-poc_java/cluster_4.java,This code defines DTOs for various question answer types and implements the core business logic for creating insurance offers and policies. It showcases a microservice interaction pattern where the `CreateOfferHandler` orchestrates price calculation via a `PricingClient` and then persists domain objects like `Offer` and `Policy`.,Service Implementation,True
https://github.com/HasinthakaPiyumal/AI-Pattern-Mining-Project/tree/main/notebooks/result/ms_repo_callgraph_clusters/micronaut-microservices-poc_java/cluster_27.java,"This collection of Java files defines domain models for insurance products, covers, and questions, utilizing BSON annotations for persistence, and includes a utility for generating synthetic policy data. It also features a Micronaut WebSocket chat service and components for a policy search read model, complete with mock repositories and JUnit tests for validation.",Service Implementation,True
https://github.com/HasinthakaPiyumal/AI-Pattern-Mining-Project/tree/main/notebooks/result/ms_repo_callgraph_clusters/train-ticket_java/cluster_116.java,"This extensive Java code file defines core microservices for a train ticket booking system, encompassing user authentication, ticket rebooking, and station management, alongside a custom monitoring framework. It also includes a comprehensive suite of Selenium UI tests to validate various user and administrative functionalities across the application.",Service Implementation,True
https://github.com/HasinthakaPiyumal/AI-Pattern-Mining-Project/tree/main/notebooks/result/ms_repo_callgraph_clusters/ita-challenges-backend_java/cluster_2.java,"This code implements and extensively tests the backend for a reactive microservices-based coding challenge platform, focusing on user authentication via GitHub OAuth and JWTs, user interaction features like favorites and bookmarks, and core challenge management including creation, retrieval, and submission handling. It heavily leverages Project Reactor for non-blocking operations and demonstrates a robust testing strategy with Mockito and Testcontainers for database interactions.",EDA,True
https://github.com/HasinthakaPiyumal/AI-Pattern-Mining-Project/tree/main/notebooks/result/ms_repo_callgraph_clusters/saigonparking_java/cluster_10.java,"This code defines a suite of interconnected microservices for a parking management system, handling user authentication, parking lot management, and booking processes. It extensively uses gRPC for inter-service communication, JPA with custom repository implementations (leveraging Criteria API and JPQL) for data persistence, RabbitMQ for asynchronous messaging, and WebSockets for real-time client interactions.",Service Implementation,True
https://github.com/HasinthakaPiyumal/AI-Pattern-Mining-Project/tree/main/notebooks/result/ms_repo_callgraph_clusters/ita-challenges-backend_java/cluster_36.java,"This Java DTO, `SwitchRoleRequest`, defines the payload for an API request to temporarily switch a user's role. It encapsulates a single `newRole` field, explicitly documented with Swagger annotations to accept only ""ADMIN"" or ""USER"" values.",Microservices Security,True
https://github.com/HasinthakaPiyumal/AI-Pattern-Mining-Project/tree/main/notebooks/result/ms_repo_callgraph_clusters/sample.daytrader7_java/cluster_12.java,"This code defines the JPA entity data model for a stock trading application, encompassing user accounts, profiles, stock quotes, holdings, and orders. It also provides JavaServer Faces (JSF) backing beans to manage user authentication, profile updates, quote retrieval, and trade execution, demonstrating a full-stack enterprise Java web application.",Service Implementation,True
https://github.com/HasinthakaPiyumal/AI-Pattern-Mining-Project/tree/main/notebooks/result/ms_repo_callgraph_clusters/train-ticket_java/cluster_12.java,"This Spring Boot microservice, `ts-wait-order-service`, manages waitlist orders by providing REST endpoints for creation and retrieval. Upon creating a new waitlist order, it spawns a `PollThread` to asynchronously and repeatedly attempt to reserve resources via an external `ts-preserve-service` until successful or a defined wait time expires.",Service Implementation,True
https://github.com/HasinthakaPiyumal/AI-Pattern-Mining-Project/tree/main/notebooks/result/ms_repo_callgraph_clusters/Hands-on-Microservices-with-Python_python/cluster_4.py,"This Python file defines client classes (`ProductClient`, `OrderClient`) for interacting with external `product` and `order` microservices via HTTP requests, managing product data retrieval and authenticated order operations. It also includes basic integration tests to verify the accessibility and status codes of a local Flask API's core endpoints.",Service Implementation,True
https://github.com/HasinthakaPiyumal/AI-Pattern-Mining-Project/tree/main/notebooks/result/ms_repo_callgraph_clusters/jpetstore-6_java/cluster_40.java,"This `Cart` class manages a collection of `CartItem` objects, representing a shopping cart in an e-commerce application. It efficiently handles adding, removing, and updating item quantities, tracks stock status, and calculates the subtotal, utilizing both a synchronized map for quick lookups and a list for ordered iteration.",Domain-driven design,True
https://github.com/HasinthakaPiyumal/AI-Pattern-Mining-Project/tree/main/notebooks/result/ms_repo_callgraph_clusters/springboot-kafka-microservices_java/cluster_37.java,"This code defines core components for a Spring Boot microservices application, primarily featuring an `identity-service`'s `AuthController` for user registration, authentication, and token management. It also includes controllers and services for product, category, and variant management, demonstrating extensive use of Feign clients for declarative inter-service communication across multiple services like `order-service` and `payment-service`.",Microservices Security,True
https://github.com/HasinthakaPiyumal/AI-Pattern-Mining-Project/tree/main/notebooks/result/ms_repo_callgraph_clusters/ftgo-application_java/cluster_37.java,"This code primarily defines and tests the `CreateOrderSaga`, a distributed transaction orchestrator that coordinates order creation across multiple microservices (Consumer, Kitchen, Accounting) using Eventuate Tram. It also includes an API Gateway proxy for the Order Service and integration tests leveraging Spring Cloud Contract for inter-service communication.",Microservices Test,True
https://github.com/HasinthakaPiyumal/AI-Pattern-Mining-Project/tree/main/notebooks/result/ms_repo_callgraph_clusters/piggymetrics_java/cluster_19.java,"This code defines and thoroughly tests core components of the Piggymetrics microservices, encompassing user authentication, account management, financial statistics tracking, and notification settings. It extensively utilizes Spring Boot, Spring Data MongoDB, and Mockito to implement RESTful APIs, persist data, and provide comprehensive unit and integration testing across these distinct service functionalities.",Microservices Test,True
https://github.com/HasinthakaPiyumal/AI-Pattern-Mining-Project/tree/main/notebooks/result/ms_repo_callgraph_clusters/ftgo-application_java/cluster_49.java,"This code defines a Spring REST controller (`AccountsController`) that provides an endpoint to retrieve account details by ID, interacting with an Eventuate `AggregateRepository`. It also includes data models (`RequestContext`, `Identity`) for parsing AWS API Gateway request context, suggesting its deployment within an AWS environment.",Domain-driven design,True
https://github.com/HasinthakaPiyumal/AI-Pattern-Mining-Project/tree/main/notebooks/result/ms_repo_callgraph_clusters/acmeair_java/cluster_6.java,"This codebase manages flight and customer data for an ""Acme Air"" application, featuring a `FlightLoader` to populate flight information from a CSV file. It employs an abstract service layer with concrete implementations (`FlightServiceImpl`, `CustomerServiceImpl`) for different NoSQL persistence backends, specifically MongoDB via Morphia and IBM WebSphere eXtreme Scale.",Domain-driven design,True
https://github.com/HasinthakaPiyumal/AI-Pattern-Mining-Project/tree/main/notebooks/result/ms_repo_callgraph_clusters/spring-petclinic_java/cluster_6.java,"This Java class defines the `Owner` entity for a Spring PetClinic application, extending `Person` to include address, city, and telephone details with validation. It establishes a one-to-many relationship with `Pet` entities, providing methods to manage pets and associate visits with them.",Domain-driven design,True
https://github.com/HasinthakaPiyumal/AI-Pattern-Mining-Project/tree/main/notebooks/result/ms_repo_callgraph_clusters/sample.daytrader7_java/cluster_22.java,"This code provides core functionality for the IBM WebSphere DayTrader sample application, featuring Message-Driven Beans (`DTBroker3MDB`, `DTStreamer3MDB`) that asynchronously process JMS trade orders and market data updates, with some updates streamed to WebSockets. It also defines the application's JPA-based domain model (e.g., Account, Quote, Order) and includes utility classes for configuration, logging, and performance monitoring.",EDA,True
https://github.com/HasinthakaPiyumal/AI-Pattern-Mining-Project/tree/main/notebooks/result/ms_repo_callgraph_clusters/crypto_crawler_python/cluster_23.py,"This file defines a `ProcessDetails` class to encapsulate process command and ID, aiming to derive a `pair_id` from the command string, though its `_parse_cmd` method is currently an unimplemented placeholder. A significant structural issue is present with a duplicate `__init__` function defined globally outside the class.",CQRS,True
https://github.com/HasinthakaPiyumal/AI-Pattern-Mining-Project/tree/main/notebooks/result/ms_repo_callgraph_clusters/spring-petclinic_java/cluster_12.java,"This code defines core domain model entities for a PetClinic application, including the `Owner` class with its associated `Pet`s, utilizing JPA for persistence and validation. It also features a JUnit test (`I18nPropertiesSyncTest`) that rigorously checks for hard-coded strings in HTML/Java files and ensures all internationalization property files are synchronized.",Domain-driven design,True
https://github.com/HasinthakaPiyumal/AI-Pattern-Mining-Project/tree/main/notebooks/result/ms_repo_callgraph_clusters/sample.daytrader7_java/cluster_52.java,"This `AccountDataBean` class is a JPA entity for the DayTrader sample application, representing a user's trading account with attributes like balance, login/logout counts, and creation dates. It establishes relationships with `OrderDataBean`, `HoldingDataBean`, and `AccountProfileDataBean`, and includes business logic for account login/logout operations.",Domain-driven design,True
https://github.com/HasinthakaPiyumal/AI-Pattern-Mining-Project/tree/main/notebooks/result/ms_repo_callgraph_clusters/sample.daytrader7_java/cluster_16.java,"This JavaServer Faces (JSF) managed bean, `TradeAppJSF`, provides core user authentication and profile management functionalities for the DayTrader sample application. It handles user login, registration, profile updates, and logout by interacting with a `TradeAction` service and managing session state.",Microservices Security,True
https://github.com/HasinthakaPiyumal/AI-Pattern-Mining-Project/tree/main/notebooks/result/ms_repo_callgraph_clusters/sample.daytrader7_java/cluster_24.java,"This JSF managed bean (`@Named(""tradeapp"")`) provides core user authentication and profile management functionalities for the DayTrader sample application, handling user login, registration, profile updates, and logout. It delegates business logic to a `TradeAction` service and manages user sessions, including invalidating the HTTP session and performing servlet request logout.",Microservices Security,True
https://github.com/HasinthakaPiyumal/AI-Pattern-Mining-Project/tree/main/notebooks/result/ms_repo_callgraph_clusters/spring-petclinic_java/cluster_25.java,"This code defines several Spring PetClinic components, primarily implementing web controllers for managing owner and vet entities, featuring CRUD operations, paginated search, and both HTML and JSON/XML views. It also includes comprehensive JUnit 5 tests for validating form inputs and formatting data types.",Backends for Frontends,True
https://github.com/HasinthakaPiyumal/AI-Pattern-Mining-Project/tree/main/notebooks/result/ms_repo_callgraph_clusters/sample.daytrader7_java/cluster_3.java,"This code implements the core business logic for the DayTrader sample application, simulating an online stock brokerage by managing user accounts, stock trading, portfolios, and market data. It features a flexible architecture supporting both EJB and direct JDBC implementations, utilizes JMS for asynchronous order processing, and provides a web interface with real-time market updates via WebSockets.",Service Implementation,True
https://github.com/HasinthakaPiyumal/AI-Pattern-Mining-Project/tree/main/notebooks/result/ms_repo_callgraph_clusters/spring-petclinic_java/cluster_4.java,"This Spring Data JPA `@Entity` defines the `Owner` domain object for a PetClinic application, extending `Person` to manage an owner's address, contact information, and a collection of their `Pet` objects, including methods for pet retrieval and visit management. It uses `@OneToMany` with `CascadeType.ALL` for pet association and includes validation annotations for data integrity.",Domain-driven design,True
https://github.com/HasinthakaPiyumal/AI-Pattern-Mining-Project/tree/main/notebooks/result/ms_repo_callgraph_clusters/sample.daytrader7_java/cluster_32.java,"This JSF managed bean (`@Named(""accountdata"")`) serves as a view model for displaying a user's financial account summary in the DayTrader application. It retrieves account details, holdings, and both open and closed orders from a `TradeAction` service, then calculates and exposes financial metrics like total holdings, gain, and gain percentage for presentation in a web UI.",Backends for Frontends,True
https://github.com/HasinthakaPiyumal/AI-Pattern-Mining-Project/tree/main/notebooks/result/ms_repo_callgraph_clusters/sample.daytrader7_java/cluster_53.java,"This Java class, `AccountDataBean`, functions as a JPA entity within the DayTrader sample application, representing a user's trading account. It defines persistent fields such as account balance, login/logout counts, and timestamps, establishes relationships with associated orders, holdings, and an account profile, and encapsulates core business logic for account login and logout operations.",Domain-driven design,True
https://github.com/HasinthakaPiyumal/AI-Pattern-Mining-Project/tree/main/notebooks/result/ms_repo_callgraph_clusters/spring-petclinic_java/cluster_28.java,"This collection of Spring PetClinic files implements a web controller (`PetController`) for managing pet details (add/edit) for owners, incorporating form handling, validation, and persistence. It also defines the `Vet` domain entity, provides unit tests for pet validation and type formatting, and features integration tests for the application's database and web endpoints using Testcontainers.",Domain-driven design,True
https://github.com/HasinthakaPiyumal/AI-Pattern-Mining-Project/tree/main/notebooks/result/ms_repo_callgraph_clusters/RepoGenesis_python/cluster_9.py,"This code provides utilities for detecting Java and Python repository types and automating their deployment testing. It manages external processes to install dependencies, execute `start.sh` scripts, monitor server startup by parsing output, and robustly terminate processes and clean up ports.",Other,True
https://github.com/HasinthakaPiyumal/AI-Pattern-Mining-Project/tree/main/notebooks/result/ms_repo_callgraph_clusters/sample.daytrader7_java/cluster_58.java,"This class serves as a static, thread-safe buffer within the DayTrader application, maintaining a list of the five most recent stock change `javax.jms.Message` objects. It provides methods to add new stock changes (enforcing the 5-item limit) and to serialize these changes into a `javax.json.JsonObject` for WebSocket communication.",Other,True
https://github.com/HasinthakaPiyumal/AI-Pattern-Mining-Project/tree/main/notebooks/result/ms_repo_callgraph_clusters/Retail-Banking-System_java/cluster_22.java,"This code file defines core data input models, `RulesInput` and `AccountInput`, used within a Retail Banking System's Transaction and Rules microservices. It includes associated unit tests for these models and leverages `NotNull` annotations, indicating a focus on robust data validation and testing for transaction and rule processing.",Domain-driven design,True
https://github.com/HasinthakaPiyumal/AI-Pattern-Mining-Project/tree/main/notebooks/result/ms_repo_callgraph_clusters/micronaut-microservices-poc_java/cluster_8.java,"This `CommandHandler` is responsible for creating a new insurance policy by converting an existing offer. It validates the offer's validity, constructs a `Policy` using a `PolicyFactory`, persists it, and then publishes a `PolicyRegisteredEvent` to signal its creation.",Service Implementation,True
https://github.com/HasinthakaPiyumal/AI-Pattern-Mining-Project/tree/main/notebooks/result/ms_repo_callgraph_clusters/sample.daytrader7_java/cluster_0.java,"This code defines the core business logic and data model for the DayTrader stock trading sample application, providing a `TradeAction` facade that orchestrates user operations like buying, selling, and logging in. It supports configurable runtime modes (EJB3 or direct JDBC), leverages JPA entities for data persistence, and includes utilities for application configuration, logging, and database initialization/scenario simulation.",Domain-driven design,True
https://github.com/HasinthakaPiyumal/AI-Pattern-Mining-Project/tree/main/notebooks/result/ms_repo_callgraph_clusters/crypto_crawler_python/cluster_22.py,"This Python code provides a robust framework for real-time cryptocurrency exchange interactions, utilizing WebSocket subscriptions for market data (e.g., Poloniex, Huobi) and extensive Redis integration for caching, priority queues, and message queues. It also includes utilities for precise number handling, calculating and rounding trade volumes according to exchange rules, and detecting currency imbalances to support arbitrage strategies.",Service Implementation,True
https://github.com/HasinthakaPiyumal/AI-Pattern-Mining-Project/tree/main/notebooks/result/ms_repo_callgraph_clusters/micronaut-microservices-poc_java/cluster_2.java,"This code implements a flexible pricing engine where the `Tariff` entity orchestrates price calculations by applying a collection of dynamically evaluated base premium rules and discount/markup rules, defined using string-based formulas. It leverages JPA for persistence and uses factory classes to provide predefined tariff configurations for various product types like travel or house insurance.",Service Implementation,True
https://github.com/HasinthakaPiyumal/AI-Pattern-Mining-Project/tree/main/notebooks/result/ms_repo_callgraph_clusters/sample.daytrader7_java/cluster_25.java,"This code defines the core EJB business logic for the DayTrader sample application, `TradeSLSBBean`, which manages user accounts, executes stock buy/sell orders, and retrieves market data. It leverages JPA for persistence, JMS for asynchronous order processing and market data publishing, and includes supporting JavaBeans and utility classes for financial calculations and application configuration.",Service Implementation,True
https://github.com/HasinthakaPiyumal/AI-Pattern-Mining-Project/tree/main/notebooks/result/ms_repo_callgraph_clusters/RepoGenesis_python/cluster_12.py,"This Python code defines a `test_repository` function that orchestrates the testing of a given repository by first detecting its type (Java or Python). It then dispatches the testing process to a language-specific function (`test_java_repository` or `test_python_repository`), returning the test outcome and the detected repository type.",Microservices Test,True
https://github.com/HasinthakaPiyumal/AI-Pattern-Mining-Project/tree/main/notebooks/result/ms_repo_callgraph_clusters/sample.daytrader7_java/cluster_28.java,"This `RunStatsDataBean` class serves as a serializable data transfer object (DTO) within the DayTrader sample application. It encapsulates and provides access to various runtime statistics, including counts of trade users, stocks, logins, logouts, holdings, and different order types, primarily for monitoring and reporting application activity.",Microservices Observerbility,True
https://github.com/HasinthakaPiyumal/AI-Pattern-Mining-Project/tree/main/notebooks/result/ms_repo_callgraph_clusters/sample.daytrader7_java/cluster_27.java,"This code file defines the core business logic for the DayTrader sample application, implementing trading services like buying, selling, and managing accounts through direct JDBC for persistence and JMS for asynchronous order processing and real-time quote updates. It also includes web components such as servlet filters for UI alerts and login enforcement, a context listener for application initialization, and WebSocket encoders/decoders for real-time client-server communication.",Domain-driven design,True
https://github.com/HasinthakaPiyumal/AI-Pattern-Mining-Project/tree/main/notebooks/result/ms_repo_callgraph_clusters/ftgo-application_java/cluster_27.java,"This Spring `@Configuration` class sets up the `ConsumerService` for a microservice, enabling JPA persistence and transaction management. It specifically integrates with Eventuate Tram to participate in sagas, publish events, and dispatch commands to `ConsumerServiceCommandHandlers`.",Database with Microservices,True
https://github.com/HasinthakaPiyumal/AI-Pattern-Mining-Project/tree/main/notebooks/result/ms_repo_callgraph_clusters/spring-petclinic_java/cluster_29.java,"This Java code defines `BaseEntity`, a JPA `@MappedSuperclass` that provides a common, auto-generated `id` property and an `isNew()` utility method for other domain objects within the Spring PetClinic application. It serves as a foundational class for entities requiring a unique identifier, leveraging `GenerationType.IDENTITY` for database-managed ID generation.",Other,True
https://github.com/HasinthakaPiyumal/AI-Pattern-Mining-Project/tree/main/notebooks/result/ms_repo_callgraph_clusters/micronaut-microservices-poc_java/cluster_17.java,"This codebase configures and integrates a Micronaut application with Elasticsearch, providing a `RestHighLevelClient` for data operations and customizing JSON serialization for date/time types. It also includes reactive wrappers for Elasticsearch interactions and utilities for embedded Elasticsearch integration testing.",Other,True
https://github.com/HasinthakaPiyumal/AI-Pattern-Mining-Project/tree/main/notebooks/result/ms_repo_callgraph_clusters/spring-petclinic_java/cluster_20.java,"This Java code defines a `Visit` entity for a Spring PetClinic application, representing a single visit with a date and description. It leverages Spring Data JPA annotations for persistence (`@Entity`, `@Table`) and validation (`@NotBlank`, `@DateTimeFormat`), extending `BaseEntity` for common properties.",Domain-driven design,True
https://github.com/HasinthakaPiyumal/AI-Pattern-Mining-Project/tree/main/notebooks/result/ms_repo_callgraph_clusters/crypto_crawler_python/cluster_38.py,"This code file serves as an API client for multiple cryptocurrency exchanges (Poloniex, Huobi, Binance, Kraken, Bittrex), providing functions to fetch various market data types like tickers, OHLC charts, order books, and historical trades. It consistently uses helper functions for URL construction, sending requests, and processing JSON responses for each specific exchange and data endpoint.",Other,True
https://github.com/HasinthakaPiyumal/AI-Pattern-Mining-Project/tree/main/notebooks/result/ms_repo_callgraph_clusters/train-ticket_java/cluster_53.java,"This Java class defines `OutsidePaymentInfo`, an entity within an `inside_payment` service, used to encapsulate details of an external payment. It specifically stores the `orderId`, `price`, and `userId` associated with such a transaction, leveraging Lombok's `@Data` annotation to reduce boilerplate code.",Domain-driven design,True
https://github.com/HasinthakaPiyumal/AI-Pattern-Mining-Project/tree/main/notebooks/result/ms_repo_callgraph_clusters/train-ticket_java/cluster_30.java,"This code defines a `Serializable` Java enum `AssuranceType` to represent different types of assurances, currently only ""Traffic Accident Assurance"". It encapsulates an index, name, and price for each assurance type, providing getters and a static utility method to retrieve an assurance type by its index.",Domain-driven design,True
https://github.com/HasinthakaPiyumal/AI-Pattern-Mining-Project/tree/main/notebooks/result/ms_repo_callgraph_clusters/saigonparking_java/cluster_32.java,"This code defines core infrastructure for the SaigonParking application, encompassing RabbitMQ message queue constants and utilities, a JWT authentication service with user ID encryption, and several MapStruct mappers. These mappers facilitate data transformation, including gRPC calls for data enrichment, while a dedicated listener processes user-specific messages from RabbitMQ.",Microservices Security,True
https://github.com/HasinthakaPiyumal/AI-Pattern-Mining-Project/tree/main/notebooks/result/ms_repo_callgraph_clusters/crypto_crawler_python/cluster_3.py,This `prepare_data` function retrieves historical arbitrage order and trade data from a PostgreSQL database within a specified time range. It utilizes a `get_all_orders` helper function to fetch records from the `arbitrage_orders` and `arbitrage_trades` tables.,Database with Microservices,True
https://github.com/HasinthakaPiyumal/AI-Pattern-Mining-Project/tree/main/notebooks/result/ms_repo_callgraph_clusters/saigonparking_java/cluster_15.java,"These Spring `@Configuration` classes define the core setup for various SaigonParking microservices, enabling features like asynchronous processing and transaction management. They consistently configure gRPC client and server interceptors for inter-service communication and centralized exception handling, alongside service-specific beans such as password encoders or QR code writers.",Other,True
https://github.com/HasinthakaPiyumal/AI-Pattern-Mining-Project/tree/main/notebooks/result/ms_repo_callgraph_clusters/train-ticket_python/cluster_1.py,"This Python script automates a multi-stage build and deployment workflow. It first compiles Java projects using Maven, then iteratively builds Docker images from Dockerfiles found in designated paths, pushes them to a container registry, and includes functionality for Docker login using environment variables.",CICD,True
https://github.com/HasinthakaPiyumal/AI-Pattern-Mining-Project/tree/main/notebooks/result/ms_repo_callgraph_clusters/crypto_crawler_python/cluster_27.py,"This Python code implements a cryptocurrency arbitrage system, featuring an `OrderBook` class that efficiently manages real-time bid/ask data from multiple exchanges (e.g., Binance, Kraken) using binary search for updates. It also includes an `ArbitrageListener` to identify trading opportunities, utilities for fetching historical market data, and comprehensive unit tests for API integrations.",Service Implementation,True
https://github.com/HasinthakaPiyumal/AI-Pattern-Mining-Project/tree/main/notebooks/result/ms_repo_callgraph_clusters/sample.plantsbywebsphere_java/cluster_9.java,"This code defines core components for an e-commerce application, including JPA entities for `Customer` and `Inventory` management, and a CDI `MailerBean` responsible for sending transactional email notifications using JavaMail. It also features data transfer objects like `OrderInfo` and `EMailMessage`, which utilize Bean Validation for data integrity.",Domain-driven design,True
https://github.com/HasinthakaPiyumal/AI-Pattern-Mining-Project/tree/main/notebooks/result/ms_repo_callgraph_clusters/ftgo-application_java/cluster_132.java,"This Spring `@Configuration` class sets up the `OrderCommandHandlers` and registers them with a `SagaCommandDispatcher` for the ""orderService"". It integrates with the Eventuate Tram Saga framework to process commands as part of distributed transactions.",Saga,True
https://github.com/HasinthakaPiyumal/AI-Pattern-Mining-Project/tree/main/notebooks/result/ms_repo_callgraph_clusters/micronaut-microservices-poc_java/cluster_16.java,"This code defines a `CreatePolicyHandler` that processes `CreatePolicyCommand`s by validating an existing offer, creating and persisting a new policy, and then publishing a `PolicyRegisteredEvent` to Kafka. This demonstrates a command-handler pattern within a Micronaut microservice, leveraging event-driven architecture for cross-service communication and read model updates in other services like dashboard, payment, and policy search.",EDA,True
https://github.com/HasinthakaPiyumal/AI-Pattern-Mining-Project/tree/main/notebooks/result/ms_repo_callgraph_clusters/micronaut-microservices-poc_java/cluster_14.java,"This Micronaut code primarily provides in-memory mock implementations for various repositories (Offer, Policy, PolicyAccount, PolicyView) using `@Replaces` and `@Requires(env = Environment.TEST)` for testing purposes. It also includes custom JWT claims generation and bearer token rendering, extending Micronaut's security features for specific user types.",Microservices Test,True
https://github.com/HasinthakaPiyumal/AI-Pattern-Mining-Project/tree/main/notebooks/result/ms_repo_callgraph_clusters/micronaut-microservices-poc_java/cluster_43.java,"This Micronaut `ServerWebSocket` implements a real-time chat functionality, managing client connections and broadcasting messages to all participants within a specific chat topic. It leverages Micronaut's WebSocket annotations and a `WebSocketBroadcaster` to facilitate topic-based communication and user join/leave notifications.",EDA,True
https://github.com/HasinthakaPiyumal/AI-Pattern-Mining-Project/tree/main/notebooks/result/ms_repo_callgraph_clusters/spring-petclinic_java/cluster_11.java,"This Spring Boot application programmatically starts a MySQL database using Testcontainers for integration testing the PetClinic application. It leverages the `@ServiceConnection` annotation to automatically configure the application to connect to this dynamically provisioned MySQL container when the ""mysql"" profile is active.",Database with Microservices,True
https://github.com/HasinthakaPiyumal/AI-Pattern-Mining-Project/tree/main/notebooks/result/ms_repo_callgraph_clusters/sample.daytrader7_java/cluster_50.java,"This JSF managed bean (`@Named(""accountdata"")`) serves the DayTrader application by fetching a user's account details, holdings, and order history via a `TradeAction` service. It then calculates financial metrics like gain and gain percentage, preparing all this data for presentation on a web interface.",Service Implementation,True
https://github.com/HasinthakaPiyumal/AI-Pattern-Mining-Project/tree/main/notebooks/result/ms_repo_callgraph_clusters/ftgo-application_java/cluster_36.java,"This Spring Boot configuration file establishes the `ConsumerService` within a microservice architecture, configuring JPA persistence and transaction management. It specifically integrates with Eventuate Tram Sagas to enable distributed transaction participation and command dispatching for the consumer service.",Database with Microservices,True
https://github.com/HasinthakaPiyumal/AI-Pattern-Mining-Project/tree/main/notebooks/result/ms_repo_callgraph_clusters/spring-petclinic_java/cluster_18.java,"This Java class defines the `Visit` entity for the Spring PetClinic application, serving as a JPA entity to persist visit details such as the date and a description to a database table named ""visits"". It leverages JPA annotations for persistence, includes validation for the description, and automatically initializes the visit date to the current date.",Database with Microservices,True
https://github.com/HasinthakaPiyumal/AI-Pattern-Mining-Project/tree/main/notebooks/result/ms_repo_callgraph_clusters/train-ticket_java/cluster_16.java,"This code defines two distinct Java enums, `WaitListOrderStatus` and `OrderStatus`, to represent different states of orders within a train ticket system. Both enums provide integer codes and descriptive names for each status, with `WaitListOrderStatus` notably attempting to resolve status names using the `OrderStatus` enum in its `getNameByCode` utility method.",Domain-driven design,True
https://github.com/HasinthakaPiyumal/AI-Pattern-Mining-Project/tree/main/notebooks/result/ms_repo_callgraph_clusters/spring-petclinic_java/cluster_3.java,"This code defines the core domain model for a Spring Pet Clinic application, encompassing entities like `Owner`, `Pet`, `Visit`, `Vet`, `PetType`, and `Specialty`. It extensively uses JPA annotations (`@Entity`, `@Table`, `@OneToMany`, `@ManyToOne`, `@ManyToMany`) to map these objects to a relational database, establishing relationships and incorporating data validation rules.",Domain-driven design,True
https://github.com/HasinthakaPiyumal/AI-Pattern-Mining-Project/tree/main/notebooks/result/ms_repo_callgraph_clusters/springboot-kafka-microservices_java/cluster_5.java,"This code defines two distinct Java enums, `OrderStatus` and `PaymentStatus`, for an order and payment microservice respectively. It provides type-safe, enumerated states (e.g., PENDING, DELIVERED for orders; SUCCESS, FAILED for payments) each with a human-readable label, leveraging Lombok for brevity.",Domain-driven design,True
https://github.com/HasinthakaPiyumal/AI-Pattern-Mining-Project/tree/main/notebooks/result/ms_repo_callgraph_clusters/sample.daytrader7_java/cluster_62.java,"This `QuoteData` class serves as a data model for representing detailed stock quote information within the DayTrader sample application, specifically for JSF web presentation. It stores financial metrics like price, open, high, low, volume, and gain using `BigDecimal` for precision, and includes methods to calculate and format these values, including HTML-ready strings for web display.",Domain-driven design,True
https://github.com/HasinthakaPiyumal/AI-Pattern-Mining-Project/tree/main/notebooks/result/ms_repo_callgraph_clusters/ftgo-application_java/cluster_22.java,"This code defines API commands and replies for a distributed order creation saga, specifically handling ticket creation, confirmation, and cancellation within a kitchen service context. The `CreateOrderSagaState` class orchestrates the saga by managing order state and generating various inter-service commands for consumer validation, payment authorization, and kitchen operations.",Saga,True
https://github.com/HasinthakaPiyumal/AI-Pattern-Mining-Project/tree/main/notebooks/result/ms_repo_callgraph_clusters/sample.daytrader7_java/cluster_54.java,"This code defines the core JPA entity data model for the IBM WebSphere DayTrader sample application. It comprises `AccountDataBean`, `HoldingDataBean`, `QuoteDataBean`, `AccountProfileDataBean`, and `OrderDataBean` classes, which represent trading accounts, stock holdings, market quotes, user profiles, and trade orders, respectively, with appropriate relational mappings for persistence.",Domain-driven design,True
https://github.com/HasinthakaPiyumal/AI-Pattern-Mining-Project/tree/main/notebooks/result/ms_repo_callgraph_clusters/Retail-Banking-System_java/cluster_13.java,"This code file primarily consists of JUnit 5 test classes that thoroughly validate the getter, setter, and constructor functionality of various model entities like `CustomerEntity`, `CustomerDetailsResponse`, and `Account`. It also includes a `JwtUtil` service responsible for generating, extracting claims from, and validating JSON Web Tokens for authentication.",Microservices Test,True
https://github.com/HasinthakaPiyumal/AI-Pattern-Mining-Project/tree/main/notebooks/result/ms_repo_callgraph_clusters/ftgo-application_java/cluster_35.java,"This code cluster implements an API Gateway using Spring Cloud Gateway and WebFlux, routing requests to backend microservices and aggregating order-related data for complex responses. It also includes core domain logic for order management within an `orderservice` and a CQRS read model for order history persisted in DynamoDB, updated reactively via domain event handlers.",API Gateway,True
https://github.com/HasinthakaPiyumal/AI-Pattern-Mining-Project/tree/main/notebooks/result/ms_repo_callgraph_clusters/piggymetrics_java/cluster_5.java,"This code implements a Spring-scheduled notification service responsible for sending ""backup"" and ""remind"" emails to users. It asynchronously processes recipients, fetching account data from a client service for backup notifications and updating notification statuses, with robust error handling for individual recipient failures.",EDA,True
https://github.com/HasinthakaPiyumal/AI-Pattern-Mining-Project/tree/main/notebooks/result/ms_repo_callgraph_clusters/sample.plantsbywebsphere_java/cluster_15.java,"This code implements a core e-commerce shopping cart and order processing system, enabling users to manage items, calculate totals, and create orders. It leverages Java EE technologies like CDI for session management and JPA for transactional persistence of inventory, orders, and backorders.",Service Implementation,True
https://github.com/HasinthakaPiyumal/AI-Pattern-Mining-Project/tree/main/notebooks/result/ms_repo_callgraph_clusters/micronaut-microservices-poc_java/cluster_11.java,"This code implements an Elasticsearch-backed data access layer for a Micronaut application, handling policy persistence and complex sales analytics queries through aggregations and filters. It utilizes a `QueryAdapter` pattern for structured query building and includes infrastructure for data seeding and integration testing with an embedded Elasticsearch instance.",Database with Microservices,True
https://github.com/HasinthakaPiyumal/AI-Pattern-Mining-Project/tree/main/notebooks/result/ms_repo_callgraph_clusters/train-ticket_java/cluster_26.java,"This code defines several Java enums (e.g., `DocumentType`, `Gender`, `SeatClass`) that map integer codes to descriptive string names, providing a utility method to retrieve names by their corresponding codes. A notable pattern is the consistent structure across all enums and their duplication in different service packages, suggesting a common entity definition strategy within a microservice environment.",Other,True
https://github.com/HasinthakaPiyumal/AI-Pattern-Mining-Project/tree/main/notebooks/result/ms_repo_callgraph_clusters/crypto_crawler_python/cluster_45.py,"This code defines `get_priority_queue`, a function that implements lazy initialization to retrieve a priority queue instance. It efficiently reuses an existing `PRIORITY_QUEUE` connection if already established, otherwise it calls `connect_to_priority_queue` to create a new one.",Other,True
https://github.com/HasinthakaPiyumal/AI-Pattern-Mining-Project/tree/main/notebooks/result/ms_repo_callgraph_clusters/crypto_crawler_python/cluster_16.py,"This Python file implements core logic for an automated cryptocurrency trading system, managing exchange balances, detecting arbitrage opportunities by comparing order books, and robustly processing expired orders by canceling, re-evaluating, and re-placing them. It heavily leverages a caching mechanism to minimize API calls and utilizes message queues for efficient, asynchronous operation.",Service Implementation,True
https://github.com/HasinthakaPiyumal/AI-Pattern-Mining-Project/tree/main/notebooks/result/ms_repo_callgraph_clusters/RepoGenesis_python/cluster_0.py,"This Python script orchestrates the automated generation of software projects by integrating various AI code generation agents (MetaGPT, DeepCode, Qwen-Agent, MS-Agent). It processes project requirements from READMEs and dependency files, manages Git repository state for generated code, sets up isolated environments, and includes utilities for testing and evaluating the functional completeness and API coverage of the synthesized projects.",Service Implementation,True
https://github.com/HasinthakaPiyumal/AI-Pattern-Mining-Project/tree/main/notebooks/result/ms_repo_callgraph_clusters/saigonparking_java/cluster_5.java,"This Spring `@Configuration` class for the `contact` service initializes core infrastructure components, including gRPC client and global server interceptors with standardized exception mapping, AMQP message conversion, and WebSocket support. It centralizes the setup for asynchronous operations, transaction management, and custom authentication, along with providing a QR code writer.",EDA,True
https://github.com/HasinthakaPiyumal/AI-Pattern-Mining-Project/tree/main/notebooks/result/ms_repo_callgraph_clusters/sample.daytrader7_java/cluster_65.java,"This `QuoteData` class serves as a data model for representing and managing stock quote information within the DayTrader JSF web application, utilizing `BigDecimal` for precise financial calculations. It stores various metrics like price, open, high, and low, and provides methods to compute and format these values, including generating HTML strings with color-coded changes and directional arrows for web display.",Domain-driven design,True
https://github.com/HasinthakaPiyumal/AI-Pattern-Mining-Project/tree/main/notebooks/result/ms_repo_callgraph_clusters/crypto_crawler_python/cluster_10.py,"This code defines a `MemoryCache` class that wraps Redis operations to provide specialized caching for application data. It manages atomic counters (nonce, arbitrage IDs), stores and retrieves pickled exchange balances, and caches order book data, leveraging Redis for fast, persistent storage and atomic operations.",Other,True
https://github.com/HasinthakaPiyumal/AI-Pattern-Mining-Project/tree/main/notebooks/result/ms_repo_callgraph_clusters/crypto_crawler_python/cluster_42.py,"This code defines classes (`SubscriptionPoloniex`, `SubscriptionHuobi`) for establishing and maintaining real-time WebSocket connections to cryptocurrency exchanges like Poloniex and Huobi. It subscribes to specific currency pair order book updates, manages heartbeats, parses incoming market data, and dispatches processed updates to a provided callback function, likely for arbitrage or trading applications.",EDA,True
https://github.com/HasinthakaPiyumal/AI-Pattern-Mining-Project/tree/main/notebooks/result/ms_repo_callgraph_clusters/micronaut-microservices-poc_java/cluster_46.java,"This `ElasticClientAdapter` provides a reactive interface for interacting with an Elasticsearch cluster, enabling asynchronous indexing and searching of documents. It leverages the Elasticsearch `RestHighLevelClient` and RxJava's `Maybe` to wrap its asynchronous operations, handling success and failure callbacks.",Other,True
https://github.com/HasinthakaPiyumal/AI-Pattern-Mining-Project/tree/main/notebooks/result/ms_repo_callgraph_clusters/crypto_crawler_python/cluster_14.py,"This code implements a cryptocurrency arbitrage listener that continuously monitors and synchronizes order books from two exchanges to identify trading opportunities. It extensively uses Redis for inter-process communication, caching, and managing order queues, alongside comprehensive mapping functions for currency and trading pair conversions across multiple exchange APIs like Poloniex, Huobi, Binance, Kraken, and Bittrex.",Service Implementation,True
https://github.com/HasinthakaPiyumal/AI-Pattern-Mining-Project/tree/main/notebooks/result/ms_repo_callgraph_clusters/sample.daytrader7_java/cluster_14.java,"This JSF managed bean, `QuoteJSF`, serves as a controller for displaying stock quotes and initiating buy orders within the DayTrader sample application. It fetches quote data from a `TradeAction` EJB based on user-defined or default symbols, persisting symbol preferences in the HTTP session, and processes buy requests for selected stocks.",Backends for Frontends,True
https://github.com/HasinthakaPiyumal/AI-Pattern-Mining-Project/tree/main/notebooks/result/ms_repo_callgraph_clusters/crypto_crawler_python/cluster_36.py,"This Python file functions as an API client for multiple cryptocurrency exchanges (Poloniex, Huobi, Binance, Kraken, Bittrex), providing methods for account management, market data retrieval, and trade execution. It features robust logging, secure API request generation with signing and nonces, a Redis-based message queue, and includes specific logic for identifying arbitrage opportunities by comparing bid/ask prices across exchanges.",Other,True
https://github.com/HasinthakaPiyumal/AI-Pattern-Mining-Project/tree/main/notebooks/result/ms_repo_callgraph_clusters/sample.plantsbywebsphere_java/cluster_0.java,"This collection of Java EE beans implements the core business logic for an e-commerce application, ""PlantsByWebSphere,"" managing customer accounts, product catalog, shopping cart, order processing, back orders, supplier information, and email notifications. It extensively uses CDI and JPA for data persistence and transaction management, alongside an administrative utility for database initialization and reset.",Service Implementation,True
https://github.com/HasinthakaPiyumal/AI-Pattern-Mining-Project/tree/main/notebooks/result/ms_repo_callgraph_clusters/DeathStarBench_python/cluster_32.py,"This Python script uses `asyncio` and `aiohttp` to concurrently upload various data types, including movie/cast information, user registrations, follows, and composed posts, to an external service. It processes data in batches with controlled concurrency and includes utility functions for generating numerical latency buckets.",Service Implementation,True
https://github.com/HasinthakaPiyumal/AI-Pattern-Mining-Project/tree/main/notebooks/result/ms_repo_callgraph_clusters/sample.plantsbywebsphere_java/cluster_4.java,"This code file contains multiple Java classes forming core components of the ""PlantsByWebSphere"" sample application, a Java EE web store. It primarily manages product catalog data, customer accounts, and order processing, leveraging JPA for persistence, Servlets for request handling, and JSF for UI backing, alongside utility functions for input validation and debugging.",Service Implementation,True
https://github.com/HasinthakaPiyumal/AI-Pattern-Mining-Project/tree/main/notebooks/result/ms_repo_callgraph_clusters/sample.plantsbywebsphere_java/cluster_13.java,"This code defines a `ShoppingCartBean` that manages a user's shopping cart, allowing items to be added, removed, and their total cost calculated. It acts as a transactional facade, using JPA (`EntityManager`) to persist orders, update inventory levels, and create backorders, with the `Order` entity providing a comprehensive structure for storing customer purchase details.",Service Implementation,True
https://github.com/HasinthakaPiyumal/AI-Pattern-Mining-Project/tree/main/notebooks/result/ms_repo_callgraph_clusters/sample.daytrader7_java/cluster_93.java,"This code defines two JavaServer Faces (JSF) managed beans, `PortfolioJSF` and `AccountDataJSF`, for the DayTrader sample application. `PortfolioJSF` manages and displays a user's stock holdings, calculating portfolio value and enabling sell actions, while `AccountDataJSF` provides a comprehensive view of a user's account details, including balances, login history, and order history, by interacting with a `TradeAction` service.",Backends for Frontends,True
https://github.com/HasinthakaPiyumal/AI-Pattern-Mining-Project/tree/main/notebooks/result/ms_repo_callgraph_clusters/spring-petclinic_java/cluster_0.java,"This code serves as the main entry point for the Spring PetClinic application, bootstrapping it using Spring Boot's `SpringApplication.run` method. It leverages `@SpringBootApplication` for auto-configuration and `@ImportRuntimeHints` to provide necessary runtime hints, likely for GraalVM native image compilation.",Other,True
https://github.com/HasinthakaPiyumal/AI-Pattern-Mining-Project/tree/main/notebooks/result/ms_repo_callgraph_clusters/piggymetrics_java/cluster_12.java,"This code defines the core domain models for the Piggymetrics microservices application, including entities for user authentication, financial accounts, income/expense items, savings, exchange rates, and notification recipients. It leverages Spring Data MongoDB for persistence, Spring Security for user details, and JSR-303 validation for data integrity across its various services.",Domain-driven design,True
https://github.com/HasinthakaPiyumal/AI-Pattern-Mining-Project/tree/main/notebooks/result/ms_repo_callgraph_clusters/RepoGenesis_python/cluster_10.py,"This code defines two pytest fixtures (`test_user` and `test_user_2`) that create and persist distinct test user accounts in a database. Each fixture hashes the user's password, generates an access token, and returns the user object along with authentication headers, primarily for setting up authenticated contexts in API or integration tests.",Microservices Security,True
https://github.com/HasinthakaPiyumal/AI-Pattern-Mining-Project/tree/main/notebooks/result/ms_repo_callgraph_clusters/micronaut-microservices-poc_java/cluster_28.java,"This code comprises a suite of JUnit 5 tests for the `PolicyElasticRepository`, validating its ability to query and aggregate policy sales data from an embedded Elasticsearch instance. It specifically tests methods for calculating total sales, agent-specific sales, and sales trends over time, with various filtering and aggregation options.",Microservices Test,True
https://github.com/HasinthakaPiyumal/AI-Pattern-Mining-Project/tree/main/notebooks/result/ms_repo_callgraph_clusters/sample.plantsbywebsphere_java/cluster_54.java,"This `AccountBean` is a JSF session-scoped backing bean that manages user account operations, including login, registration, and profile updates, within an e-commerce application. It orchestrates the multi-step checkout process by interacting with customer management, shopping cart, and mailer services to persist orders and send confirmations.",Microservices Security,True
https://github.com/HasinthakaPiyumal/AI-Pattern-Mining-Project/tree/main/notebooks/result/ms_repo_callgraph_clusters/spring-petclinic_java/cluster_27.java,"This collection of Spring PetClinic application files implements core features, specifically managing `PetType` data persistence via Spring Data JPA and handling owner pet creation/updates through a Spring MVC controller. It is extensively tested with Spring Boot integration tests leveraging Testcontainers for PostgreSQL and MySQL, alongside Mockito-based unit tests for components like formatters and error handling.",Database with Microservices,True
https://github.com/HasinthakaPiyumal/AI-Pattern-Mining-Project/tree/main/notebooks/result/ms_repo_callgraph_clusters/train-ticket_java/cluster_42.java,"These Java classes (`QueryInfo` and `OrderInfo`) function as data transfer objects for defining flexible search criteria, allowing queries to be dynamically filtered by login ID, travel dates, purchase dates, and an order state. They employ boolean flags and dedicated `enable/disable` methods for each criterion, facilitating the construction of complex search parameters, with Lombok's `@Data` annotation simplifying boilerplate code.",Domain-driven design,True
https://github.com/HasinthakaPiyumal/AI-Pattern-Mining-Project/tree/main/notebooks/result/ms_repo_callgraph_clusters/Chatbot_python/cluster_1.py,"This Streamlit application provides a user interface for managing and interacting with multiple chatbot collections. It allows users to select a collection, view its chat history fetched from a backend service, and engage in new conversations, while also including a utility for splitting raw text into structured documents for ingestion.",Microservices UI,True
https://github.com/HasinthakaPiyumal/AI-Pattern-Mining-Project/tree/main/notebooks/result/ms_repo_callgraph_clusters/ita-challenges-backend_java/cluster_45.java,"This `SubmissionMapper` class provides a static utility method `toDto` to convert a `SubmissionDocument` into a `SubmissionDto`. It specifically maps UUIDs to string representations and an enum status to its name, utilizing a builder pattern for DTO construction to facilitate data transfer.",Other,True
https://github.com/HasinthakaPiyumal/AI-Pattern-Mining-Project/tree/main/notebooks/result/ms_repo_callgraph_clusters/micronaut-microservices-poc_java/cluster_33.java,"This Micronaut scheduled job, running every 8 hours, imports bank statements by delegating to `InPaymentRegistrationService` to register incoming payments from a configured directory for the current date. It leverages Micronaut's `@Scheduled` annotation for recurring execution and dependency injection for its configuration and service.",Service Implementation,True
https://github.com/HasinthakaPiyumal/AI-Pattern-Mining-Project/tree/main/notebooks/result/ms_repo_callgraph_clusters/saigonparking_java/cluster_8.java,"This Spring component configures RabbitMQ messaging for the 'contact' service, defining a `TopicExchange` and a `DirectMessageListenerContainer` that automatically acknowledges messages and processes them using a dedicated `SaigonParkingQueueMessageListener`.",EDA,True
https://github.com/HasinthakaPiyumal/AI-Pattern-Mining-Project/tree/main/notebooks/result/ms_repo_callgraph_clusters/acmeair_java/cluster_10.java,"This code defines two JAX-RS `Application` configurations for the AcmeAir web application, registering distinct sets of REST endpoints. `AppConfig` exposes `/rest/info` for configuration and loader services, while `AcmeAirApp` exposes `/rest/api` for core business functionalities like bookings, customers, flights, and login.",Other,True
https://github.com/HasinthakaPiyumal/AI-Pattern-Mining-Project/tree/main/notebooks/result/ms_repo_callgraph_clusters/saigonparking_java/cluster_7.java,"This Spring component configures RabbitMQ for the contact service, defining a `TopicExchange` and a `DirectMessageListenerContainer` that automatically acknowledges messages and processes them using a `SaigonParkingQueueMessageListener`. It sets up the infrastructure for asynchronous message consumption within the application.",EDA,True
https://github.com/HasinthakaPiyumal/AI-Pattern-Mining-Project/tree/main/notebooks/result/ms_repo_callgraph_clusters/train-ticket_java/cluster_45.java,"This code defines two nearly identical data classes, `QueryInfo` and `OrderInfo`, which serve as flexible query parameter objects. They encapsulate various filtering criteria like login ID, travel dates, bought dates, and order state, providing methods to dynamically enable or disable specific query conditions.",Domain-driven design,True
https://github.com/HasinthakaPiyumal/AI-Pattern-Mining-Project/tree/main/notebooks/result/ms_repo_callgraph_clusters/crypto_crawler_python/cluster_44.py,"This code defines a function `connect_to_priority_queue` that initializes and returns a `PriorityQueue` object, connecting to a specified host and port (likely a caching service). It stores this instance in a global variable `PRIORITY_QUEUE`, suggesting it's intended to be a shared, singleton-like connection for managing prioritized tasks or data.",Other,True
https://github.com/HasinthakaPiyumal/AI-Pattern-Mining-Project/tree/main/notebooks/result/ms_repo_callgraph_clusters/ftgo-application_java/cluster_120.java,"This code primarily defines a simple `ActionInfo` DTO and, more significantly, provides comprehensive Spring Boot integration tests for an `OrderService`. These tests validate order creation and state transitions within a microservices context, leveraging an embedded H2 database, Eventuate Tram for event-driven communication, and consumer-driven contract testing with stub runners for external service interactions.",Microservices Test,True
https://github.com/HasinthakaPiyumal/AI-Pattern-Mining-Project/tree/main/notebooks/result/ms_repo_callgraph_clusters/saigonparking_java/cluster_28.java,"This code defines a system for managing parking lot images, primarily storing them in and retrieving them from Amazon S3 cloud storage. It provides services to interact with S3, an `ImageUtil` for encoding/decoding image data using Google Protobuf's `ByteString` for gRPC communication, and a MapStruct mapper to facilitate image retrieval and encoding for specific parking lot IDs.",Domain-driven design,True
https://github.com/HasinthakaPiyumal/AI-Pattern-Mining-Project/tree/main/notebooks/result/ms_repo_callgraph_clusters/spring-petclinic_java/cluster_7.java,"This Java class defines the `Owner` domain entity for a pet clinic application, extending `Person` to store owner details like address, city, and telephone, along with a managed collection of `Pet` objects. It functions as a JPA entity with data validation, providing methods to retrieve specific pets or add visits to them.",Domain-driven design,True
https://github.com/HasinthakaPiyumal/AI-Pattern-Mining-Project/tree/main/notebooks/result/ms_repo_callgraph_clusters/sample.plantsbywebsphere_java/cluster_6.java,"This code defines a suite of Java EE beans and JPA entities for an e-commerce sample application, ""Plants By WebSphere,"" providing transactional facades for managing the product catalog, customer accounts, shopping carts, order processing, and inventory back orders. It heavily utilizes JPA with `EntityManager` for data persistence and CDI annotations for component lifecycle, transaction management, and security.",Transaction,True
https://github.com/HasinthakaPiyumal/AI-Pattern-Mining-Project/tree/main/notebooks/result/ms_repo_callgraph_clusters/micronaut-microservices-poc_java/cluster_39.java,"This code defines core domain value objects for precise financial and quantity calculations (`MonetaryAmount`, `Quantity`, `Percent`) using `BigDecimal` and JPA `@Embeddable` annotations. It also implements a flexible, rule-based pricing engine that leverages MVEL expressions for dynamic evaluation of discount/markup rules and base premium calculations, alongside JPA entities for managing various policy-related accounting entries.",Domain-driven design,True
https://github.com/HasinthakaPiyumal/AI-Pattern-Mining-Project/tree/main/notebooks/result/ms_repo_callgraph_clusters/micronaut-microservices-poc_java/cluster_36.java,"This Micronaut payment service includes a scheduled job that periodically imports daily bank statements from specifically formatted CSV files. It parses these files, registers incoming payments against corresponding policy accounts, and marks them as processed by renaming, with initial demo account data loaded on application startup.",Domain-driven design,True
https://github.com/HasinthakaPiyumal/AI-Pattern-Mining-Project/tree/main/notebooks/result/ms_repo_callgraph_clusters/train-ticket_java/cluster_32.java,"This Java class defines a `Span` object, a data structure commonly used in distributed tracing to represent a single operation or unit of work. It encapsulates identifiers (traceId, spanId, parentId), a name, and manages lists of child span IDs and associated key-value log entries.",Microservices Observerbility,True
https://github.com/HasinthakaPiyumal/AI-Pattern-Mining-Project/tree/main/notebooks/result/ms_repo_callgraph_clusters/spring-petclinic_java/cluster_5.java,"This code defines the core domain model for a Spring PetClinic application, including `Owner`, `Pet`, `Person`, and `BaseEntity` using Spring Data JPA for persistence and validation. It also features comprehensive Spring Boot integration and web layer tests for managing owners and vets, alongside a Spring MVC configuration for internationalization.",Domain-driven design,True
https://github.com/HasinthakaPiyumal/AI-Pattern-Mining-Project/tree/main/notebooks/result/ms_repo_callgraph_clusters/ftgo-application_java/cluster_107.java,"This Java class, `PersonName`, is a simple value object designed to encapsulate a person's first and last name. It provides a constructor for initialization and public getters for access, with a private no-argument constructor likely for serialization frameworks.",Domain-driven design,True
https://github.com/HasinthakaPiyumal/AI-Pattern-Mining-Project/tree/main/notebooks/result/ms_repo_callgraph_clusters/sample.plantsbywebsphere_java/cluster_53.java,"This JSF `@SessionScoped` backing bean, `AccountBean`, manages user account functionalities including login, registration, and profile updates. It also orchestrates the complete checkout process, handling order creation, shipping details, and sending order confirmation emails by interacting with customer, mailer, and shopping cart services.",Microservice Scaling,True
https://github.com/HasinthakaPiyumal/AI-Pattern-Mining-Project/tree/main/notebooks/result/ms_repo_callgraph_clusters/ftgo-application_java/cluster_30.java,"This code defines a suite of Spring Boot microservices for an `ftgo` application, including an API Gateway, Restaurant, Accounting, Order, and other core services, all leveraging Eventuate Tram for transactional messaging. It notably includes an AWS Lambda integration pattern for the Restaurant service, demonstrating how to initialize and manage Spring application contexts within Lambda request handlers for serverless deployments.",Transaction,True
https://github.com/HasinthakaPiyumal/AI-Pattern-Mining-Project/tree/main/notebooks/result/ms_repo_callgraph_clusters/micronaut-microservices-poc_java/cluster_1.java,"This collection of Java code defines core domain value objects like `MonetaryAmount` and `DateRange` for a financial/policy system. Its primary functionality is a dashboard service that queries and aggregates policy sales data from Elasticsearch, providing total sales, sales trends, and agent-specific sales through dedicated query adapters and handlers.",Domain-driven design,True
https://github.com/HasinthakaPiyumal/AI-Pattern-Mining-Project/tree/main/notebooks/result/ms_repo_callgraph_clusters/sample.daytrader7_java/cluster_9.java,"This code defines multiple Java EE WebSocket endpoints for the DayTrader sample application, showcasing different messaging types (JSON, text, binary) and communication patterns. The `MarketSummaryWebSocket` specifically provides real-time market summary data, responding to client ""update"" requests and proactively pushing stock price changes received from JMS messages via CDI events using a scheduled executor.",EDA,True
https://github.com/HasinthakaPiyumal/AI-Pattern-Mining-Project/tree/main/notebooks/result/ms_repo_callgraph_clusters/micronaut-microservices-poc_java/cluster_44.java,"This code implements a custom Micronaut Security authentication provider for ""Insurance Agents."" It authenticates users by retrieving agent details from a `JdbcRepository` based on login, verifying the password, and then returning an `InsuranceAgentDetails` object containing the agent's login, avatar, and available product codes upon successful authentication.",Microservices Security,True
https://github.com/HasinthakaPiyumal/AI-Pattern-Mining-Project/tree/main/notebooks/result/ms_repo_callgraph_clusters/saigonparking_java/cluster_29.java,"This code file defines two distinct Spring `@Configuration` classes for the `booking` and `contact` microservices of the Saigon Parking application. These configurations establish core infrastructure, including gRPC client/server interceptors with detailed exception-to-error-code mappings, transaction management, asynchronous processing, and service-specific beans like QR code generation and message queue integration.",Other,True
https://github.com/HasinthakaPiyumal/AI-Pattern-Mining-Project/tree/main/notebooks/result/ms_repo_callgraph_clusters/piggymetrics_java/cluster_25.java,"This Java enum `NotificationType` defines distinct notification categories, such as `BACKUP` and `REMIND`, for the `piggymetrics` notification service. Each enum constant encapsulates specific email-related metadata like subject, text, and an optional attachment identifier, providing a structured way to manage different notification content configurations.",Other,True
https://github.com/HasinthakaPiyumal/AI-Pattern-Mining-Project/tree/main/notebooks/result/ms_repo_callgraph_clusters/piggymetrics_java/cluster_23.java,"This code implements a notification service for the Piggymetrics application, managing user preferences for scheduled notifications like backups and reminders. It leverages Spring Data MongoDB with custom queries to efficiently identify recipients whose notification frequency has elapsed since their last notification.",EDA,True
https://github.com/HasinthakaPiyumal/AI-Pattern-Mining-Project/tree/main/notebooks/result/ms_repo_callgraph_clusters/ftgo-application_java/cluster_157.java,"This code defines and configures event handlers for the Delivery Service, subscribing to domain events from other microservices (Order, Kitchen, Restaurant) using the Eventuate Tram framework. It processes events like `OrderCreatedEvent` and `TicketAcceptedEvent` to orchestrate delivery creation, scheduling, and cancellation within the `DeliveryService` domain.",EDA,True
https://github.com/HasinthakaPiyumal/AI-Pattern-Mining-Project/tree/main/notebooks/result/ms_repo_callgraph_clusters/jpetstore-6_java/cluster_6.java,"This Spring `@Configuration` class establishes a testing environment for MyBatis mappers by configuring an in-memory HSQLDB database, complete with schema and data, along with a `SqlSessionFactory`, `DataSourceTransactionManager`, and `JdbcTemplate`. It specifically scans for mappers in `org.mybatis.jpetstore.mapper` and sets up type aliases for `org.mybatis.jpetstore.domain`.",Microservices Test,True
https://github.com/HasinthakaPiyumal/AI-Pattern-Mining-Project/tree/main/notebooks/result/ms_repo_callgraph_clusters/crypto_crawler_python/cluster_9.py,"This Python class implements a Redis-backed priority queue designed to manage a ""watch queue"" of orders. It stores orders in Redis sorted sets, using negative current UTC milliseconds as scores to efficiently retrieve and remove the oldest order.",Other,True
https://github.com/HasinthakaPiyumal/AI-Pattern-Mining-Project/tree/main/notebooks/result/ms_repo_callgraph_clusters/ita-challenges-backend_java/cluster_6.java,"This code file primarily comprises comprehensive unit and integration tests for a reactive Spring WebFlux microservice that manages programming challenges, user interactions (bookmarks, favorites), and integrations with external services like GitHub. It showcases extensive use of Project Reactor for asynchronous operations and employs `MockWebServer`, `WebTestClient`, and `Testcontainers` for robust testing of reactive data persistence and inter-service communication.",Microservices Test,True
https://github.com/HasinthakaPiyumal/AI-Pattern-Mining-Project/tree/main/notebooks/result/ms_repo_callgraph_clusters/sample.daytrader7_java/cluster_36.java,"This `TradeConfig` class serves as a central repository for static configuration and runtime parameters for a ""Trade"" application, defining settings like runtime mode (EJB3, JDBC), order processing, web interface, and database scaling. It also provides utility methods for generating random user IDs, stock symbols, and price changes, and for dynamically updating these configurations.",Other,True
https://github.com/HasinthakaPiyumal/AI-Pattern-Mining-Project/tree/main/notebooks/result/ms_repo_callgraph_clusters/sample.daytrader7_java/cluster_37.java,"This `TradeConfig` class centralizes all static configuration and runtime parameters for the IBM DayTrader sample application, defining operational modes (e.g., EJB, JDBC, sync/async), web interface types, and database scaling limits. It also includes utility methods for generating random trade data and managing workload scenarios, crucial for performance testing and demonstrations.",Other,True
https://github.com/HasinthakaPiyumal/AI-Pattern-Mining-Project/tree/main/notebooks/result/ms_repo_callgraph_clusters/train-ticket_java/cluster_34.java,"This code defines multiple Spring `@Configuration` classes, each responsible for declaring a single AMQP queue bean. These beans expose specific queues, named either ""email"" or ""food_delivery"", for message-driven communication across different application modules or microservices.",Other,True
https://github.com/HasinthakaPiyumal/AI-Pattern-Mining-Project/tree/main/notebooks/result/ms_repo_callgraph_clusters/saigonparking_java/cluster_4.java,"This Spring `WebSocketConfigurer` defines and registers eight distinct WebSocket endpoints for the ""Saigon Parking"" contact service, supporting both binary and text communication. It meticulously maps different paths, including those for QR scanner and web authentication, to specific message handlers and dedicated handshake interceptors for robust connection management.",EDA,True
https://github.com/HasinthakaPiyumal/AI-Pattern-Mining-Project/tree/main/notebooks/result/ms_repo_callgraph_clusters/jpetstore-6_java/cluster_44.java,"This Spring `@Configuration` class establishes a testing environment for MyBatis mappers by configuring an in-memory HSQLDB database, pre-loaded with schema and data scripts. It sets up the necessary `SqlSessionFactoryBean`, `DataSourceTransactionManager`, and `JdbcTemplate` to facilitate integration tests for data access components.",Microservices Test,True
https://github.com/HasinthakaPiyumal/AI-Pattern-Mining-Project/tree/main/notebooks/result/ms_repo_callgraph_clusters/sample.daytrader7_java/cluster_43.java,"This `TradeConfig` Java class acts as a central, static repository for all configuration and runtime parameters of the DayTrader sample application. It defines various settings such as runtime mode (EJB3, JDBC), order processing, web interface, database connection details, user/quote limits, and stock price behavior, while also providing utility methods for generating random test data and dynamically updating these configurations.",Other,True
https://github.com/HasinthakaPiyumal/AI-Pattern-Mining-Project/tree/main/notebooks/result/ms_repo_callgraph_clusters/ftgo-application_java/cluster_45.java,"This Spring Boot configuration class is specifically designed for API Gateway integration tests, explicitly forcing the use of Netty as the reactive web server. This ensures compatibility and prevents potential casting exceptions that could arise from conflicts with other test dependencies like WireMock, which might introduce Jetty.",Other,True
https://github.com/HasinthakaPiyumal/AI-Pattern-Mining-Project/tree/main/notebooks/result/ms_repo_callgraph_clusters/springboot-kafka-microservices_java/cluster_10.java,"This JUnit 5 test file, `ProductServiceImplTest`, unit tests the `ProductServiceImpl` class, verifying its `saveProduct` and `getProductById` methods. It uses Mockito to mock dependencies like `ProductRepository`, `ModelMapper`, `ProductRedis`, and `CloudinaryService`, covering scenarios such as successful operations, exception handling, and product retrieval from cache or database.",Microservices Test,True
https://github.com/HasinthakaPiyumal/AI-Pattern-Mining-Project/tree/main/notebooks/result/ms_repo_callgraph_clusters/spring-petclinic_java/cluster_9.java,"This Spring Boot integration test class validates the PetClinic application's functionality when configured with a PostgreSQL database. It leverages Testcontainers and Docker Compose to provision the database, performing both direct repository calls and REST API requests to verify application behavior.",Microservices Test,True
https://github.com/HasinthakaPiyumal/AI-Pattern-Mining-Project/tree/main/notebooks/result/ms_repo_callgraph_clusters/train-ticket_java/cluster_165.java,"This code configures and implements distributed tracing context propagation for messaging systems. The `HBMInject` class specifically injects trace, span, parent IDs, sampling status, and baggage items into message headers, ensuring monitoring context is propagated across message boundaries using Spring's conditional bean registration.",Microservices Observerbility,True
https://github.com/HasinthakaPiyumal/AI-Pattern-Mining-Project/tree/main/notebooks/result/ms_repo_callgraph_clusters/sample.daytrader7_java/cluster_30.java,"This `TradeConfig` class acts as a central static repository for all configuration and runtime parameters of the DayTrader sample application. It defines various operational modes (e.g., EJB, JDBC), database settings, UI paths, and workload scenario mixes, providing utility methods for generating random trade data and dynamically updating these settings.",Other,True
https://github.com/HasinthakaPiyumal/AI-Pattern-Mining-Project/tree/main/notebooks/result/ms_repo_callgraph_clusters/Hands-on-Microservices-with-Python_python/cluster_3.py,"This Flask route handles user registration, processing form submissions to validate user input, check for existing usernames via a `UserClient`, and create new user accounts. It provides user feedback using flash messages and redirects upon successful registration or re-renders the form with validation errors.",Microservices Security,True
https://github.com/HasinthakaPiyumal/AI-Pattern-Mining-Project/tree/main/notebooks/result/ms_repo_callgraph_clusters/train-ticket_java/cluster_6.java,"This code file contains a comprehensive suite of Spring Boot unit and integration tests for various microservices within a train ticket booking system. It extensively utilizes `MockMvc` to simulate HTTP requests against controllers and Mockito to mock service dependencies and external `RestTemplate` calls, ensuring robust validation of API endpoints and business logic.",Microservices Test,True
https://github.com/HasinthakaPiyumal/AI-Pattern-Mining-Project/tree/main/notebooks/result/ms_repo_callgraph_clusters/sample.daytrader7_java/cluster_34.java,"This `TradeConfig` class acts as a central, static configuration and utility hub for the IBM DayTrader sample application. It defines all runtime parameters, including operational modes, UI types, scaling limits, and financial constants, while also providing methods for generating random test data and controlling workload scenarios.",Other,True
https://github.com/HasinthakaPiyumal/AI-Pattern-Mining-Project/tree/main/notebooks/result/ms_repo_callgraph_clusters/sample.daytrader7_java/cluster_23.java,"This JSF session-scoped managed bean, `TradeAppJSF`, serves as a front-end controller for a trading application, handling user authentication (login, logout), registration, and profile updates. It leverages CDI to inject business logic from a `TradeAction` component and manages user session data for web-based interactions.",Microservices Security,True
https://github.com/HasinthakaPiyumal/AI-Pattern-Mining-Project/tree/main/notebooks/result/ms_repo_callgraph_clusters/ita-challenges-backend_java/cluster_0.java,"This integration test verifies the `TestDatabaseInitializer`'s ability to execute and roll back database changes within a real MongoDB environment. It leverages Testcontainers to provision an ephemeral MongoDB instance and asserts that a collection is created and then successfully removed after a rollback operation, utilizing reactive streams for asynchronous MongoDB interactions.",Microservices Test,True
https://github.com/HasinthakaPiyumal/AI-Pattern-Mining-Project/tree/main/notebooks/result/ms_repo_callgraph_clusters/sample.daytrader7_java/cluster_31.java,"This `TradeConfig` class serves as a central, static repository for all configuration and runtime parameters of the DayTrader sample application. It defines various operational modes (e.g., EJB, JDBC, synchronous/asynchronous order processing), database settings, UI types, and workload simulation parameters, along with utility methods for generating random data and managing user IDs for testing scenarios.",Other,True
https://github.com/HasinthakaPiyumal/AI-Pattern-Mining-Project/tree/main/notebooks/result/ms_repo_callgraph_clusters/ita-challenges-backend_java/cluster_37.java,"This DTO defines the request payload for an administrator to create a new user, utilizing Lombok for boilerplate reduction and Jakarta Bean Validation to enforce that the `username` field is not blank.",Data Model/ Domain design,True
https://github.com/HasinthakaPiyumal/AI-Pattern-Mining-Project/tree/main/notebooks/result/ms_repo_callgraph_clusters/sample.daytrader7_java/cluster_42.java,"This `TradeConfig` class serves as a central configuration and utility hub for the IBM DayTrader sample application, defining runtime parameters like EJB/JDBC mode, order processing, and web interface. It also provides static methods for generating random user and trade data, and managing simulated user action scenarios to drive performance testing or demonstrations.",Other,True
https://github.com/HasinthakaPiyumal/AI-Pattern-Mining-Project/tree/main/notebooks/result/ms_repo_callgraph_clusters/sample.daytrader7_java/cluster_35.java,"This `TradeConfig` class acts as a central, static configuration store for the DayTrader sample application, defining various runtime parameters such as operational modes (EJB, JDBC), order processing, UI preferences, and database settings. It also provides utility methods for generating random user and market data, crucial for simulating trade scenarios and managing user IDs through a ""card deck"" approach.",Other,True
https://github.com/HasinthakaPiyumal/AI-Pattern-Mining-Project/tree/main/notebooks/result/ms_repo_callgraph_clusters/DeathStarBench_python/cluster_56.py,"This Python code defines a `Client` class that serves as a client-side interface for user management services, including user registration, login, and retrieving user IDs. It employs a Thrift-like RPC pattern, utilizing distinct `send_` and `recv_` methods for each operation to handle message serialization, network communication, and response deserialization with integrated error handling.",Microservices Security,True
https://github.com/HasinthakaPiyumal/AI-Pattern-Mining-Project/tree/main/notebooks/result/ms_repo_callgraph_clusters/piggymetrics_java/cluster_16.java,"This Java class defines a `User` entity for the Piggymetrics authentication domain, serving as a Spring Data MongoDB document to store user credentials (username and password). It implements Spring Security's `UserDetails` interface, providing basic user authentication details and defaulting all account status checks (e.g., enabled, non-expired) to true, indicating a simplified user model without granular account management or roles defined within this class.",Microservices Security,True
https://github.com/HasinthakaPiyumal/AI-Pattern-Mining-Project/tree/main/notebooks/result/ms_repo_callgraph_clusters/spring-petclinic_java/cluster_22.java,"This JUnit test class (`ValidatorTests`) verifies the correct functioning of Bean Validation within the Spring PetClinic application. It specifically tests that a `Person` object with an empty first name correctly triggers a ""must not be blank"" constraint violation, using `LocalValidatorFactoryBean` to set up the validator.",Microservices Security,True
https://github.com/HasinthakaPiyumal/AI-Pattern-Mining-Project/tree/main/notebooks/result/ms_repo_callgraph_clusters/Retail-Banking-System_java/cluster_19.java,"This code consists of multiple JUnit test classes designed to thoroughly verify the `Transaction` model's getter and setter methods. It ensures proper data encapsulation by setting various properties and then asserting that the correct values are retrieved, often testing both default and parameterized constructor instantiations.",Microservices Test,True
https://github.com/HasinthakaPiyumal/AI-Pattern-Mining-Project/tree/main/notebooks/result/ms_repo_callgraph_clusters/spring-petclinic_java/cluster_14.java,"This code comprises a suite of Spring Boot `@WebMvcTest` classes that thoroughly test the web layer controllers of the PetClinic application. They utilize `MockMvc` to simulate HTTP requests and `MockitoBean` to mock repository dependencies, verifying controller behavior for form handling, data validation, and view rendering across owner, pet, visit, and vet management functionalities.",Microservices Test,True
https://github.com/HasinthakaPiyumal/AI-Pattern-Mining-Project/tree/main/notebooks/result/ms_repo_callgraph_clusters/train-ticket_java/cluster_188.java,This Spring Boot auto-configuration integrates distributed tracing into STOMP over WebSocket messaging. It achieves this by registering a custom `TCInter` interceptor on both inbound and outbound client channels to propagate tracing context (like trace and span IDs) across WebSocket messages.,Microservices Observerbility,True
https://github.com/HasinthakaPiyumal/AI-Pattern-Mining-Project/tree/main/notebooks/result/ms_repo_callgraph_clusters/train-ticket_java/cluster_164.java,"This Spring `@Configuration` class auto-configures components for distributed tracing within messaging systems. It conditionally provides beans for extracting and injecting tracing span information from/into `Message` objects, integrating with a `Chainer` for monitoring.",Microservices Observerbility,True
https://github.com/HasinthakaPiyumal/AI-Pattern-Mining-Project/tree/main/notebooks/result/ms_repo_callgraph_clusters/sample.daytrader7_java/cluster_39.java,"This `TradeConfig` class serves as a central, static configuration hub for the IBM DayTrader sample application, defining all runtime parameters such as operational modes, UI types, and database scaling limits. It also provides extensive utility methods for generating random user, stock, and trade data, crucial for simulating a dynamic trading environment and defining workload scenarios.",Other,True
https://github.com/HasinthakaPiyumal/AI-Pattern-Mining-Project/tree/main/notebooks/result/ms_repo_callgraph_clusters/sample.daytrader7_java/cluster_33.java,"This `TradeConfig` class acts as a central static repository for configuration and runtime parameters of a ""Trade application,"" defining operational modes (e.g., EJB, JDBC), order processing, UI, and database settings. It also provides utility methods for generating random user IDs, stock symbols, and prices, crucial for simulating trading scenarios and managing user selection.",Other,True
https://github.com/HasinthakaPiyumal/AI-Pattern-Mining-Project/tree/main/notebooks/result/ms_repo_callgraph_clusters/ftgo-application_java/cluster_153.java,"This Java class provides dynamically generated, unique identifiers for command/event dispatchers and inter-service communication channels (e.g., consumer, restaurant, account services) within a microservices system. These timestamp-suffixed identifiers are likely used for testing or dynamic configuration of a transactional outbox (Tram) messaging framework.",Other,True
https://github.com/HasinthakaPiyumal/AI-Pattern-Mining-Project/tree/main/notebooks/result/ms_repo_callgraph_clusters/train-ticket_java/cluster_19.java,"This code provides core utilities for a microservice application, including JWT token generation and validation, JSON serialization/deserialization, and HTTP cookie management. A significant portion is dedicated to implementing distributed tracing using Spring Cloud Sleuth, applying AOP for method-level tracing and interceptors for message channels, HTTP clients, and WebSockets to propagate trace context.",Microservices Security,True
https://github.com/HasinthakaPiyumal/AI-Pattern-Mining-Project/tree/main/notebooks/result/ms_repo_callgraph_clusters/sample.daytrader7_java/cluster_41.java,"This `TradeConfig` class serves as a central, static repository for all configuration and runtime parameters of the DayTrader sample application, defining operational modes (EJB/JDBC), UI settings, and database parameters. It also provides utility methods for generating random user and stock data, managing user ID distribution via a ""card deck"" approach, and defining workload scenarios for simulation and benchmarking.",Other,True
https://github.com/HasinthakaPiyumal/AI-Pattern-Mining-Project/tree/main/notebooks/result/ms_repo_callgraph_clusters/spring-petclinic_java/cluster_26.java,"This JUnit 5 unit test verifies the `CrashController`'s error handling by asserting that its `triggerException()` method correctly throws a `RuntimeException` with a specific message. It uses AssertJ to confirm the exception type and its content, demonstrating how the controller showcases exception scenarios.",Microservices Test,True
https://github.com/HasinthakaPiyumal/AI-Pattern-Mining-Project/tree/main/notebooks/result/ms_repo_callgraph_clusters/sample.daytrader7_java/cluster_38.java,"This `TradeConfig` class acts as a central, static configuration store for the DayTrader sample application, defining various runtime parameters such as execution modes, database settings, UI pages, and workload scenario mixes. It also provides utility methods for generating random user, stock, and price data to simulate trading activities.",Other,True
https://github.com/HasinthakaPiyumal/AI-Pattern-Mining-Project/tree/main/notebooks/result/ms_repo_callgraph_clusters/ftgo-application_java/cluster_126.java,"This Spring Boot integration test verifies the persistence of `Restaurant` entities using JPA. It specifically tests saving and loading `Restaurant` objects via `RestaurantRepository` within managed transactions, ensuring data integrity and correct retrieval.",Microservices Test,True
https://github.com/HasinthakaPiyumal/AI-Pattern-Mining-Project/tree/main/notebooks/result/ms_repo_callgraph_clusters/springboot-kafka-microservices_java/cluster_21.java,"This Spring `@Service` implementation (`UserServiceImpl`) retrieves user credentials by username from a `UserCredentialRepository`. It then maps the found `UserCredential` entity to a `UserDto` using `ModelMapper`, returning `null` if the user is not found.",Microservices Security,True
https://github.com/HasinthakaPiyumal/AI-Pattern-Mining-Project/tree/main/notebooks/result/ms_repo_callgraph_clusters/jpetstore-6_java/cluster_22.java,"This Stripes ActionBean, `AccountActionBean`, manages all user account-related web actions for the JPetStore application, including registration, sign-in, sign-out, and profile updates. It leverages `AccountService` and `CatalogService` to persist data and maintain user authentication and preferences within the session.",Microservices Security,True
https://github.com/HasinthakaPiyumal/AI-Pattern-Mining-Project/tree/main/notebooks/result/ms_repo_callgraph_clusters/jpetstore-6_java/cluster_36.java,"This code defines a `Cart` domain object for the JPetStore application, managing items, quantities, and subtotal calculations using a synchronized map and list for efficient access. It also includes a comprehensive Selenide-based integration test suite (`ScreenTransitionIT`) that simulates various user interactions and navigations within the JPetStore web UI to verify core functionalities like ordering, user management, and product browsing.",Data Model/ Domain design,True
https://github.com/HasinthakaPiyumal/AI-Pattern-Mining-Project/tree/main/notebooks/result/ms_repo_callgraph_clusters/jpetstore-6_java/cluster_24.java,"This `AccountActionBean` is a Stripes framework controller responsible for all user account management in the JPetStore application. It facilitates user registration, sign-in, profile updates, and sign-off, integrating with `AccountService` and `CatalogService` while maintaining session-scoped user authentication and preferences.",Microservices Security,True
https://github.com/HasinthakaPiyumal/AI-Pattern-Mining-Project/tree/main/notebooks/result/ms_repo_callgraph_clusters/DeathStarBench_python/cluster_16.py,"This Python code defines a Thrift client (`Client` class) for user management, implementing methods for user registration, login, and retrieving/uploading user data. It utilizes a distinct `send_` and `recv_` pattern for each remote procedure call, handling message serialization, deserialization, and application-level exception handling.",Microservices Security,True
https://github.com/HasinthakaPiyumal/AI-Pattern-Mining-Project/tree/main/notebooks/result/ms_repo_callgraph_clusters/ftgo-application_java/cluster_151.java,"This `TramCommandsAndEventsIntegrationData` class generates unique, timestamp-suffixed names for command/event channels and aggregate destinations across various microservices (e.g., consumer, restaurant, account). Its primary purpose is to provide distinct communication endpoints, likely for integration testing or dynamic configuration within a distributed system utilizing a reliable messaging pattern.",EDA,True
https://github.com/HasinthakaPiyumal/AI-Pattern-Mining-Project/tree/main/notebooks/result/ms_repo_callgraph_clusters/ftgo-application_java/cluster_154.java,"This Java class, `TramCommandsAndEventsIntegrationData`, serves as a data holder for dynamically generated, unique string identifiers. These identifiers represent command/event dispatchers and inter-service communication channels/destinations for various microservices (consumer, restaurant, account), likely used to ensure distinct messaging endpoints for integration testing or dynamic configuration.",CQRS,True
https://github.com/HasinthakaPiyumal/AI-Pattern-Mining-Project/tree/main/notebooks/result/ms_repo_callgraph_clusters/DeathStarBench_python/cluster_14.py,"This Python code defines a Thrift client (`Client` class) for user management, providing methods for user registration, login, uploading user data, composing creators, and retrieving user IDs. Each client-side RPC method follows a `send_MethodName` and `recv_MethodName` pattern to handle message serialization and deserialization over a network protocol.",Microservices Security,True
https://github.com/HasinthakaPiyumal/AI-Pattern-Mining-Project/tree/main/notebooks/result/ms_repo_callgraph_clusters/piggymetrics_java/cluster_17.java,"This Java class defines a `User` entity for the Piggymetrics authentication service, serving as a Spring Data MongoDB document to store user credentials (username and password). It implements Spring Security's `UserDetails` interface, providing a basic user representation with default ""always enabled"" account status and no explicit roles.",Microservices Security,True
https://github.com/HasinthakaPiyumal/AI-Pattern-Mining-Project/tree/main/notebooks/result/ms_repo_callgraph_clusters/RepoGenesis_python/cluster_7.py,"This Python file comprises an extensive suite of `pytest` integration and performance tests for several API services, covering user authentication, task management, content interaction (history, likes, favorites), system statistics, file conversion, and batch email sending. The tests rigorously validate functionality, error handling, concurrency, and edge cases across these diverse API endpoints.",Microservices Test,True
https://github.com/HasinthakaPiyumal/AI-Pattern-Mining-Project/tree/main/notebooks/result/ms_repo_callgraph_clusters/springboot-kafka-microservices_java/cluster_36.java,"This Java enum, `ERole`, defines the distinct user roles (ADMINISTRATOR, EMPLOYEE, CUSTOMER) for an identity service. It leverages Lombok to provide a constructor and getter for a human-readable label associated with each role.",Other,True
https://github.com/HasinthakaPiyumal/AI-Pattern-Mining-Project/tree/main/notebooks/result/ms_repo_callgraph_clusters/piggymetrics_java/cluster_22.java,"This Spring `@Configuration` class sets up an OAuth2 Resource Server, enabling a microservice to secure its endpoints and validate incoming access tokens via a custom user info service. It also configures an OAuth2 client with client credentials for secure inter-service communication using Feign and `OAuth2RestTemplate`.",Microservices Security,True
https://github.com/HasinthakaPiyumal/AI-Pattern-Mining-Project/tree/main/notebooks/result/ms_repo_callgraph_clusters/DeathStarBench_python/cluster_18.py,"This Python code defines a `Client` class that acts as a client-side interface for user management operations, including user registration (with or without a specified ID), login, and uploading user data by ID or username. It implements these functionalities using a distinct `send_` and `recv_` method pattern for each operation, characteristic of an Apache Thrift RPC client.",Microservices Security,True
https://github.com/HasinthakaPiyumal/AI-Pattern-Mining-Project/tree/main/notebooks/result/ms_repo_callgraph_clusters/ftgo-application_java/cluster_46.java,This Spring Boot integration test verifies the successful initialization of the `RestaurantServiceLambdaConfiguration` by attempting to load its application context and autowire the `RestaurantService`. The empty `@Test` method indicates its primary purpose is to ensure the Spring context starts up without errors and dependencies are resolvable.,Microservices Test,True
https://github.com/HasinthakaPiyumal/AI-Pattern-Mining-Project/tree/main/notebooks/result/ms_repo_callgraph_clusters/train-ticket_java/cluster_7.java,"This code file primarily contains a comprehensive suite of JUnit tests for various microservices within a train ticket booking system, covering functionalities like user management, order processing, and route planning. It extensively uses Mockito to simulate interactions with repositories and other microservices via `RestTemplate`, demonstrating a robust testing strategy for a distributed Spring Boot application.",Microservices Test,True
https://github.com/HasinthakaPiyumal/AI-Pattern-Mining-Project/tree/main/notebooks/result/ms_repo_callgraph_clusters/ftgo-application_java/cluster_155.java,"This Java class dynamically generates unique, timestamp-suffixed identifiers for command/event dispatchers and various microservice-specific command/aggregate channels, likely for integration testing or dynamic configuration within a transactional outbox (TRAM) pattern.",CQRS,True
https://github.com/HasinthakaPiyumal/AI-Pattern-Mining-Project/tree/main/notebooks/result/ms_repo_callgraph_clusters/ftgo-application_java/cluster_101.java,"This `Identity` class is a Plain Old Java Object (POJO) designed to encapsulate various AWS-specific identity and request details, including Cognito identity IDs, account information, user ARNs, and client metadata like source IP or user agent, likely for an AWS-based restaurant service. It follows the standard JavaBean pattern with private fields and public getters/setters.",Microservices Security,True
https://github.com/HasinthakaPiyumal/AI-Pattern-Mining-Project/tree/main/notebooks/result/ms_repo_callgraph_clusters/RepoGenesis_python/cluster_3.py,"This Python file contains a comprehensive suite of integration tests for multiple web API endpoints, covering functionalities like user management, authentication, a ""Rock-Paper-Scissors"" game, and a leaderboard system. It leverages `pytest` and the `requests` library to validate CRUD operations, API responses, performance, concurrency, and proper error handling across these distinct services.",Microservices Test,True
https://github.com/HasinthakaPiyumal/AI-Pattern-Mining-Project/tree/main/notebooks/result/ms_repo_callgraph_clusters/Retail-Banking-System_java/cluster_15.java,"This code file outlines a Spring Boot microservices architecture for a ""Retail-Banking-System,"" featuring distinct services for accounts, authentication, rules, customers, and transactions. It implements robust JWT-based security using Spring Security with a custom filter and BCrypt encoding, integrates Spring Cloud for service discovery and inter-service communication, and provides API documentation via Swagger.",Microservices Security,True
https://github.com/HasinthakaPiyumal/AI-Pattern-Mining-Project/tree/main/notebooks/result/ms_repo_callgraph_clusters/ftgo-application_java/cluster_112.java,"This code configures the messaging infrastructure for a microservices application, enabling various services like Accounting, Order History, and Delivery to communicate via domain events and commands. It leverages the Eventuate Tram framework to implement an event-driven architecture, supporting Sagas for distributed transactions and CQRS for read model updates.",EDA,True
https://github.com/HasinthakaPiyumal/AI-Pattern-Mining-Project/tree/main/notebooks/result/ms_repo_callgraph_clusters/springboot-kafka-microservices_java/cluster_27.java,"This `CustomUserDetails` class implements Spring Security's `UserDetails` interface, serving as a security principal to encapsulate user authentication and authorization information, including roles and specific permissions. It provides a static `build` method to construct itself from a `UserCredential` entity, mapping its roles and permissions into `GrantedAuthority` objects and a set of permission strings for fine-grained access control.",Microservices Security,True
https://github.com/HasinthakaPiyumal/AI-Pattern-Mining-Project/tree/main/notebooks/result/ms_repo_callgraph_clusters/ftgo-application_java/cluster_158.java,"This Spring configuration class sets up the message handling infrastructure for the `kitchenservice`, defining beans to consume domain events via a `DomainEventDispatcher` and participate in distributed sagas by dispatching commands to a `KitchenServiceCommandHandler` using an `SagaCommandDispatcher`, all built upon the Eventuate Tram framework.",EDA,True
https://github.com/HasinthakaPiyumal/AI-Pattern-Mining-Project/tree/main/notebooks/result/ms_repo_callgraph_clusters/Retail-Banking-System_java/cluster_12.java,"This JUnit test class verifies the `AccessDeniedException` by asserting that two distinct instances of the exception, whether initialized with a message or not, are not considered equal, leveraging AssertJ for clear assertions.",Microservices Test,True
https://github.com/HasinthakaPiyumal/AI-Pattern-Mining-Project/tree/main/notebooks/result/ms_repo_callgraph_clusters/RepoGenesis_python/cluster_11.py,"This Python file contains a comprehensive suite of `pytest` integration and end-to-end tests for multiple distinct RESTful APIs, including game, history, likes, favorites, file storage, task management, and user authentication/management services. It thoroughly validates API endpoints, data models, authentication, pagination, and various edge cases, leveraging the `requests` library for HTTP interactions and extensive fixtures for setup and teardown.",Microservices Test,True
https://github.com/HasinthakaPiyumal/AI-Pattern-Mining-Project/tree/main/notebooks/result/ms_repo_callgraph_clusters/ftgo-application_java/cluster_86.java,"This `Identity` class is a Plain Old Java Object (POJO) designed to encapsulate and manage various AWS and Cognito-specific identity attributes, such as `cognitoIdentityId`, `accountId`, and `userArn`. It provides standard getters and setters for accessing these encapsulated details, likely for tracking or authentication within an AWS-hosted service.",Microservices Security,True
https://github.com/HasinthakaPiyumal/AI-Pattern-Mining-Project/tree/main/notebooks/result/ms_repo_callgraph_clusters/piggymetrics_java/cluster_15.java,"This code defines a `User` entity for the Piggymetrics authentication service, serving as a Spring Data MongoDB document. It implements Spring Security's `UserDetails` interface to provide basic user authentication details (username, password) but currently lacks complex authorization roles or account status management.",Microservices Security,True
https://github.com/HasinthakaPiyumal/AI-Pattern-Mining-Project/tree/main/notebooks/result/ms_repo_callgraph_clusters/ftgo-application_java/cluster_159.java,"This Spring configuration class defines the message handling infrastructure for a `KitchenService`, specifically setting up `DomainEventDispatcher` to consume domain events and `SagaCommandDispatcher` to handle commands as a participant in Eventuate Tram Sagas. It integrates event subscription and Saga command processing for the kitchen service's domain logic.",EDA,True
https://github.com/HasinthakaPiyumal/AI-Pattern-Mining-Project/tree/main/notebooks/result/ms_repo_callgraph_clusters/crypto_crawler_python/cluster_5.py,This `CommandQueue` class utilizes Redis Pub/Sub to establish a bidirectional communication channel for entities like puppeteers and agents. It enables registering nodes by subscribing to specific channels and retrieving commands from them.,EDA,True
https://github.com/HasinthakaPiyumal/AI-Pattern-Mining-Project/tree/main/notebooks/result/ms_repo_callgraph_clusters/jpetstore-6_java/cluster_23.java,"This Stripes ActionBean manages user authentication and account details for the JPetStore application, handling user registration, profile editing, sign-in, and sign-out. It utilizes Spring for dependency injection to interact with `AccountService` and `CatalogService`, maintaining session-scoped user data and redirecting to appropriate views.",Microservices Security,True
https://github.com/HasinthakaPiyumal/AI-Pattern-Mining-Project/tree/main/notebooks/result/ms_repo_callgraph_clusters/crypto_crawler_python/cluster_4.py,"This code defines a `CommandQueue` class that leverages Redis Pub/Sub to establish a bidirectional communication channel between various entities like ""puppeteer"" and ""node_puppeteer."" It enables nodes to register by subscribing to specific Redis channels and retrieve commands from their respective queues.",EDA,True
https://github.com/HasinthakaPiyumal/AI-Pattern-Mining-Project/tree/main/notebooks/result/ms_repo_callgraph_clusters/ftgo-application_java/cluster_114.java,"This class serves as a configuration object for the `AccountService`'s messaging infrastructure, specifically holding the `commandDispatcherId` and `commandChannel` strings. It defines the identifiers for a command dispatcher and the channel used for sending commands within a distributed system.",Other,True
https://github.com/HasinthakaPiyumal/AI-Pattern-Mining-Project/tree/main/notebooks/result/ms_repo_callgraph_clusters/RepoGenesis_python/cluster_5.py,"This Python file contains a comprehensive suite of `pytest` integration tests for a multi-functional API. It rigorously validates various backend services, including statistics, health, email, file management, leaderboards, game state, and room matching, by asserting API response structures, data integrity, and error handling under diverse conditions.",Microservices Test,True
https://github.com/HasinthakaPiyumal/AI-Pattern-Mining-Project/tree/main/notebooks/result/ms_repo_callgraph_clusters/ftgo-application_java/cluster_92.java,"This Java POJO, `Identity`, serves as a data transfer object to encapsulate various AWS and Cognito-related identity and request context details. It provides standard getters and setters for properties like Cognito identity IDs, account IDs, user ARNs, and source IP, likely used for authentication or logging within an `ftgo` restaurant service.",Microservices Security,True
https://github.com/HasinthakaPiyumal/AI-Pattern-Mining-Project/tree/main/notebooks/result/ms_repo_callgraph_clusters/ftgo-application_java/cluster_85.java,"This `Identity` class is a Plain Old Java Object (POJO) designed to encapsulate comprehensive identity details, primarily from an AWS context, within the `ftgo-restaurantservice`. It stores attributes like AWS Cognito identity IDs, account IDs, caller information, and source IP, providing standard getters and setters for data access.",Microservices Security,True
https://github.com/HasinthakaPiyumal/AI-Pattern-Mining-Project/tree/main/notebooks/result/ms_repo_callgraph_clusters/ftgo-application_java/cluster_103.java,"This Java class, `Identity`, functions as a Plain Old Java Object (POJO) to encapsulate various AWS identity and request context details. It specifically stores information like Cognito identity IDs, account ID, user ARN, API key, and source IP, likely for processing authentication and client information within an AWS-based application.",Microservices Security,True
https://github.com/HasinthakaPiyumal/AI-Pattern-Mining-Project/tree/main/notebooks/result/ms_repo_callgraph_clusters/sample.daytrader7_java/cluster_20.java,"This JSF session-scoped managed bean, `TradeAppJSF`, serves as the web-tier controller for user authentication and profile management within the DayTrader sample application. It orchestrates user login, registration, profile updates, and logout by injecting and delegating to a `TradeAction` business logic component.",Microservices Security,True
https://github.com/HasinthakaPiyumal/AI-Pattern-Mining-Project/tree/main/notebooks/result/ms_repo_callgraph_clusters/Retail-Banking-System_java/cluster_7.java,"This collection of Java files constitutes a comprehensive suite of Spring Boot integration and unit tests for a retail banking microservices architecture. It extensively uses `MockMvc` to simulate HTTP requests to various API endpoints (Account, Authentication, Rules, Customer services) and `Mockito` to mock service layer and Feign client dependencies for isolated testing.",Microservices Test,True
https://github.com/HasinthakaPiyumal/AI-Pattern-Mining-Project/tree/main/notebooks/result/ms_repo_callgraph_clusters/ita-challenges-backend_java/cluster_33.java,"This JUnit 5 test class, `UUIDValidatorTest`, verifies the functionality of the `UUIDValidator`. It specifically tests the `isValid` method, asserting that it correctly returns `false` for null UUID inputs and `true` for valid, randomly generated UUIDs.",Microservices Test,True
https://github.com/HasinthakaPiyumal/AI-Pattern-Mining-Project/tree/main/notebooks/result/ms_repo_callgraph_clusters/piggymetrics_java/cluster_14.java,"This code defines a `User` entity for the `piggymetrics.auth` service, serving as a Spring Data MongoDB document that stores user credentials (username and password). It implements Spring Security's `UserDetails` interface, providing a basic user model where accounts are always enabled and non-expired, without specific role-based authorities defined within this class.",Microservices Security,True
https://github.com/HasinthakaPiyumal/AI-Pattern-Mining-Project/tree/main/notebooks/result/ms_repo_callgraph_clusters/RepoGenesis_python/cluster_6.py,"This Python file primarily functions as an extensive suite of integration tests for multiple API services, covering user management, task scheduling, file storage, email, and content interaction features like likes and favorites. It also includes utility functions for generating detailed LaTeX tables from API coverage results.",Microservices Test,True
https://github.com/HasinthakaPiyumal/AI-Pattern-Mining-Project/tree/main/notebooks/result/ms_repo_callgraph_clusters/train-ticket_java/cluster_51.java,"This Spring Boot `RestController` (`UserController`) provides a comprehensive set of RESTful API endpoints for user management, enabling operations such as retrieving all users, finding users by ID or username, registering new users, updating existing ones, and deleting users. It delegates all business logic to an injected `UserService`, consistently returning `ResponseEntity<Response>` and logging actions for each operation.",Microservices Security,True
https://github.com/HasinthakaPiyumal/AI-Pattern-Mining-Project/tree/main/notebooks/result/ms_repo_callgraph_clusters/piggymetrics_java/cluster_13.java,"This Java class defines a `User` entity for the `piggymetrics.auth` service, acting as a Spring Data MongoDB document to persist user credentials. It implements Spring Security's `UserDetails` interface, providing basic authentication details (username and password) but with a simplified approach to roles and account status management.",Microservices Security,True
https://github.com/HasinthakaPiyumal/AI-Pattern-Mining-Project/tree/main/notebooks/result/ms_repo_callgraph_clusters/ita-challenges-backend_java/cluster_18.java,"This code comprises a comprehensive suite of unit and integration tests for a microservices backend, validating functionalities across authentication, user management, challenge handling, submissions, and API documentation. It extensively leverages Spring Boot testing utilities, Mockito for dependency mocking, and Testcontainers with MongoDB for robust persistence and API endpoint validation.",,False
https://github.com/HasinthakaPiyumal/AI-Pattern-Mining-Project/tree/main/notebooks/result/ms_repo_callgraph_clusters/ftgo-application_java/cluster_152.java,"This class dynamically generates unique, time-based identifiers for command/event dispatchers, service-specific command channels, and aggregate destinations. It serves as a data holder for configuring integration points in a distributed microservice architecture, likely supporting the Transactional Outbox Pattern (TRAM) for reliable asynchronous messaging, possibly for testing isolation.",,False
https://github.com/HasinthakaPiyumal/AI-Pattern-Mining-Project/tree/main/notebooks/result/ms_repo_callgraph_clusters/ftgo-application_java/cluster_111.java,"This Spring `@Configuration` class establishes the messaging infrastructure for the `AccountingService`, leveraging Eventuate Tram to consume domain events, handle commands, and participate in sagas. It specifically configures `DomainEventDispatcher` and `CommandDispatcher` beans to process incoming messages relevant to accounting operations.",,False
https://github.com/HasinthakaPiyumal/AI-Pattern-Mining-Project/tree/main/notebooks/result/ms_repo_callgraph_clusters/Retail-Banking-System_java/cluster_3.java,"This code file contains a comprehensive suite of JUnit tests for various models and core components across multiple microservices within a banking application. It primarily focuses on verifying the correct functionality of POJO getters, setters, and constructors for entities like `Transaction`, `CustomerEntity`, `Account`, `AppUser`, and `AccountCreationStatus`, alongside basic Spring Boot application context loading.",,False
https://github.com/HasinthakaPiyumal/AI-Pattern-Mining-Project/tree/main/notebooks/result/ms_repo_callgraph_clusters/ftgo-application_java/cluster_97.java,"This `Identity` class serves as a Plain Old Java Object (POJO) or Data Transfer Object (DTO) to encapsulate various AWS-related identity attributes, such as Cognito identity details, API keys, caller information, and user agents, likely for processing requests within a restaurant service.",,False
https://github.com/HasinthakaPiyumal/AI-Pattern-Mining-Project/tree/main/notebooks/result/ms_repo_callgraph_clusters/sample.daytrader7_java/cluster_18.java,"This JSF `@SessionScoped` managed bean, `TradeAppJSF`, serves as the frontend controller for user authentication and profile management within the DayTrader sample application. It handles user login, registration, profile updates, and logout by delegating business logic to an injected `TradeAction` component and managing session state.",,False
https://github.com/HasinthakaPiyumal/AI-Pattern-Mining-Project/tree/main/notebooks/result/ms_repo_callgraph_clusters/Retail-Banking-System_java/cluster_10.java,"This JUnit 5 test class, `AccountErrorResponseTest`, validates the setter and getter methods of the `CustomErrorResponse` model, ensuring its fields like status, reason, message, and timestamp can be correctly set and retrieved. It specifically confirms the proper functioning of the model's data encapsulation for error handling.",,False
https://github.com/HasinthakaPiyumal/AI-Pattern-Mining-Project/tree/main/notebooks/result/ms_repo_callgraph_clusters/crypto_crawler_python/cluster_47.py,"This Python snippet defines `connect_to_message_queue`, a function that initializes and returns a global `MessageQueue` instance using predefined cache host and port settings. Its primary purpose is to establish and manage a single, globally accessible connection to a message queuing system.",,False
https://github.com/HasinthakaPiyumal/AI-Pattern-Mining-Project/tree/main/notebooks/result/ms_repo_callgraph_clusters/RepoGenesis_python/cluster_1.py,"This Python code defines an `RBACServiceTester` class that performs comprehensive integration tests against a Role-Based Access Control (RBAC) API. It systematically makes HTTP requests to create roles, assign permissions, manage user roles, and verify permission checks, logging detailed pass/fail results and providing a summary.",,False
https://github.com/HasinthakaPiyumal/AI-Pattern-Mining-Project/tree/main/notebooks/result/ms_repo_callgraph_clusters/springboot-kafka-microservices_java/cluster_29.java,"This `CustomUserDetails` class implements Spring Security's `UserDetails` interface, serving as a comprehensive representation of an authenticated user within an identity service. It features a static `build` method that constructs user details from a `UserCredential` entity, mapping user roles to `GrantedAuthority` objects and explicit permissions to a set of strings for authorization purposes.",,False
https://github.com/HasinthakaPiyumal/AI-Pattern-Mining-Project/tree/main/notebooks/result/ms_repo_callgraph_clusters/ftgo-application_java/cluster_100.java,"This Java class, `Identity`, functions as a data transfer object (DTO) to encapsulate various identity-related attributes, specifically those often derived from AWS Cognito and API Gateway contexts. It follows the Plain Old Java Object (POJO) pattern, providing standard getters and setters for each field.",,False
https://github.com/HasinthakaPiyumal/AI-Pattern-Mining-Project/tree/main/notebooks/result/ms_repo_callgraph_clusters/RepoGenesis_java/cluster_4.java,"This code comprises a comprehensive suite of API integration tests for multiple microservices, including user authentication, course scheduling, chat gateway, and a blog platform. It leverages RestAssured and JUnit 5 to perform ordered HTTP requests (POST, GET, PUT, DELETE) against local server instances, validating API responses and data integrity using Hamcrest matchers.",,False
https://github.com/HasinthakaPiyumal/AI-Pattern-Mining-Project/tree/main/notebooks/result/ms_repo_callgraph_clusters/RepoGenesis_java/cluster_5.java,"This Java file provides an ordered suite of integration tests for a Quarkus-based blog application's REST API, using RestAssured to perform comprehensive CRUD operations and list/tag retrieval across authors, categories, posts, and comments. It systematically verifies API endpoints by creating, reading, updating, and deleting various entities, asserting expected HTTP statuses and response body content.",,False
https://github.com/HasinthakaPiyumal/AI-Pattern-Mining-Project/tree/main/notebooks/result/ms_repo_callgraph_clusters/ftgo-application_java/cluster_87.java,"This `Identity` class is a Plain Old Java Object (POJO) designed to encapsulate various AWS identity and request context attributes, such as Cognito IDs, account details, and caller information. It provides standard getters and setters for these properties, following the Java bean pattern.",,False
https://github.com/HasinthakaPiyumal/AI-Pattern-Mining-Project/tree/main/notebooks/result/ms_repo_callgraph_clusters/saigonparking_java/cluster_11.java,"This file defines a suite of custom Java annotations for the `saigonparking` application, primarily implementing domain-specific data validation rules like UUIDs, email formats, license plates, and parking lot capacity/time flow using the `javax.validation` framework. It also includes an annotation to enable `@Component` inheritance for abstract classes or interfaces in Spring.",,False
https://github.com/HasinthakaPiyumal/AI-Pattern-Mining-Project/tree/main/notebooks/result/ms_repo_callgraph_clusters/saigonparking_java/cluster_19.java,"This abstract Spring configuration class establishes common infrastructure for the ""Saigon Parking"" application, configuring Protobuf message conversion and customizing Spring's asynchronous execution. It provides a `ThreadPoolTaskExecutor` for `@Async` methods and registers a `CustomAsyncExceptionHandler` to manage uncaught exceptions during asynchronous operations.",,False
https://github.com/HasinthakaPiyumal/AI-Pattern-Mining-Project/tree/main/notebooks/result/ms_repo_callgraph_clusters/saigonparking_java/cluster_9.java,"This code defines two Spring MVC controllers for a `saigonparking` service: a `CustomizedErrorController` to provide a custom error page for HTTP requests, and a `HealthCheckController` that exposes an `/actuator/health` endpoint returning ""OK"", primarily for service discovery.",,False
https://github.com/HasinthakaPiyumal/AI-Pattern-Mining-Project/tree/main/notebooks/result/ms_repo_callgraph_clusters/saigonparking_java/cluster_25.java,"This `ImageUtil` class provides static utility methods for encoding and decoding image data between `byte[]` and `ByteString` formats. Its primary purpose is to facilitate efficient image transmission between server and client components using gRPC's Protocol Buffers, including a utility to check for empty decoded images.",,False
https://github.com/HasinthakaPiyumal/AI-Pattern-Mining-Project/tree/main/notebooks/result/ms_repo_callgraph_clusters/saigonparking_java/cluster_13.java,"This code defines a `BaseBean` interface with `@PostConstruct` and `@PreDestroy` lifecycle hooks, and implements Spring's `DestructionAwareBeanPostProcessor` in `SpringBeanLifeCycle` classes. Its main functionality is to log the creation and destruction events of non-proxy Spring beans within specific application packages, providing a centralized mechanism for monitoring bean lifecycle activity.",,False
https://github.com/HasinthakaPiyumal/AI-Pattern-Mining-Project/tree/main/notebooks/result/ms_repo_callgraph_clusters/saigonparking_java/cluster_26.java,"This code defines a static `LoggingUtil` class, duplicated across `common` and `emulator` packages, which provides a standardized way to log messages using Log4j2. It specifically formats log entries into a consistent `[key] description: value` structure, ensuring uniform and readable logging.",,False
https://github.com/HasinthakaPiyumal/AI-Pattern-Mining-Project/tree/main/notebooks/result/ms_repo_callgraph_clusters/saigonparking_java/cluster_33.java,"This code defines a `SpringApplicationContext` utility class that implements `ApplicationContextAware` to statically store and provide global access to the Spring `ApplicationContext`. It acts as a Service Locator, enabling retrieval of Spring beans via a static `getBean` method, and is notably duplicated across different packages within the application.",,False
https://github.com/HasinthakaPiyumal/AI-Pattern-Mining-Project/tree/main/notebooks/result/ms_repo_callgraph_clusters/saigonparking_java/cluster_39.java,"This Spring Boot controller implements `ErrorController` to provide a custom HTTP endpoint for handling web errors. It maps the `/error` path to return a generic ""error"" view, serving as a basic error page for the `saigonparking.service.contact` application.",,False
https://github.com/HasinthakaPiyumal/AI-Pattern-Mining-Project/tree/main/notebooks/result/ms_repo_callgraph_clusters/saigonparking_java/cluster_35.java,This code defines a custom gRPC `NameResolverProvider` that integrates Spring Cloud's `DiscoveryClient` (configured for Consul) to resolve service names. It enables gRPC clients to discover and connect to services registered via Spring Cloud Consul by providing a custom name resolution mechanism.,,False
https://github.com/HasinthakaPiyumal/AI-Pattern-Mining-Project/tree/main/notebooks/result/ms_repo_callgraph_clusters/saigonparking_java/cluster_1.java,"This code implements a comprehensive gRPC server-side authentication and authorization system for the ""SaigonParking"" application, utilizing JWT tokens for user validation and managing various token types (access, refresh, activation). It employs gRPC interceptors to handle token parsing, context propagation of authenticated user details, and custom error mapping for a robust security layer.",,False
https://github.com/HasinthakaPiyumal/AI-Pattern-Mining-Project/tree/main/notebooks/result/ms_repo_callgraph_clusters/saigonparking_java/cluster_34.java,This code defines a gRPC `NameResolverProvider` that integrates with Spring Cloud's `DiscoveryClient` (defaulting to Consul) to resolve service names. It enables client-side load balancing for gRPC services by providing a custom name resolution mechanism based on discovered service instances.,,False
https://github.com/HasinthakaPiyumal/AI-Pattern-Mining-Project/tree/main/notebooks/result/ms_repo_callgraph_clusters/saigonparking_java/cluster_37.java,"This code implements a custom gRPC `NameResolver` that integrates with Spring Cloud's `DiscoveryClient` (using ""consul"" as the default scheme) to dynamically resolve service addresses. It enables gRPC clients to discover and connect to backend services registered via Consul, providing a mechanism for service discovery and load balancing.",,False
https://github.com/HasinthakaPiyumal/AI-Pattern-Mining-Project/tree/main/notebooks/result/ms_repo_callgraph_clusters/saigonparking_java/cluster_24.java,"This file comprises multiple Spring `@Configuration` classes, each defining the core infrastructure beans for a distinct microservice (e.g., auth, parkinglot, user, booking, contact) within the `SaigonParking` application. These configurations consistently set up gRPC client interceptors, global gRPC server interceptors for standardized exception handling, transaction management, and service-specific utilities like password encoders or QR code writers.",,False
https://github.com/HasinthakaPiyumal/AI-Pattern-Mining-Project/tree/main/notebooks/result/ms_repo_callgraph_clusters/saigonparking_java/cluster_23.java,"This `ImageUtil` class provides utility methods to encode and decode image data, converting between `byte[]` and Google Protocol Buffers' `ByteString`, specifically to facilitate image transfer between server and client in a gRPC communication context. It also includes a helper method to check for empty decoded image data.",,False
https://github.com/HasinthakaPiyumal/AI-Pattern-Mining-Project/tree/main/notebooks/result/ms_repo_callgraph_clusters/saigonparking_java/cluster_20.java,"This Java code defines an abstract `BaseRuntimeException` that extends `RuntimeException`. Its primary functionality is to override `fillInStackTrace()` to prevent the generation and storage of stack trace information, likely for performance optimization or to hide internal implementation details.",,False
https://github.com/HasinthakaPiyumal/AI-Pattern-Mining-Project/tree/main/notebooks/result/ms_repo_callgraph_clusters/saigonparking_java/cluster_16.java,"This abstract Spring configuration class establishes foundational beans and asynchronous execution settings for a Saigon Parking application. It specifically configures a `ProtobufHttpMessageConverter` for message serialization, provides a `SpringApplicationContext` bean, and defines a `ThreadPoolTaskExecutor` with a custom exception handler for async operations.",,False
https://github.com/HasinthakaPiyumal/AI-Pattern-Mining-Project/tree/main/notebooks/result/ms_repo_callgraph_clusters/saigonparking_java/cluster_40.java,"This code implements a custom gRPC `NameResolver` that integrates with Spring Cloud's `DiscoveryClient` to dynamically discover service instances. It resolves a given `serviceId` by fetching its host and port addresses, enabling gRPC clients to connect to available service endpoints for load balancing.",,False
https://github.com/HasinthakaPiyumal/AI-Pattern-Mining-Project/tree/main/notebooks/result/ms_repo_callgraph_clusters/saigonparking_java/cluster_38.java,"This code implements a custom gRPC `NameResolver` that integrates with Spring Cloud's `DiscoveryClient` to dynamically resolve service instances. It queries a service discovery system (likely Consul, given the `consulURI`) for a specified `serviceId` and provides the resolved host and port addresses to the gRPC client for connection and load balancing.",,False
https://github.com/HasinthakaPiyumal/AI-Pattern-Mining-Project/tree/main/notebooks/result/ms_repo_callgraph_clusters/saigonparking_java/cluster_36.java,"This code defines a gRPC `NameResolverProvider` that integrates with Spring Cloud's `DiscoveryClient` (specifically for Consul, indicated by `getDefaultScheme`) to resolve service instances. It provides a custom `SaigonParkingNameResolver` responsible for dynamically discovering the network addresses of gRPC services using the configured discovery client.",,False
https://github.com/HasinthakaPiyumal/AI-Pattern-Mining-Project/tree/main/notebooks/result/ms_repo_callgraph_clusters/saigonparking_java/cluster_17.java,"This abstract Spring configuration class establishes foundational infrastructure for the ""Saigon Parking"" application, providing beans for Protobuf message conversion and programmatic Spring context access. It also configures asynchronous execution by defining a `ThreadPoolTaskExecutor` and a custom exception handler for async methods.",,False
https://github.com/HasinthakaPiyumal/AI-Pattern-Mining-Project/tree/main/notebooks/result/ms_repo_callgraph_clusters/saigonparking_java/cluster_14.java,"This code defines the comprehensive JPA entity model for a ""Saigon Parking Project"" application, covering core domains like users, parking lots, and bookings. It leverages a `BaseEntity` for common fields and optimistic locking, Lombok for boilerplate reduction, and Hibernate-specific annotations such as `@NaturalId` and `@SelectBeforeUpdate` for robust and efficient ORM.",,False
https://github.com/HasinthakaPiyumal/AI-Pattern-Mining-Project/tree/main/notebooks/result/ms_repo_callgraph_clusters/saigonparking_java/cluster_41.java,"This Spring Boot controller provides a simple `/actuator/health` GET endpoint that returns ""OK"". Its primary function is to serve as a health check for service discovery mechanisms like Consul, indicating the application's operational status.",,False
https://github.com/HasinthakaPiyumal/AI-Pattern-Mining-Project/tree/main/notebooks/result/ms_repo_callgraph_clusters/saigonparking_java/cluster_18.java,"This code defines the core Spring configurations for multiple microservices (e.g., auth, parkinglot, user, booking) within the ""SaigonParking"" application. Each service's configuration sets up essential components like transaction management, asynchronous processing, gRPC client/server interceptors with centralized exception mapping, and service-specific utilities such as password encoders or QR code writers.",,False
https://github.com/HasinthakaPiyumal/AI-Pattern-Mining-Project/tree/main/notebooks/result/ms_repo_callgraph_clusters/saigonparking_java/cluster_27.java,"This Java class defines `public static final` string constants, `AUTHORIZATION_KEY_NAME` and `INTERNAL_KEY_NAME`, which serve as specific metadata keys for transactional operations or internal service communication within the SaigonParking application. Its private constructor ensures it functions purely as a container for these shared constants.",,False
https://github.com/HasinthakaPiyumal/AI-Pattern-Mining-Project/tree/main/notebooks/result/ms_repo_callgraph_clusters/saigonparking_java/cluster_0.java,"This gRPC `ForwardingServerCall` implementation intercepts server-side call closures to customize error handling. It specifically transforms `UNKNOWN` status codes with a `null` description and a known exception cause into `INTERNAL` errors, using a provided map to assign a more specific description while logging the original exception type.",,False
https://github.com/HasinthakaPiyumal/AI-Pattern-Mining-Project/tree/main/notebooks/result/ms_repo_callgraph_clusters/train-ticket_java/cluster_56.java,"This JUnit test class validates the `VerifyCodeServiceImpl`, specifically its `getImageCode` and `verifyCode` methods. It extensively mocks `HttpServletRequest` and `HttpServletResponse` using anonymous inner classes, providing minimal implementations to isolate and test the service's core logic for generating and verifying codes.",,False
https://github.com/HasinthakaPiyumal/AI-Pattern-Mining-Project/tree/main/notebooks/result/ms_repo_callgraph_clusters/train-ticket_java/cluster_158.java,"This code implements Spring AOP components to enable distributed tracing, using `SleuthAdvisorConfig` to define pointcuts that target methods or classes annotated with `NewSpan` or `ContinueSpan`. The `SleuthInterceptor` then automatically creates new trace spans, continues existing ones, and adds relevant tags or logs based on these annotations during intercepted method execution.",,False
https://github.com/HasinthakaPiyumal/AI-Pattern-Mining-Project/tree/main/notebooks/result/ms_repo_callgraph_clusters/train-ticket_java/cluster_127.java,"This Spring Boot `@ConfigurationProperties` class, `ChainKeys`, defines a comprehensive set of default and configurable keys (tags) for distributed tracing with Spring Sleuth. It organizes these keys by component type, such as HTTP, messaging, Hystrix, async operations, and MVC, allowing customization via `spring.sleuth.keys` properties.",,False
https://github.com/HasinthakaPiyumal/AI-Pattern-Mining-Project/tree/main/notebooks/result/ms_repo_callgraph_clusters/train-ticket_java/cluster_171.java,"This `ExecutorService` decorator transparently instruments asynchronous task execution (Runnable/Callable) by propagating distributed tracing context. It wraps tasks with custom objects (`LCTRun`, `SCTCall`) to ensure tracing spans are created and managed around their execution, enabling monitoring of concurrent operations.",,False
https://github.com/HasinthakaPiyumal/AI-Pattern-Mining-Project/tree/main/notebooks/result/ms_repo_callgraph_clusters/train-ticket_java/cluster_182.java,"This Spring Boot `@ConfigurationProperties` class (`spring.sleuth.web`) defines configuration settings for Spring Cloud Sleuth's web instrumentation, allowing control over tracing enablement, URL skip patterns, and client-side tracing for both synchronous and asynchronous requests. It uses nested static classes to structure related properties hierarchically.",,False
https://github.com/HasinthakaPiyumal/AI-Pattern-Mining-Project/tree/main/notebooks/result/ms_repo_callgraph_clusters/train-ticket_java/cluster_73.java,"This Java code is a JUnit 4 test class for `VerifyCodeServiceImpl`, specifically testing its `getImageCode` and `verifyCode` methods. It extensively uses anonymous inner classes to manually stub `HttpServletRequest` and `HttpServletResponse` objects, isolating the service logic for unit testing.",,False
https://github.com/HasinthakaPiyumal/AI-Pattern-Mining-Project/tree/main/notebooks/result/ms_repo_callgraph_clusters/train-ticket_java/cluster_31.java,"This `JWTUtil` class provides core functionality for authenticating requests using JSON Web Tokens (JWTs). It validates JWTs extracted from HTTP headers, parses user details (username, roles), and constructs a Spring Security `Authentication` object, incorporating robust error handling for token validation failures.",,False
https://github.com/HasinthakaPiyumal/AI-Pattern-Mining-Project/tree/main/notebooks/result/ms_repo_callgraph_clusters/train-ticket_java/cluster_57.java,"This is a JUnit 4 test class for `VerifyCodeServiceImpl`, designed to verify its `getImageCode` and `verifyCode` methods. It notably employs anonymous inner classes to create mock `HttpServletRequest` and `HttpServletResponse` objects, providing stubbed behavior for isolated unit testing.",,False
https://github.com/HasinthakaPiyumal/AI-Pattern-Mining-Project/tree/main/notebooks/result/ms_repo_callgraph_clusters/train-ticket_java/cluster_68.java,"This is a JUnit test class for `VerifyCodeServiceImpl`, designed to verify its `getImageCode` and `verifyCode` methods. It utilizes extensive anonymous inner classes to create stubbed `HttpServletRequest` and `HttpServletResponse` objects, enabling isolated testing of the service logic without a full servlet container.",,False
https://github.com/HasinthakaPiyumal/AI-Pattern-Mining-Project/tree/main/notebooks/result/ms_repo_callgraph_clusters/train-ticket_java/cluster_155.java,"This Spring `@ConfigurationProperties` class (`SProps`) externalizes and manages the `percentage` property for Spring Sleuth's sampler, defaulting its value to 0.1. It allows configuration of the tracing sampling rate via `spring.sleuth.sampler.percentage`.",,False
https://github.com/HasinthakaPiyumal/AI-Pattern-Mining-Project/tree/main/notebooks/result/ms_repo_callgraph_clusters/train-ticket_java/cluster_86.java,"This is a JUnit 4 unit test class for `VerifyCodeServiceImpl`, designed to verify the functionality of its `getImageCode` and `verifyCode` methods. It extensively uses anonymous inner classes to mock `HttpServletRequest` and `HttpServletResponse` objects, providing default null or empty implementations for all their methods to isolate the service logic during testing.",,False
https://github.com/HasinthakaPiyumal/AI-Pattern-Mining-Project/tree/main/notebooks/result/ms_repo_callgraph_clusters/train-ticket_java/cluster_109.java,"This is a JUnit 4 test class for `VerifyCodeServiceImpl`, designed to verify its `getImageCode` and `verifyCode` functionalities. It extensively uses manual, bare-bones mock implementations for `HttpServletRequest` and `HttpServletResponse` to isolate the service logic during testing.",,False
https://github.com/HasinthakaPiyumal/AI-Pattern-Mining-Project/tree/main/notebooks/result/ms_repo_callgraph_clusters/train-ticket_java/cluster_100.java,"This is a JUnit 4 test class for `VerifyCodeServiceImpl`, designed to verify its functionality for generating and validating image-based verification codes. It employs extensive manual mocking of `HttpServletRequest` and `HttpServletResponse` using anonymous inner classes to isolate the service logic during testing.",,False
https://github.com/HasinthakaPiyumal/AI-Pattern-Mining-Project/tree/main/notebooks/result/ms_repo_callgraph_clusters/train-ticket_java/cluster_25.java,"This Java class, `VerifyResult`, functions as a simple data transfer object (DTO) to encapsulate the outcome of a verification process. It utilizes Lombok's `@Data` annotation to automatically generate boilerplate code for its `status` (boolean) and `message` (String) fields, providing a concise way to report verification results.",,False
https://github.com/HasinthakaPiyumal/AI-Pattern-Mining-Project/tree/main/notebooks/result/ms_repo_callgraph_clusters/train-ticket_java/cluster_44.java,"These two Java classes, `QueryInfo` and `OrderInfo`, serve as data transfer objects (DTOs) for encapsulating various query parameters such as user ID, travel dates, purchase dates, and order state. They utilize Lombok's `@Data` annotation for boilerplate reduction and employ a consistent pattern of `enableXQuery` and `disableXQuery` methods to dynamically activate or deactivate specific search criteria.",,False
https://github.com/HasinthakaPiyumal/AI-Pattern-Mining-Project/tree/main/notebooks/result/ms_repo_callgraph_clusters/train-ticket_java/cluster_166.java,"This code defines Spring Boot `@ConfigurationProperties` for Spring Sleuth, enabling configuration of its distributed tracing behavior for scheduled tasks and web interactions. It allows users to enable/disable instrumentation and specify URL patterns to skip for both scheduled jobs and various web components, including client-side and asynchronous operations.",,False
https://github.com/HasinthakaPiyumal/AI-Pattern-Mining-Project/tree/main/notebooks/result/ms_repo_callgraph_clusters/train-ticket_java/cluster_139.java,"This Spring Boot `@ConfigurationProperties` class (`ChainKeys`) centralizes and defines default keys/tags for Spring Sleuth's distributed tracing. It categorizes these customizable keys for various application components, including HTTP requests, messaging, Hystrix commands, asynchronous operations, and MVC controllers.",,False
https://github.com/HasinthakaPiyumal/AI-Pattern-Mining-Project/tree/main/notebooks/result/ms_repo_callgraph_clusters/train-ticket_java/cluster_106.java,"This JUnit 4 test class validates the `VerifyCodeServiceImpl`, specifically its `getImageCode` and `verifyCode` functionalities. It employs manually stubbed `HttpServletRequest` and `HttpServletResponse` objects to isolate and test the service logic without a full servlet container.",,False
https://github.com/HasinthakaPiyumal/AI-Pattern-Mining-Project/tree/main/notebooks/result/ms_repo_callgraph_clusters/train-ticket_java/cluster_187.java,"This code provides an instrumented `AsyncRestTemplate` (`TARTemp`) that automatically manages distributed tracing spans for asynchronous HTTP client requests. It wraps the `ListenableFuture` returned by `doExecute` to ensure tracing spans are properly continued, closed, and tagged with success or failure information upon request completion, integrating with a custom `Chainer` API.",,False
https://github.com/HasinthakaPiyumal/AI-Pattern-Mining-Project/tree/main/notebooks/result/ms_repo_callgraph_clusters/train-ticket_java/cluster_21.java,"This code defines a `User` JPA entity that implements Spring Security's `UserDetails` for storing user credentials and roles, alongside a `JWTUtil` class. The `JWTUtil` is responsible for extracting, validating, and parsing JSON Web Tokens from requests to create Spring Security `Authentication` objects based on the token's contained user details and roles.",,False
https://github.com/HasinthakaPiyumal/AI-Pattern-Mining-Project/tree/main/notebooks/result/ms_repo_callgraph_clusters/train-ticket_java/cluster_13.java,"This extensive code file defines numerous JPA entities and Spring services for a microservice-based train ticket booking system, covering functionalities like user authentication, trip information retrieval, comprehensive order management (creation, query, update, cancellation, rebooking), and related services such as payment, consignment, and food delivery. It leverages Lombok for concise data models, `RestTemplate` for inter-service communication, and includes custom JWT authentication and distributed tracing.",,False
https://github.com/HasinthakaPiyumal/AI-Pattern-Mining-Project/tree/main/notebooks/result/ms_repo_callgraph_clusters/train-ticket_java/cluster_118.java,"This code defines an immutable `Log` data class, designed to represent a log entry with a timestamp and an event string. It utilizes Jackson annotations (`@JsonCreator`, `@JsonProperty`) for robust JSON deserialization and overrides `equals`, `hashCode`, and `toString` for standard object behavior.",,False
https://github.com/HasinthakaPiyumal/AI-Pattern-Mining-Project/tree/main/notebooks/result/ms_repo_callgraph_clusters/train-ticket_java/cluster_184.java,"This Spring Boot auto-configuration class sets up distributed tracing for web applications by registering a web filter and an aspect to instrument HTTP requests and responses. It dynamically configures URL patterns to skip from tracing, integrating with Spring Boot's management server properties if present.",,False
https://github.com/HasinthakaPiyumal/AI-Pattern-Mining-Project/tree/main/notebooks/result/ms_repo_callgraph_clusters/train-ticket_java/cluster_91.java,"This JUnit4 test class validates the `VerifyCodeServiceImpl` by testing its `getImageCode` and `verifyCode` methods. It employs manual mocking for `HttpServletRequest` and `HttpServletResponse` through anonymous inner classes, providing empty implementations to isolate the service logic during testing.",,False
https://github.com/HasinthakaPiyumal/AI-Pattern-Mining-Project/tree/main/notebooks/result/ms_repo_callgraph_clusters/train-ticket_java/cluster_87.java,"This Java code is a JUnit test class for `VerifyCodeServiceImpl`, designed to verify its functionality. It uses extensively mocked `HttpServletRequest` and `HttpServletResponse` objects to test methods like `getImageCode` (ensuring a non-null return map containing a generated code string) and `verifyCode` (asserting a specific verification failure).",,False
https://github.com/HasinthakaPiyumal/AI-Pattern-Mining-Project/tree/main/notebooks/result/ms_repo_callgraph_clusters/train-ticket_java/cluster_135.java,"This Spring Boot `@ConfigurationProperties` class, `ChainKeys`, defines a structured set of default keys (tags) used by Spring Cloud Sleuth for distributed tracing across various components like HTTP requests, message processing, Hystrix commands, asynchronous operations, and MVC controller calls. It enables external configuration to customize the names of these tracing tags.",,False
https://github.com/HasinthakaPiyumal/AI-Pattern-Mining-Project/tree/main/notebooks/result/ms_repo_callgraph_clusters/train-ticket_java/cluster_62.java,"This is a JUnit 4 test class for `VerifyCodeServiceImpl`, designed to verify its functionality for generating and validating verification codes. It extensively uses anonymous inner classes to stub `HttpServletRequest` and `HttpServletResponse` objects, enabling isolated unit testing of methods like `getImageCode` and `verifyCode`.",,False
https://github.com/HasinthakaPiyumal/AI-Pattern-Mining-Project/tree/main/notebooks/result/ms_repo_callgraph_clusters/train-ticket_java/cluster_167.java,"This class implements `ExecutorService` using a decorator pattern, wrapping an existing `ExecutorService` to inject tracing and monitoring capabilities into asynchronous tasks. It automatically instruments `Runnable` and `Callable` submissions with `Chainer` and `ItemNamer` to propagate distributed tracing context across thread boundaries.",,False
https://github.com/HasinthakaPiyumal/AI-Pattern-Mining-Project/tree/main/notebooks/result/ms_repo_callgraph_clusters/train-ticket_java/cluster_129.java,"This `ChainKeys` class defines and organizes customizable key names for a distributed tracing system, specifically for Spring Cloud Sleuth's monitoring tags across HTTP, messaging, Hystrix, async, and MVC contexts. It leverages Spring Boot's `@ConfigurationProperties` to allow external configuration of these tracing tag keys via `spring.sleuth.keys` properties.",,False
https://github.com/HasinthakaPiyumal/AI-Pattern-Mining-Project/tree/main/notebooks/result/ms_repo_callgraph_clusters/train-ticket_java/cluster_126.java,"This Spring `@ConfigurationProperties` class defines a structured set of default keys and prefixes for various monitoring aspects within a Spring Sleuth distributed tracing context. It organizes these customizable keys for HTTP, message, Hystrix, async operations, and MVC controllers into nested classes, allowing them to be configured externally.",,False
https://github.com/HasinthakaPiyumal/AI-Pattern-Mining-Project/tree/main/notebooks/result/ms_repo_callgraph_clusters/train-ticket_java/cluster_168.java,"This class acts as a decorator for `ExecutorService`, instrumenting submitted `Runnable` and `Callable` tasks with tracing context using `Chainer`, `ChainKeys`, and `ItemNamer`. It ensures that asynchronous operations executed via this service propagate monitoring information, optionally resolving tracing components via a `BeanFactory`.",,False
https://github.com/HasinthakaPiyumal/AI-Pattern-Mining-Project/tree/main/notebooks/result/ms_repo_callgraph_clusters/train-ticket_java/cluster_151.java,"This Java class defines externalized configuration properties for Spring Sleuth metrics, allowing users to enable/disable them and customize the names of ""accepted"" and ""dropped"" span counters. It utilizes Spring's `@ConfigurationProperties` annotation to bind properties prefixed with `spring.sleuth.metric`.",,False
https://github.com/HasinthakaPiyumal/AI-Pattern-Mining-Project/tree/main/notebooks/result/ms_repo_callgraph_clusters/train-ticket_java/cluster_121.java,"This Spring Boot `@ConfigurationProperties` class, `ChainKeys`, centralizes and allows customization of the tag keys used by Spring Cloud Sleuth for distributed tracing. It provides a structured configuration for trace tag names across various components like HTTP requests, messages, Hystrix commands, asynchronous operations, and MVC controllers.",,False
https://github.com/HasinthakaPiyumal/AI-Pattern-Mining-Project/tree/main/notebooks/result/ms_repo_callgraph_clusters/train-ticket_java/cluster_154.java,"This Java class, `NeverSampler`, implements the `Sampler` interface and provides a singleton instance. Its `isSampled` method always returns `false`, ensuring that it will never sample any items for monitoring.",,False
https://github.com/HasinthakaPiyumal/AI-Pattern-Mining-Project/tree/main/notebooks/result/ms_repo_callgraph_clusters/train-ticket_java/cluster_88.java,"This JUnit 4 test class validates the `VerifyCodeServiceImpl`, specifically its `getImageCode` and `verifyCode` methods. It notably uses extensive anonymous inner classes to create stub implementations of `HttpServletRequest` and `HttpServletResponse` for isolated unit testing of the verification code generation and validation logic.",,False
https://github.com/HasinthakaPiyumal/AI-Pattern-Mining-Project/tree/main/notebooks/result/ms_repo_callgraph_clusters/train-ticket_java/cluster_176.java,"This `TSEServ` class acts as a decorator for `ScheduledExecutorService`, transparently injecting distributed tracing context into `Runnable` and `Callable` tasks before they are scheduled. It achieves this by wrapping tasks with `SCTRun` and `SCTCall` to propagate tracing information across asynchronous boundaries.",,False
https://github.com/HasinthakaPiyumal/AI-Pattern-Mining-Project/tree/main/notebooks/result/ms_repo_callgraph_clusters/train-ticket_java/cluster_175.java,"This class acts as a decorator for Spring's `ThreadPoolTaskExecutor`, instrumenting asynchronous task submissions for distributed tracing. It achieves this by wrapping `Runnable` and `Callable` tasks with tracing context (`SCTRun`/`SCTCall`) before delegation, dynamically resolving tracing components like `Chainer` and `ItemNamer` from the `BeanFactory`.",,False
https://github.com/HasinthakaPiyumal/AI-Pattern-Mining-Project/tree/main/notebooks/result/ms_repo_callgraph_clusters/train-ticket_java/cluster_142.java,"This Spring Boot `@ConfigurationProperties` class, `ChainKeys`, centralizes the definition of configurable keys and tags used by Spring Sleuth for distributed tracing. It provides specific attributes for monitoring various components like HTTP requests, message queues, Hystrix commands, asynchronous operations, and MVC controllers, allowing customization of trace data.",,False
https://github.com/HasinthakaPiyumal/AI-Pattern-Mining-Project/tree/main/notebooks/result/ms_repo_callgraph_clusters/train-ticket_java/cluster_144.java,"This Spring Boot `@ConfigurationProperties` class (`spring.sleuth.log.slf4j`) defines settings for Spring Cloud Sleuth's SLF4J logging integration, allowing configuration of its enablement and a pattern to skip specific logger names. It provides a structured way to bind external properties for controlling Sleuth's logging behavior.",,False
https://github.com/HasinthakaPiyumal/AI-Pattern-Mining-Project/tree/main/notebooks/result/ms_repo_callgraph_clusters/train-ticket_java/cluster_140.java,"This Spring Boot `@ConfigurationProperties` class, `ChainKeys`, centralizes and manages default tag names and prefixes for various monitoring aspects within a Spring Cloud Sleuth-based distributed tracing system. It provides customizable keys for HTTP requests, message processing, Hystrix commands, asynchronous operations, and MVC controller interactions, allowing them to be overridden via external configuration.",,False
https://github.com/HasinthakaPiyumal/AI-Pattern-Mining-Project/tree/main/notebooks/result/ms_repo_callgraph_clusters/train-ticket_java/cluster_180.java,"This Spring `@Configuration` class provides auto-configuration for web-based distributed tracing, conditionally defining beans to inject trace keys into HTTP requests, extract span details (with a configurable skip pattern), and inject span information, integrating with a `Chainer` for distributed tracing.",,False
https://github.com/HasinthakaPiyumal/AI-Pattern-Mining-Project/tree/main/notebooks/result/ms_repo_callgraph_clusters/train-ticket_java/cluster_79.java,"This Java file is a JUnit 4 test suite for `VerifyCodeServiceImpl`, designed to test its functionality for generating and verifying image-based verification codes (CAPTCHAs). It employs verbose anonymous inner classes to create stub `HttpServletRequest` and `HttpServletResponse` objects, isolating the service logic for unit testing.",,False
https://github.com/HasinthakaPiyumal/AI-Pattern-Mining-Project/tree/main/notebooks/result/ms_repo_callgraph_clusters/train-ticket_java/cluster_47.java,"This Spring `@Configuration` class integrates Alibaba Sentinel with Spring Cloud Gateway to implement API gateway flow control. It configures a global Sentinel filter and exception handler, specifically initializing a flow rule that limits requests to the ""admin-basic-info"" route to 20 QPS.",,False
https://github.com/HasinthakaPiyumal/AI-Pattern-Mining-Project/tree/main/notebooks/result/ms_repo_callgraph_clusters/train-ticket_java/cluster_163.java,"This utility class defines a set of `public static final` string constants representing standard header names for distributed tracing metadata, such as span ID, trace ID, and parent ID. It centralizes these names for consistent use within a message monitoring and instrumentation framework.",,False
https://github.com/HasinthakaPiyumal/AI-Pattern-Mining-Project/tree/main/notebooks/result/ms_repo_callgraph_clusters/train-ticket_java/cluster_70.java,"This JUnit 4 test class validates the `VerifyCodeServiceImpl`, specifically its functionality for generating image-based verification codes and verifying submitted codes. It extensively uses manually implemented anonymous inner classes to mock `HttpServletRequest` and `HttpServletResponse` objects, providing dummy implementations for all their methods to simulate a web environment for testing.",,False
https://github.com/HasinthakaPiyumal/AI-Pattern-Mining-Project/tree/main/notebooks/result/ms_repo_callgraph_clusters/train-ticket_java/cluster_125.java,"This class defines a comprehensive set of configurable keys and tags for a Spring Cloud Sleuth distributed tracing system. It uses Spring Boot's `@ConfigurationProperties` to allow customization of attribute names for various operations like HTTP requests, message processing, Hystrix commands, async tasks, and MVC calls.",,False
https://github.com/HasinthakaPiyumal/AI-Pattern-Mining-Project/tree/main/notebooks/result/ms_repo_callgraph_clusters/train-ticket_java/cluster_161.java,"This Spring Boot auto-configuration class sets up components for integrating Sleuth's distributed tracing with annotations. It conditionally provides beans like `SpanCreator` and `TagValueExpressionResolver` to enable automatic span creation and dynamic tag resolution for annotated methods, enhancing observability.",,False
https://github.com/HasinthakaPiyumal/AI-Pattern-Mining-Project/tree/main/notebooks/result/ms_repo_callgraph_clusters/train-ticket_java/cluster_93.java,This JUnit test class validates the `VerifyCodeServiceImpl`'s functionality for generating and verifying image-based verification codes. It employs extensive manual mocking of `HttpServletRequest` and `HttpServletResponse` to isolate the service logic during testing.,,False
https://github.com/HasinthakaPiyumal/AI-Pattern-Mining-Project/tree/main/notebooks/result/ms_repo_callgraph_clusters/train-ticket_java/cluster_46.java,"This Spring Cloud Gateway configuration integrates Alibaba Sentinel to implement API gateway flow control. It sets up a global Sentinel filter, a block exception handler, and specifically defines a QPS limit of 20 requests per second for the ""admin-basic-info"" route.",,False
https://github.com/HasinthakaPiyumal/AI-Pattern-Mining-Project/tree/main/notebooks/result/ms_repo_callgraph_clusters/train-ticket_java/cluster_104.java,"This JUnit test file validates the `VerifyCodeServiceImpl` by testing its `getImageCode` and `verifyCode` methods. It employs manual stubbing for `HttpServletRequest` and `HttpServletResponse` interfaces, providing empty implementations to isolate the service logic during testing.",,False
https://github.com/HasinthakaPiyumal/AI-Pattern-Mining-Project/tree/main/notebooks/result/ms_repo_callgraph_clusters/train-ticket_java/cluster_82.java,"This JUnit4 test class validates the `VerifyCodeServiceImpl`, specifically its `getImageCode` generation and `verifyCode` validation methods. It utilizes extensive manual mocking of `HttpServletRequest` and `HttpServletResponse` to isolate the service logic for testing.",,False
https://github.com/HasinthakaPiyumal/AI-Pattern-Mining-Project/tree/main/notebooks/result/ms_repo_callgraph_clusters/train-ticket_java/cluster_149.java,"This Spring Boot configuration class (`SMProp`) defines externalizable properties for Spring Sleuth metrics, allowing users to enable/disable metric collection and customize the names of ""accepted"" and ""dropped"" span counters. It leverages `@ConfigurationProperties` to bind values from `spring.sleuth.metric` in application configuration files.",,False
https://github.com/HasinthakaPiyumal/AI-Pattern-Mining-Project/tree/main/notebooks/result/ms_repo_callgraph_clusters/train-ticket_java/cluster_131.java,"This Spring Boot `@ConfigurationProperties` class, `ChainKeys`, centralizes and externalizes the configuration of key names for distributed tracing, providing default strings for various contexts like HTTP, messaging, Hystrix, async operations, and MVC controllers. It allows these tracing key definitions to be easily overridden via application properties.",,False
https://github.com/HasinthakaPiyumal/AI-Pattern-Mining-Project/tree/main/notebooks/result/ms_repo_callgraph_clusters/train-ticket_java/cluster_170.java,"This `TEServ` class acts as a decorator for `ExecutorService`, transparently instrumenting asynchronous task execution with tracing capabilities. It wraps submitted `Runnable` and `Callable` tasks to propagate tracing context (e.g., span names, chain keys) using a `Chainer` and `ItemNamer`, with dependencies optionally resolved via a Spring `BeanFactory`.",,False
https://github.com/HasinthakaPiyumal/AI-Pattern-Mining-Project/tree/main/notebooks/result/ms_repo_callgraph_clusters/train-ticket_java/cluster_123.java,"This Spring `@ConfigurationProperties` class, `ChainKeys`, centralizes and allows customization of the default key names used by Spring Cloud Sleuth for various tracing tags, encompassing HTTP, messaging, Hystrix, asynchronous, and MVC operations. It provides a structured way to configure the specific attribute names used in distributed tracing spans.",,False
https://github.com/HasinthakaPiyumal/AI-Pattern-Mining-Project/tree/main/notebooks/result/ms_repo_callgraph_clusters/train-ticket_java/cluster_90.java,This JUnit 4 test class validates the `getImageCode` and `verifyCode` methods of `VerifyCodeServiceImpl`. It extensively mocks `HttpServletRequest` and `HttpServletResponse` using anonymous inner classes to facilitate isolated unit testing of the service logic.,,False
https://github.com/HasinthakaPiyumal/AI-Pattern-Mining-Project/tree/main/notebooks/result/ms_repo_callgraph_clusters/train-ticket_java/cluster_148.java,"This code defines an `ItemMetricReporter` interface for tracking accepted and dropped ""spans,"" providing two implementations: `CSBSMRep` which actively increments Spring Boot Actuator `CounterService` metrics, and `NOIMRep` which serves as a no-op reporter. It uses an interface-based approach to allow flexible metric reporting strategies.",,False
https://github.com/HasinthakaPiyumal/AI-Pattern-Mining-Project/tree/main/notebooks/result/ms_repo_callgraph_clusters/train-ticket_java/cluster_65.java,"This is a JUnit 4 test class for `VerifyCodeServiceImpl`, designed to unit test its `getImageCode` and `verifyCode` methods. It employs anonymous inner classes to mock `HttpServletRequest` and `HttpServletResponse` objects, enabling isolated testing of the service's functionality without requiring a full servlet container.",,False
https://github.com/HasinthakaPiyumal/AI-Pattern-Mining-Project/tree/main/notebooks/result/ms_repo_callgraph_clusters/train-ticket_java/cluster_185.java,"This code defines a custom `AsyncRestTemplate` named `TARTemp` that instruments asynchronous HTTP client calls for distributed tracing. It wraps `ListenableFuture` callbacks to ensure tracing spans are correctly continued, closed, and tagged with success/failure information across asynchronous request lifecycles.",,False
https://github.com/HasinthakaPiyumal/AI-Pattern-Mining-Project/tree/main/notebooks/result/ms_repo_callgraph_clusters/train-ticket_java/cluster_128.java,"This Spring Boot `@ConfigurationProperties` class, `ChainKeys`, centralizes the configuration of various keys (tags) used for distributed tracing and monitoring within a Spring Sleuth context. It provides customizable default names for tracing attributes related to HTTP requests, messages, Hystrix commands, asynchronous operations, and MVC controllers.",,False
https://github.com/HasinthakaPiyumal/AI-Pattern-Mining-Project/tree/main/notebooks/result/ms_repo_callgraph_clusters/train-ticket_java/cluster_35.java,"This code primarily defines various Spring Boot configuration properties, with a significant focus on **Spring Cloud Sleuth** for managing distributed tracing, logging, and sampling behavior across different application components. It also includes an example of an asynchronous task using `RestTemplate` for inter-service communication.",,False
https://github.com/HasinthakaPiyumal/AI-Pattern-Mining-Project/tree/main/notebooks/result/ms_repo_callgraph_clusters/train-ticket_java/cluster_72.java,This JUnit test class validates the `VerifyCodeServiceImpl` by creating mock `HttpServletRequest` and `HttpServletResponse` objects (with all methods returning nulls) to test its `getImageCode` and `verifyCode` methods. It specifically asserts that `getImageCode` returns a non-null map containing a verification string and that `verifyCode` returns false for a given input.,,False
https://github.com/HasinthakaPiyumal/AI-Pattern-Mining-Project/tree/main/notebooks/result/ms_repo_callgraph_clusters/train-ticket_java/cluster_85.java,"This Java code is a JUnit test class for `VerifyCodeServiceImpl`, designed to verify the functionality of its image code generation and verification methods. It employs extensive mocking of `HttpServletRequest` and `HttpServletResponse` objects to isolate the service logic for unit testing.",,False
https://github.com/HasinthakaPiyumal/AI-Pattern-Mining-Project/tree/main/notebooks/result/ms_repo_callgraph_clusters/train-ticket_java/cluster_59.java,"This is a JUnit 4 test class for `VerifyCodeServiceImpl`, designed to verify its functionality for generating and validating verification codes. It manually mocks `HttpServletRequest` and `HttpServletResponse` with empty implementations to test methods like `getImageCode` and `verifyCode`.",,False
https://github.com/HasinthakaPiyumal/AI-Pattern-Mining-Project/tree/main/notebooks/result/ms_repo_callgraph_clusters/train-ticket_java/cluster_178.java,"This `TSOStr` class acts as a decorator for `ServletOutputStream`, designed to instrument web responses within a monitoring system. It transparently delegates all stream operations but specifically annotates a provided monitoring `Item` (span) with ""Server Send"" when the output stream is flushed or closed, marking the completion of the server's response transmission.",,False
https://github.com/HasinthakaPiyumal/AI-Pattern-Mining-Project/tree/main/notebooks/result/ms_repo_callgraph_clusters/train-ticket_java/cluster_143.java,"This code defines a collection of Spring Boot `@ConfigurationProperties` classes, enabling externalized configuration for various aspects of Spring Sleuth's distributed tracing functionality. It allows users to customize settings such as logging, metrics, annotation processing, scheduled tasks, and web instrumentation, often including enablement flags and skip patterns.",,False
https://github.com/HasinthakaPiyumal/AI-Pattern-Mining-Project/tree/main/notebooks/result/ms_repo_callgraph_clusters/train-ticket_java/cluster_174.java,"This `ThreadPoolTaskExecutor` decorator automatically instruments asynchronous tasks by wrapping `Runnable` and `Callable` submissions with tracing context (e.g., `Chainer`, `ChainKeys`). This ensures distributed tracing information propagates correctly across thread boundaries for monitoring purposes.",,False
https://github.com/HasinthakaPiyumal/AI-Pattern-Mining-Project/tree/main/notebooks/result/ms_repo_callgraph_clusters/train-ticket_java/cluster_145.java,"This utility class, `TextMapUtil`, provides a static method `asMap` to convert an iterable of string map entries into a `TreeMap` that maintains its keys in a case-insensitive alphabetical order.",,False
https://github.com/HasinthakaPiyumal/AI-Pattern-Mining-Project/tree/main/notebooks/result/ms_repo_callgraph_clusters/train-ticket_java/cluster_186.java,"This code defines a custom `AsyncRestTemplate` named `TARTemp` that automatically instruments asynchronous HTTP client requests for distributed tracing. It wraps the `ListenableFuture` results and their callbacks to ensure tracing spans are properly continued, logged (e.g., `CLIENT_RECV`, error tags), and closed upon request completion or failure.",,False
https://github.com/HasinthakaPiyumal/AI-Pattern-Mining-Project/tree/main/notebooks/result/ms_repo_callgraph_clusters/train-ticket_java/cluster_84.java,"This Java file is a JUnit 4 test suite for `VerifyCodeServiceImpl`, designed to verify its `getImageCode` and `verifyCode` methods. It utilizes manually created, basic stub implementations of `HttpServletRequest` and `HttpServletResponse` to simulate web environment interactions during testing.",,False
https://github.com/HasinthakaPiyumal/AI-Pattern-Mining-Project/tree/main/notebooks/result/ms_repo_callgraph_clusters/train-ticket_java/cluster_122.java,"This Spring Boot `@ConfigurationProperties` class, `ChainKeys`, centralizes and allows customization of various keys and prefixes used for distributed tracing and monitoring across different components like HTTP, messaging, Hystrix, asynchronous operations, and MVC controllers. It provides default values for these monitoring tags, which can be overridden via external configuration.",,False
https://github.com/HasinthakaPiyumal/AI-Pattern-Mining-Project/tree/main/notebooks/result/ms_repo_callgraph_clusters/train-ticket_java/cluster_95.java,"This Java file is a JUnit 4 test class for `VerifyCodeServiceImpl`, designed to validate its `getImageCode` and `verifyCode` functionalities. It utilizes verbose anonymous inner classes to manually mock `HttpServletRequest` and `HttpServletResponse` with empty implementations for isolated unit testing.",,False
https://github.com/HasinthakaPiyumal/AI-Pattern-Mining-Project/tree/main/notebooks/result/ms_repo_callgraph_clusters/train-ticket_java/cluster_169.java,"This code provides a decorator for `ExecutorService` that automatically instruments asynchronous task execution with distributed tracing. It wraps submitted `Runnable` and `Callable` tasks to propagate tracing context, ensuring that spans are correctly managed across thread boundaries.",,False
https://github.com/HasinthakaPiyumal/AI-Pattern-Mining-Project/tree/main/notebooks/result/ms_repo_callgraph_clusters/train-ticket_java/cluster_132.java,"This Spring Boot `@ConfigurationProperties` class, `ChainKeys`, defines a structured set of configurable string keys used for various monitoring and tracing aspects within a distributed system. It organizes these keys into categories like HTTP, Message, Hystrix, Async, and MVC, allowing external configuration of the names used for metrics or trace tags.",,False
https://github.com/HasinthakaPiyumal/AI-Pattern-Mining-Project/tree/main/notebooks/result/ms_repo_callgraph_clusters/train-ticket_java/cluster_37.java,"This Spring component, `EmailProperties`, serves as a strongly-typed configuration holder for email service connection details. It uses `@ConfigurationProperties(""email"")` to automatically bind external properties like host, port, username, and password from application configuration files into its fields.",,False
https://github.com/HasinthakaPiyumal/AI-Pattern-Mining-Project/tree/main/notebooks/result/ms_repo_callgraph_clusters/train-ticket_java/cluster_113.java,"This Java class, `GetAccountByIdResult`, functions as a data transfer object (DTO) to encapsulate the result of an operation to retrieve an account by ID. It uses Lombok's `@Data` annotation to provide a concise structure, including a boolean status, a descriptive message, and the retrieved `Account` entity.",,False
https://github.com/HasinthakaPiyumal/AI-Pattern-Mining-Project/tree/main/notebooks/result/ms_repo_callgraph_clusters/train-ticket_java/cluster_60.java,"This Java file is a JUnit4 test suite for `VerifyCodeServiceImpl`, designed to verify its core functionalities like generating image verification codes and validating input codes. It notably employs extensive manual stubbing of `HttpServletRequest` and `HttpServletResponse` objects to isolate the service logic during testing.",,False
https://github.com/HasinthakaPiyumal/AI-Pattern-Mining-Project/tree/main/notebooks/result/ms_repo_callgraph_clusters/train-ticket_java/cluster_61.java,This JUnit 4 test class validates the `VerifyCodeServiceImpl` by testing its `getImageCode` and `verifyCode` methods. It notably employs extensive manual mocking for `HttpServletRequest` and `HttpServletResponse` using anonymous inner classes that return nulls or empty values for all methods.,,False
https://github.com/HasinthakaPiyumal/AI-Pattern-Mining-Project/tree/main/notebooks/result/ms_repo_callgraph_clusters/train-ticket_java/cluster_24.java,"This Java code defines `BaseException`, an unchecked exception extending `RuntimeException`, to serve as a common base for application-specific errors within the `edu.fudan` system. It provides standard constructors for message-only and message-with-cause exceptions, facilitating consistent error handling.",,False
https://github.com/HasinthakaPiyumal/AI-Pattern-Mining-Project/tree/main/notebooks/result/ms_repo_callgraph_clusters/train-ticket_java/cluster_54.java,"This Java class, `GetPriceDomain`, serves as a data transfer object (DTO) to encapsulate `weight` and `isWithinRegion` parameters, likely for a price calculation service. It leverages Lombok's `@Data` annotation to automatically generate standard boilerplate methods like getters and setters.",,False
https://github.com/HasinthakaPiyumal/AI-Pattern-Mining-Project/tree/main/notebooks/result/ms_repo_callgraph_clusters/train-ticket_java/cluster_110.java,"This Java file is a JUnit test suite for the `VerifyCodeServiceImpl` class, specifically verifying its `getImageCode` and `verifyCode` methods. It employs a manual mocking approach by implementing `HttpServletRequest` and `HttpServletResponse` as anonymous inner classes, with most methods returning default or null values, to isolate the service logic for testing.",,False
https://github.com/HasinthakaPiyumal/AI-Pattern-Mining-Project/tree/main/notebooks/result/ms_repo_callgraph_clusters/train-ticket_java/cluster_108.java,"This JUnit 4 test class validates the `VerifyCodeServiceImpl`, specifically testing its `getImageCode` (likely for CAPTCHA generation) and `verifyCode` methods. It employs mock `HttpServletRequest` and `HttpServletResponse` objects with default empty implementations to isolate the service logic for unit testing.",,False
https://github.com/HasinthakaPiyumal/AI-Pattern-Mining-Project/tree/main/notebooks/result/ms_repo_callgraph_clusters/train-ticket_java/cluster_153.java,"This `IsChainingSampler` implements the `Sampler` interface, determining if a monitoring span should be sampled. It delegates this decision entirely to an injected `ItemAccessor`, sampling only when `isTracing()` indicates that tracing is active.",,False
https://github.com/HasinthakaPiyumal/AI-Pattern-Mining-Project/tree/main/notebooks/result/ms_repo_callgraph_clusters/train-ticket_java/cluster_120.java,"This Spring Boot `@ConfigurationProperties` class, `ChainKeys`, centralizes and defines default tag keys for Spring Cloud Sleuth's distributed tracing. It provides configurable names for span tags related to HTTP, messaging, Hystrix, asynchronous operations, and MVC controllers, along with options to specify headers for tracing.",,False
https://github.com/HasinthakaPiyumal/AI-Pattern-Mining-Project/tree/main/notebooks/result/ms_repo_callgraph_clusters/train-ticket_java/cluster_83.java,"This JUnit test class validates the `getImageCode` and `verifyCode` methods of `VerifyCodeServiceImpl`. It utilizes extensively stubbed `HttpServletRequest` and `HttpServletResponse` objects, implemented as anonymous inner classes, to provide controlled inputs for testing the service's logic in isolation.",,False
https://github.com/HasinthakaPiyumal/AI-Pattern-Mining-Project/tree/main/notebooks/result/ms_repo_callgraph_clusters/train-ticket_java/cluster_98.java,"This JUnit 4 test class validates the `VerifyCodeServiceImpl`, specifically its `getImageCode` and `verifyCode` methods. It employs manually mocked `HttpServletRequest` and `HttpServletResponse` objects, with all their methods returning default null or empty values, to isolate the service logic during testing.",,False
https://github.com/HasinthakaPiyumal/AI-Pattern-Mining-Project/tree/main/notebooks/result/ms_repo_callgraph_clusters/train-ticket_java/cluster_50.java,"This code implements a distributed tracing framework, akin to Spring Cloud Sleuth, to monitor application execution flow. It leverages Spring AOP with custom annotations (`@NewSpan`, `@ContinueSpan`, `@SpanTag`) for declarative tracing and instruments various asynchronous execution mechanisms and Spring Web components to propagate tracing context across threads and service calls.",,False
https://github.com/HasinthakaPiyumal/AI-Pattern-Mining-Project/tree/main/notebooks/result/ms_repo_callgraph_clusters/train-ticket_java/cluster_64.java,"This JUnit 4 test class validates the `VerifyCodeServiceImpl`, specifically its methods for generating image verification codes and verifying them. It notably employs extensive manual mocking of `HttpServletRequest` and `HttpServletResponse` using anonymous inner classes to isolate the service logic during testing.",,False
https://github.com/HasinthakaPiyumal/AI-Pattern-Mining-Project/tree/main/notebooks/result/ms_repo_callgraph_clusters/train-ticket_java/cluster_22.java,"This code defines a Spring Security `UserDetails` entity for user persistence and authentication, alongside a utility class for processing JSON Web Tokens (JWTs). The `JWTUtil` extracts user details and roles from incoming JWTs to create Spring Security authentication tokens, handling various token validation and parsing exceptions.",,False
https://github.com/HasinthakaPiyumal/AI-Pattern-Mining-Project/tree/main/notebooks/result/ms_repo_callgraph_clusters/train-ticket_java/cluster_49.java,"This Spring Cloud Gateway configuration integrates Alibaba Sentinel to implement API gateway flow control. It sets up a global filter and an exception handler, specifically initializing a QPS-based rate limit of 20 requests per second for the ""admin-basic-info"" route.",,False
https://github.com/HasinthakaPiyumal/AI-Pattern-Mining-Project/tree/main/notebooks/result/ms_repo_callgraph_clusters/train-ticket_java/cluster_107.java,"This Java file is a JUnit test class for `VerifyCodeServiceImpl`, designed to verify its functionality for generating and validating image verification codes. It extensively uses anonymous inner classes to create stub implementations of `HttpServletRequest` and `HttpServletResponse` to facilitate isolated unit testing of the service methods.",,False
https://github.com/HasinthakaPiyumal/AI-Pattern-Mining-Project/tree/main/notebooks/result/ms_repo_callgraph_clusters/train-ticket_java/cluster_124.java,"This Spring Boot `@ConfigurationProperties` class, `ChainKeys`, centralizes and defines the default keys/tags used by Spring Sleuth for distributed tracing. It provides a structured way to configure monitoring aspects like HTTP requests, messages, Hystrix commands, asynchronous operations, and MVC interactions via application properties.",,False
https://github.com/HasinthakaPiyumal/AI-Pattern-Mining-Project/tree/main/notebooks/result/ms_repo_callgraph_clusters/train-ticket_java/cluster_89.java,This is a JUnit test class (`VerifyCodeServiceImplTest`) designed to verify the functionality of `VerifyCodeServiceImpl` for generating and validating verification codes. It utilizes anonymous inner classes to create basic stub implementations of `HttpServletRequest` and `HttpServletResponse` for isolated testing of the service's `getImageCode` and `verifyCode` methods.,,False
https://github.com/HasinthakaPiyumal/AI-Pattern-Mining-Project/tree/main/notebooks/result/ms_repo_callgraph_clusters/train-ticket_java/cluster_133.java,"This Spring Boot `@ConfigurationProperties` class, `ChainKeys`, centralizes and allows customization of the string keys used for distributed tracing tags across various components like HTTP, messaging, Hystrix, asynchronous operations, and MVC controllers. It provides a hierarchical structure with default values for these monitoring keys, which can be overridden via external configuration.",,False
https://github.com/HasinthakaPiyumal/AI-Pattern-Mining-Project/tree/main/notebooks/result/ms_repo_callgraph_clusters/train-ticket_java/cluster_160.java,"This Spring Boot auto-configuration class enables annotation-driven distributed tracing with Sleuth, conditionally providing default beans like `SpanCreator`, `TagValueExpressionResolver`, and `SleuthAdvisorConfig` to facilitate automatic span creation and tag resolution based on method annotations.",,False
https://github.com/HasinthakaPiyumal/AI-Pattern-Mining-Project/tree/main/notebooks/result/ms_repo_callgraph_clusters/train-ticket_java/cluster_52.java,"This code implements a CAPTCHA generation and verification service, creating random image-based challenges and securely managing their associated IDs via `HttpOnly` cookies. It stores the CAPTCHA solutions server-side using a Guava cache for efficient lookup and validation.",,False
https://github.com/HasinthakaPiyumal/AI-Pattern-Mining-Project/tree/main/notebooks/result/ms_repo_callgraph_clusters/train-ticket_java/cluster_111.java,"This is a JUnit 4 test class for `VerifyCodeServiceImpl`, designed to verify its core functionalities. It manually mocks `HttpServletRequest` and `HttpServletResponse` objects with empty implementations to test methods like `getImageCode` and `verifyCode`, asserting basic outcomes such as non-null results and boolean return values.",,False
https://github.com/HasinthakaPiyumal/AI-Pattern-Mining-Project/tree/main/notebooks/result/ms_repo_callgraph_clusters/train-ticket_java/cluster_78.java,"This JUnit4 test class validates the `VerifyCodeServiceImpl`, specifically its `getImageCode` and `verifyCode` methods. It employs a verbose manual mocking approach for `HttpServletRequest` and `HttpServletResponse` to isolate and test the service's functionality, asserting basic return values and a negative verification case.",,False
https://github.com/HasinthakaPiyumal/AI-Pattern-Mining-Project/tree/main/notebooks/result/ms_repo_callgraph_clusters/train-ticket_java/cluster_29.java,"This Java `TravelResult` class serves as a data entity to encapsulate the comprehensive outcome of a travel-related query or calculation. It stores details like a boolean status, a percentage, specific `TrainType` and `Route` objects, and a map of various prices, utilizing Lombok for boilerplate code generation.",,False
https://github.com/HasinthakaPiyumal/AI-Pattern-Mining-Project/tree/main/notebooks/result/ms_repo_callgraph_clusters/train-ticket_java/cluster_137.java,"This Spring Boot `@ConfigurationProperties` class, `ChainKeys`, centralizes and defines the default string keys used by Spring Sleuth for distributed tracing. It organizes these keys into nested classes for various operational domains like HTTP requests, message processing, Hystrix commands, asynchronous operations, and MVC controller invocations, allowing them to be externally configured.",,False
https://github.com/HasinthakaPiyumal/AI-Pattern-Mining-Project/tree/main/notebooks/result/ms_repo_callgraph_clusters/train-ticket_java/cluster_40.java,"This code defines `QueryInfo` and `OrderInfo` classes, serving as flexible data transfer objects for constructing database queries. They encapsulate various search criteria (login ID, travel dates, bought dates, order state) and provide explicit methods to dynamically enable or disable specific query parameters using boolean flags.",,False
https://github.com/HasinthakaPiyumal/AI-Pattern-Mining-Project/tree/main/notebooks/result/ms_repo_callgraph_clusters/train-ticket_java/cluster_181.java,"This Spring Boot `@ConfigurationProperties` class (`SWProp`) defines externalized configuration for Spring Sleuth's web instrumentation. It allows users to control tracing activation, specify URL skip patterns, and configure client, asynchronous, and template-related tracing components through a hierarchical structure of nested properties.",,False
https://github.com/HasinthakaPiyumal/AI-Pattern-Mining-Project/tree/main/notebooks/result/ms_repo_callgraph_clusters/train-ticket_java/cluster_38.java,"This Spring Boot component externalizes and manages email server configuration properties (host, port, username, password). It uses `@ConfigurationProperties(""email"")` to automatically bind these settings from application configuration files, enabling flexible and environment-specific email service setup.",,False
https://github.com/HasinthakaPiyumal/AI-Pattern-Mining-Project/tree/main/notebooks/result/ms_repo_callgraph_clusters/train-ticket_java/cluster_48.java,"This Spring Cloud Gateway configuration integrates Alibaba Sentinel to implement API gateway flow control. It specifically applies a QPS limit of 20 requests per second to the ""admin-basic-info"" route and registers a custom exception handler for blocked requests.",,False
https://github.com/HasinthakaPiyumal/AI-Pattern-Mining-Project/tree/main/notebooks/result/ms_repo_callgraph_clusters/train-ticket_java/cluster_36.java,"This file defines two Spring Boot `@ConfigurationProperties` classes for externalizing application settings. `EmailProperties` handles email server configuration, while `ChainKeys` provides customizable tag names for Spring Cloud Sleuth's distributed tracing across HTTP, messaging, Hystrix, async, and MVC components.",,False
https://github.com/HasinthakaPiyumal/AI-Pattern-Mining-Project/tree/main/notebooks/result/ms_repo_callgraph_clusters/train-ticket_java/cluster_177.java,"This `TPWriter` class acts as a `PrintWriter` decorator, primarily designed for distributed tracing. It intercepts `flush()` and `close()` calls to annotate an associated `Item` (likely a tracing span) with a ""Server Send"" event, signaling the completion of the server's response before delegating to the underlying `PrintWriter`.",,False
https://github.com/HasinthakaPiyumal/AI-Pattern-Mining-Project/tree/main/notebooks/result/ms_repo_callgraph_clusters/train-ticket_java/cluster_141.java,"This Spring Boot `@ConfigurationProperties` class, `ChainKeys`, centralizes and externalizes configuration for customizable keys and tags used in Spring Sleuth distributed tracing. It defines default string identifiers for monitoring attributes across HTTP requests, messages, Hystrix commands, asynchronous operations, and MVC components, allowing them to be overridden via application properties.",,False
https://github.com/HasinthakaPiyumal/AI-Pattern-Mining-Project/tree/main/notebooks/result/ms_repo_callgraph_clusters/train-ticket_java/cluster_74.java,"This JUnit 4 test class validates the `VerifyCodeServiceImpl`, which is responsible for generating and verifying image-based verification codes. It employs manually implemented, barebones mock objects for `HttpServletRequest` and `HttpServletResponse` to test the service's `getImageCode` and `verifyCode` methods, asserting basic functionality and expected outcomes.",,False
https://github.com/HasinthakaPiyumal/AI-Pattern-Mining-Project/tree/main/notebooks/result/ms_repo_callgraph_clusters/train-ticket_java/cluster_55.java,"This Java class, `InsertConsignRecordResult`, functions as a data transfer object (DTO) to encapsulate the outcome of an operation that inserts a consign record. It utilizes Lombok's `@Data` annotation to automatically generate boilerplate methods for its `status` (boolean) and `message` (String) fields, providing a concise way to report success/failure and details.",,False
https://github.com/HasinthakaPiyumal/AI-Pattern-Mining-Project/tree/main/notebooks/result/ms_repo_callgraph_clusters/train-ticket_java/cluster_96.java,"This Java file is a JUnit test suite for `VerifyCodeServiceImpl`, specifically verifying the functionality of its `getImageCode` and `verifyCode` methods. It extensively uses anonymous inner classes to mock `HttpServletRequest` and `HttpServletResponse` objects, enabling isolated unit testing without a full servlet container.",,False
https://github.com/HasinthakaPiyumal/AI-Pattern-Mining-Project/tree/main/notebooks/result/ms_repo_callgraph_clusters/train-ticket_java/cluster_28.java,"This code implements a Spring Boot microservice, `ConsignPriceService`, which provides REST endpoints to calculate consignment prices based on weight and region, and to manage its underlying pricing configuration. It extensively uses enums to categorize various types, including general items, assurance options, and financial transaction types.",,False
https://github.com/HasinthakaPiyumal/AI-Pattern-Mining-Project/tree/main/notebooks/result/ms_repo_callgraph_clusters/train-ticket_java/cluster_99.java,"This JUnit 4 test class, `VerifyCodeServiceImplTest`, unit tests the `VerifyCodeServiceImpl` by invoking its `getImageCode` and `verifyCode` methods. It utilizes anonymous inner classes to create basic mock `HttpServletRequest` and `HttpServletResponse` objects, with most methods returning null, to isolate the service logic during testing.",,False
https://github.com/HasinthakaPiyumal/AI-Pattern-Mining-Project/tree/main/notebooks/result/ms_repo_callgraph_clusters/train-ticket_java/cluster_162.java,"This Spring Integration `VetoCapableInterceptor`, `ITCInter`, is designed for message monitoring and tracing. It specifically prevents its own interception of channel messages if another interceptor of type `ATCInter` is already present in the channel's interceptor chain, likely to avoid redundant or conflicting tracing operations.",,False
https://github.com/HasinthakaPiyumal/AI-Pattern-Mining-Project/tree/main/notebooks/result/ms_repo_callgraph_clusters/train-ticket_java/cluster_189.java,"This Spring `@Configuration` class provides auto-configuration for a custom distributed tracing system, defining core components like a `Chainer` (tracer), `Sampler`, `ItemNamer`, `ItemReporter`, and `ItemAdjuster`. It leverages `@ConditionalOnMissingBean` to supply default implementations, including a `NeverSampler` and NO-OP reporters, ensuring a basic tracing setup is available unless explicitly overridden or disabled.",,False
https://github.com/HasinthakaPiyumal/AI-Pattern-Mining-Project/tree/main/notebooks/result/ms_repo_callgraph_clusters/train-ticket_java/cluster_102.java,"This Java code is a JUnit 4 test class designed to unit test the `VerifyCodeServiceImpl`. It utilizes stub implementations for `HttpServletRequest` and `HttpServletResponse` to isolate the service's `getImageCode` and `verifyCode` methods from a real servlet environment, asserting their basic functionality and return values.",,False
https://github.com/HasinthakaPiyumal/AI-Pattern-Mining-Project/tree/main/notebooks/result/ms_repo_callgraph_clusters/train-ticket_java/cluster_179.java,"This code provides Spring Boot auto-configuration for web request tracing, defining beans to inject trace keys and manage HTTP spans. The `HTKInject` component specifically adds detailed HTTP request metadata (URL, host, path, method, and configured headers) as tags to tracing spans, enabling comprehensive monitoring of web interactions.",,False
https://github.com/HasinthakaPiyumal/AI-Pattern-Mining-Project/tree/main/notebooks/result/ms_repo_callgraph_clusters/train-ticket_java/cluster_63.java,"This Java file is a JUnit 4 test class (`VerifyCodeServiceImplTest`) designed to verify the functionality of `VerifyCodeServiceImpl`. It manually mocks `HttpServletRequest` and `HttpServletResponse` with empty implementations to test methods like `getImageCode` and `verifyCode`, asserting basic return values.",,False
https://github.com/HasinthakaPiyumal/AI-Pattern-Mining-Project/tree/main/notebooks/result/ms_repo_callgraph_clusters/train-ticket_java/cluster_101.java,"This Java code is a JUnit 4 test class for `VerifyCodeServiceImpl`, designed to verify its functionality for generating and validating verification codes. It employs extensively mocked `HttpServletRequest` and `HttpServletResponse` objects, stubbing most methods to return null or default values, to isolate and test the service's `getImageCode` and `verifyCode` methods.",,False
https://github.com/HasinthakaPiyumal/AI-Pattern-Mining-Project/tree/main/notebooks/result/ms_repo_callgraph_clusters/train-ticket_java/cluster_157.java,"This code implements a Spring AOP advisor and interceptor (`SleuthAdvisorConfig`, `SleuthInterceptor`) to enable distributed tracing. It dynamically applies tracing logic, automatically creating new spans or continuing existing ones for methods, classes, or arguments annotated with `@NewSpan` or `@ContinueSpan`, while also handling event logging and error tagging.",,False
https://github.com/HasinthakaPiyumal/AI-Pattern-Mining-Project/tree/main/notebooks/result/ms_repo_callgraph_clusters/train-ticket_java/cluster_103.java,"This Java code is a JUnit 4 test class designed to verify the functionality of `VerifyCodeServiceImpl`. It tests methods like `getImageCode` and `verifyCode`, employing extensive anonymous inner classes to mock `HttpServletRequest` and `HttpServletResponse` dependencies for isolated unit testing.",,False
https://github.com/HasinthakaPiyumal/AI-Pattern-Mining-Project/tree/main/notebooks/result/ms_repo_callgraph_clusters/train-ticket_java/cluster_15.java,"This code primarily implements a custom distributed tracing and monitoring library, providing comprehensive instrumentation for Spring applications across web requests (client and server), asynchronous operations, scheduled tasks, and Hystrix commands. It leverages Spring AOP, Servlet filters, and various interceptors to automatically manage and propagate trace contexts (spans) using a `ThreadLocal`-based approach, alongside defining several core domain entities for a microservice architecture.",,False
https://github.com/HasinthakaPiyumal/AI-Pattern-Mining-Project/tree/main/notebooks/result/ms_repo_callgraph_clusters/train-ticket_java/cluster_117.java,"This `Item` class models a distributed tracing span, encapsulating its lifecycle, unique identifiers (trace/span IDs), parent relationships, and associated metadata like tags, logs, and baggage. It leverages a builder pattern for construction and thread-safe collections, aligning with B3 propagation for microservice monitoring.",,False
https://github.com/HasinthakaPiyumal/AI-Pattern-Mining-Project/tree/main/notebooks/result/ms_repo_callgraph_clusters/train-ticket_java/cluster_115.java,"This code defines a Spring service (`PriceServiceImpl`) for managing price configurations, providing CRUD operations for `PriceConfig` entities based on route and train type. Additionally, it includes a comprehensive distributed tracing and metrics collection library that leverages Spring Boot auto-configuration, AOP, and SLF4J MDC to instrument various application components for trace context propagation and span reporting.",,False
https://github.com/HasinthakaPiyumal/AI-Pattern-Mining-Project/tree/main/notebooks/result/ms_repo_callgraph_clusters/train-ticket_java/cluster_58.java,"This JUnit 4 test class validates the `VerifyCodeServiceImpl`, specifically its `getImageCode` and `verifyCode` methods. It employs a notable pattern of manually stubbing `HttpServletRequest` and `HttpServletResponse` interfaces with empty anonymous inner class implementations to isolate the service logic during testing.",,False
https://github.com/HasinthakaPiyumal/AI-Pattern-Mining-Project/tree/main/notebooks/result/ms_repo_callgraph_clusters/train-ticket_java/cluster_146.java,"This `final` utility class, `ExceptionUtils`, provides static methods for logging warnings via Apache Commons Logging and retrieving exception messages. It notably implements a ""fail-fast"" mechanism, where a static `fail` flag can be set to force `warn` calls to throw and store an `IllegalStateException` for controlled error propagation or testing.",,False
https://github.com/HasinthakaPiyumal/AI-Pattern-Mining-Project/tree/main/notebooks/result/ms_repo_callgraph_clusters/train-ticket_java/cluster_67.java,"This JUnit 4 test class validates the `VerifyCodeServiceImpl`, specifically its `getImageCode` and `verifyCode` methods. It extensively uses anonymous inner classes to create minimal stub implementations of `HttpServletRequest` and `HttpServletResponse` for isolated unit testing of the verification code generation and validation logic.",,False
https://github.com/HasinthakaPiyumal/AI-Pattern-Mining-Project/tree/main/notebooks/result/ms_repo_callgraph_clusters/train-ticket_java/cluster_77.java,"This Java file is a JUnit4 test class for `VerifyCodeServiceImpl`, verifying the functionality of its `getImageCode` and `verifyCode` methods. It extensively uses anonymous inner classes to manually mock `HttpServletRequest` and `HttpServletResponse` objects, providing stubbed implementations for testing the service in isolation.",,False
https://github.com/HasinthakaPiyumal/AI-Pattern-Mining-Project/tree/main/notebooks/result/ms_repo_callgraph_clusters/train-ticket_java/cluster_138.java,"This Spring Boot `@ConfigurationProperties` class centralizes and structures configurable keys (tags) for distributed tracing or monitoring across various components like HTTP, messaging, Hystrix, async operations, and MVC. It uses nested static classes to logically group these keys, allowing customization via external configuration under the `spring.sleuth.keys` prefix.",,False
https://github.com/HasinthakaPiyumal/AI-Pattern-Mining-Project/tree/main/notebooks/result/ms_repo_callgraph_clusters/train-ticket_java/cluster_17.java,"This Spring Boot integration test class, `WaitOrderApplicationTests`, verifies that the application context loads successfully. It leverages the `@SpringBootTest` annotation to bootstrap the full Spring application context, with an empty `contextLoads()` method serving as a basic check for context initialization without errors.",,False
https://github.com/HasinthakaPiyumal/AI-Pattern-Mining-Project/tree/main/notebooks/result/ms_repo_callgraph_clusters/train-ticket_java/cluster_66.java,"This is a JUnit 4 test class for `VerifyCodeServiceImpl`, designed to verify its functionality. It manually mocks `HttpServletRequest` and `HttpServletResponse` with empty implementations to test methods like `getImageCode` (checking for a non-null return map and generated code) and `verifyCode` (asserting a specific verification outcome).",,False
https://github.com/HasinthakaPiyumal/AI-Pattern-Mining-Project/tree/main/notebooks/result/ms_repo_callgraph_clusters/train-ticket_java/cluster_105.java,"This JUnit test class validates the `getImageCode` and `verifyCode` methods of `VerifyCodeServiceImpl`. It extensively uses manual mocking for `HttpServletRequest` and `HttpServletResponse` interfaces, providing empty implementations to isolate the service logic during testing.",,False
https://github.com/HasinthakaPiyumal/AI-Pattern-Mining-Project/tree/main/notebooks/result/ms_repo_callgraph_clusters/train-ticket_java/cluster_136.java,"This Spring Boot `@ConfigurationProperties` class, `ChainKeys`, centralizes and externalizes the configuration of various keys (tags) used by Spring Sleuth for distributed tracing. It categorizes these customizable tracing keys for different application components, including HTTP requests, messages, Hystrix commands, asynchronous operations, and MVC controllers.",,False
https://github.com/HasinthakaPiyumal/AI-Pattern-Mining-Project/tree/main/notebooks/result/ms_repo_callgraph_clusters/train-ticket_java/cluster_14.java,"This Spring `@Configuration` class provides auto-configuration for a distributed tracing system, defining core components like a `Chainer` (tracer), `Sampler`, `ItemNamer`, `ItemReporter`, and `Random` instance. It notably defaults to a `NeverSampler` and `NOItemReporter`, effectively disabling tracing and reporting unless explicitly overridden by other beans or properties.",,False
https://github.com/HasinthakaPiyumal/AI-Pattern-Mining-Project/tree/main/notebooks/result/ms_repo_callgraph_clusters/train-ticket_java/cluster_94.java,"This JUnit 4 test class validates the `VerifyCodeServiceImpl`, specifically its `getImageCode` and `verifyCode` methods. It utilizes anonymous inner classes to mock `HttpServletRequest` and `HttpServletResponse` for isolated testing of the service's logic.",,False
https://github.com/HasinthakaPiyumal/AI-Pattern-Mining-Project/tree/main/notebooks/result/ms_repo_callgraph_clusters/train-ticket_java/cluster_92.java,"This is a JUnit test class for `VerifyCodeServiceImpl`, designed to test its functionality for generating and verifying image-based verification codes. It notably employs extensive anonymous inner classes to mock `HttpServletRequest` and `HttpServletResponse` objects, allowing isolated testing of the service's `getImageCode` and `verifyCode` methods without a full servlet environment.",,False
https://github.com/HasinthakaPiyumal/AI-Pattern-Mining-Project/tree/main/notebooks/result/ms_repo_callgraph_clusters/train-ticket_java/cluster_41.java,"This code defines two nearly identical data classes, `QueryInfo` and `OrderInfo`, which serve as parameter objects for filtering data. They encapsulate various query criteria (e.g., login ID, travel dates, bought dates, state) and provide explicit methods to dynamically enable or disable specific filtering dimensions.",,False
https://github.com/HasinthakaPiyumal/AI-Pattern-Mining-Project/tree/main/notebooks/result/ms_repo_callgraph_clusters/train-ticket_java/cluster_114.java,"This Java class, `GetAccountByIdInfo`, serves as a simple data transfer object (DTO) within the `cancel` service, specifically designed to encapsulate an `accountId`. It leverages Lombok's `@Data` annotation to automatically generate boilerplate methods like getters, setters, and `equals`/`hashCode` for convenient data handling.",,False
https://github.com/HasinthakaPiyumal/AI-Pattern-Mining-Project/tree/main/notebooks/result/ms_repo_callgraph_clusters/train-ticket_java/cluster_119.java,"This Spring Boot `@ConfigurationProperties` class, `ChainKeys`, defines a comprehensive set of configurable string keys for various monitoring and distributed tracing attributes, such as HTTP details, message payloads, Hystrix commands, and MVC controller information. It allows customization of the tags used by Spring Sleuth for different application components.",,False
https://github.com/HasinthakaPiyumal/AI-Pattern-Mining-Project/tree/main/notebooks/result/ms_repo_callgraph_clusters/train-ticket_java/cluster_3.java,"This extensive code collection represents a comprehensive microservices-based train ticket booking system. It encompasses functionalities from user authentication and management, route planning, and ticket reservation (including rebooking and cancellation) to payment processing, food delivery, consignment, and various administrative operations, with inter-service communication primarily via REST and RabbitMQ.",,False
https://github.com/HasinthakaPiyumal/AI-Pattern-Mining-Project/tree/main/notebooks/result/ms_repo_callgraph_clusters/train-ticket_java/cluster_183.java,"This Spring Boot `@ConfigurationProperties` class (`spring.sleuth.web`) defines configurable settings for web instrumentation, allowing users to enable/disable tracing, customize a default URL skip pattern, and control client-side, asynchronous, and template-related tracing features.",,False
https://github.com/HasinthakaPiyumal/AI-Pattern-Mining-Project/tree/main/notebooks/result/ms_repo_callgraph_clusters/train-ticket_java/cluster_159.java,"This Spring Boot auto-configuration class enables annotation-driven distributed tracing with Sleuth. It conditionally registers core components like a `SpanCreator`, `TagValueExpressionResolver` (leveraging SpEL), and `SleuthAdvisorConfig` to automatically create spans and resolve tags from annotated methods, integrating with an existing `Chainer` (tracer).",,False
https://github.com/HasinthakaPiyumal/AI-Pattern-Mining-Project/tree/main/notebooks/result/ms_repo_callgraph_clusters/train-ticket_java/cluster_76.java,This JUnit 4 test class verifies the functionality of `VerifyCodeServiceImpl` for generating and validating verification codes. It manually mocks `HttpServletRequest` and `HttpServletResponse` using anonymous inner classes to isolate and test methods like `getImageCode` and `verifyCode`.,,False
https://github.com/HasinthakaPiyumal/AI-Pattern-Mining-Project/tree/main/notebooks/result/ms_repo_callgraph_clusters/train-ticket_java/cluster_69.java,"This JUnit 4 test class validates the `VerifyCodeServiceImpl`, specifically its `getImageCode` and `verifyCode` methods. It employs anonymous inner classes to create mock `HttpServletRequest` and `HttpServletResponse` objects with empty implementations, allowing for isolated unit testing of the service logic without a full servlet container.",,False
https://github.com/HasinthakaPiyumal/AI-Pattern-Mining-Project/tree/main/notebooks/result/ms_repo_callgraph_clusters/train-ticket_java/cluster_150.java,"This Java class defines configuration properties for Spring Sleuth metrics, allowing users to enable or disable metric collection and customize the names for ""accepted"" and ""dropped"" span counters. It leverages Spring's `@ConfigurationProperties` to bind external configuration values prefixed with `spring.sleuth.metric` to its fields, including a nested `Span` class for specific counter names.",,False
https://github.com/HasinthakaPiyumal/AI-Pattern-Mining-Project/tree/main/notebooks/result/ms_repo_callgraph_clusters/train-ticket_java/cluster_147.java,"This `ExceptionUtils` class provides static utility methods for logging warnings and retrieving exception messages. Notably, it includes a configurable ""fail"" mode that, when enabled, converts logged warnings into thrown `IllegalStateException`s, primarily for testing or simulating failure conditions.",,False
https://github.com/HasinthakaPiyumal/AI-Pattern-Mining-Project/tree/main/notebooks/result/ms_repo_callgraph_clusters/train-ticket_java/cluster_75.java,This Java file is a JUnit 4 test class (`VerifyCodeServiceImplTest`) dedicated to unit testing the `VerifyCodeServiceImpl`. It verifies methods like `getImageCode` and `verifyCode` by manually stubbing `HttpServletRequest` and `HttpServletResponse` objects to simulate web environment interactions without a full server context.,,False
https://github.com/HasinthakaPiyumal/AI-Pattern-Mining-Project/tree/main/notebooks/result/ms_repo_callgraph_clusters/train-ticket_java/cluster_5.java,"This code implements a comprehensive train ticket booking system, encompassing functionalities like managing train schedules, routes, prices, user accounts, and various order types (waitlist, regular, other). It leverages a microservice architecture with extensive RESTful API communication between specialized services and uses message queues for asynchronous notifications and delivery.",,False
https://github.com/HasinthakaPiyumal/AI-Pattern-Mining-Project/tree/main/notebooks/result/ms_repo_callgraph_clusters/train-ticket_java/cluster_27.java,"This code defines three distinct Java enums (`Type`, `MoneyType`, `PaymentType`) that serve as strongly-typed enumerations for various categories within a system, such as train types, money transaction types, and payment methods. Each enum consistently associates a descriptive string name and an integer index with its members, providing a structured way to represent and retrieve these categorized values.",,False
https://github.com/HasinthakaPiyumal/AI-Pattern-Mining-Project/tree/main/notebooks/result/ms_repo_callgraph_clusters/train-ticket_java/cluster_43.java,"These two nearly identical Java classes, `QueryInfo` and `OrderInfo`, serve as data transfer objects (DTOs) for encapsulating various query parameters. They provide a structured way to define and enable/disable filters based on login ID, travel dates, bought dates, and order state, utilizing boolean flags and Lombok's `@Data` annotation for conciseness.",,False
https://github.com/HasinthakaPiyumal/AI-Pattern-Mining-Project/tree/main/notebooks/result/ms_repo_callgraph_clusters/train-ticket_java/cluster_71.java,"This code is a JUnit 4 test class for `VerifyCodeServiceImpl`, designed to verify its `getImageCode` and `verifyCode` functionalities. It extensively uses anonymous inner classes to create stubbed `HttpServletRequest` and `HttpServletResponse` objects, enabling isolated testing of the service methods without a full servlet environment.",,False
https://github.com/HasinthakaPiyumal/AI-Pattern-Mining-Project/tree/main/notebooks/result/ms_repo_callgraph_clusters/train-ticket_java/cluster_112.java,"This Java class, `GetOrderByIdInfo`, is a simple data transfer object (DTO) designed to encapsulate a single `orderId` string. It leverages Lombok's `@Data` annotation to automatically generate boilerplate code like getters, setters, and `equals`/`hashCode` for convenient use in identifying specific orders, likely within a cancellation service.",,False
https://github.com/HasinthakaPiyumal/AI-Pattern-Mining-Project/tree/main/notebooks/result/ms_repo_callgraph_clusters/train-ticket_java/cluster_173.java,"This deprecated `Callable` wrapper, `TCCall`, instruments asynchronous tasks by continuing a parent distributed tracing span into the task's execution and detaching it upon completion, ensuring trace context propagation across asynchronous boundaries.",,False
https://github.com/HasinthakaPiyumal/AI-Pattern-Mining-Project/tree/main/notebooks/result/ms_repo_callgraph_clusters/train-ticket_java/cluster_152.java,"This Spring `@Configuration` class conditionally configures an `ItemMetricReporter` for tracing spans, dynamically choosing between a `CounterService`-backed implementation (if Spring Boot Actuator is present) or a no-op reporter. It manages metric activation based on environment properties, including a deprecated one, to control its overall enablement.",,False
https://github.com/HasinthakaPiyumal/AI-Pattern-Mining-Project/tree/main/notebooks/result/ms_repo_callgraph_clusters/train-ticket_java/cluster_97.java,"This JUnit 4 test class validates the `VerifyCodeServiceImpl` by testing its `getImageCode` and `verifyCode` methods. It utilizes anonymous inner classes to create mock `HttpServletRequest` and `HttpServletResponse` objects, with all methods returning default null or empty values, to isolate the service logic during testing.",,False
https://github.com/HasinthakaPiyumal/AI-Pattern-Mining-Project/tree/main/notebooks/result/ms_repo_callgraph_clusters/train-ticket_java/cluster_80.java,"This JUnit 4 test class validates the `VerifyCodeServiceImpl`, specifically its `getImageCode` and `verifyCode` methods. It employs a manual mocking strategy, providing anonymous inner class implementations for `HttpServletRequest` and `HttpServletResponse` with all methods stubbed to facilitate isolated unit testing of the service's core logic.",,False
https://github.com/HasinthakaPiyumal/AI-Pattern-Mining-Project/tree/main/notebooks/result/ms_repo_callgraph_clusters/ita-challenges-backend_java/cluster_11.java,"This Spring Boot microservice acts as a centralized API documentation aggregator, fetching OpenAPI specifications from other internal microservices (challenge, auth, user) via Spring Cloud OpenFeign. It employs Resilience4j's Circuit Breaker for fault tolerance, providing fallback API documentation when dependent services are unavailable, and consolidates these into a single, accessible endpoint.",,False
https://github.com/HasinthakaPiyumal/AI-Pattern-Mining-Project/tree/main/notebooks/result/ms_repo_callgraph_clusters/ita-challenges-backend_java/cluster_19.java,"This file primarily defines several custom Spring/Jakarta Bean Validation annotations (`@ValidGithubUsername`, `@GenericUUIDValid`, `@ValidUUID`, `@ValidGenericPattern`) to enforce specific data formats like GitHub usernames and UUIDs using custom validators. It also includes a `MockMvc` test for an `ApiDocsController`, verifying that a request to `/api-docs/all` correctly redirects to `/api-docs`.",,False
https://github.com/HasinthakaPiyumal/AI-Pattern-Mining-Project/tree/main/notebooks/result/ms_repo_callgraph_clusters/ita-challenges-backend_java/cluster_9.java,"This Spring Boot microservice, named `itachallenge-document`, provides document-related functionality within a larger system. It registers itself with a service discovery server and uses Feign clients for declarative HTTP communication with other microservices.",,False
https://github.com/HasinthakaPiyumal/AI-Pattern-Mining-Project/tree/main/notebooks/result/ms_repo_callgraph_clusters/ita-challenges-backend_java/cluster_25.java,"This Spring configuration enables caching and provides a custom `CacheManager` that creates `CustomCache` instances. These custom caches implement a time-to-live (TTL) mechanism, automatically expiring entries after 10 minutes to prevent serving stale data.",,False
https://github.com/HasinthakaPiyumal/AI-Pattern-Mining-Project/tree/main/notebooks/result/ms_repo_callgraph_clusters/ita-challenges-backend_java/cluster_44.java,"This code implements and thoroughly tests custom data validation logic using `jakarta.validation.ConstraintValidator`. It specifically validates string formats like MongoDB ObjectIds (via regex) and GitHub usernames, alongside a basic check for non-null `java.util.UUID` objects, demonstrating robust pattern matching and custom error message handling.",,False
https://github.com/HasinthakaPiyumal/AI-Pattern-Mining-Project/tree/main/notebooks/result/ms_repo_callgraph_clusters/ita-challenges-backend_java/cluster_13.java,This Java code defines a custom `SubmissionNotFoundException` that extends `RuntimeException`. Its sole purpose is to provide a specific unchecked exception to signal when a requested submission cannot be found within the application.,,False
https://github.com/HasinthakaPiyumal/AI-Pattern-Mining-Project/tree/main/notebooks/result/ms_repo_callgraph_clusters/ita-challenges-backend_java/cluster_26.java,"This Spring configuration enables caching and provides a custom in-memory `CacheManager` and `Cache` implementation. It specifically implements a time-to-live (TTL) mechanism, automatically expiring cache entries after 10 minutes by tracking their insertion time.",,False
https://github.com/HasinthakaPiyumal/AI-Pattern-Mining-Project/tree/main/notebooks/result/ms_repo_callgraph_clusters/ita-challenges-backend_java/cluster_10.java,"This file contains multiple Spring Boot application entry points, each representing a distinct microservice within the `itachallenge` project (e.g., document, authentication, core backend, mock services). These microservices are primarily configured for service discovery (`@EnableDiscoveryClient`), with some also utilizing Feign clients for inter-service communication or importing specific configurations like GitHub service integration.",,False
https://github.com/HasinthakaPiyumal/AI-Pattern-Mining-Project/tree/main/notebooks/result/ms_repo_callgraph_clusters/ita-challenges-backend_java/cluster_39.java,"This Spring Boot configuration class uses `@ConfigurationProperties` to externalize and bind the `server.tomcat.maxHttpFormPostSize` property, allowing dynamic control over the maximum size of HTTP POST form data accepted by the embedded Tomcat server.",,False
https://github.com/HasinthakaPiyumal/AI-Pattern-Mining-Project/tree/main/notebooks/result/ms_repo_callgraph_clusters/ita-challenges-backend_java/cluster_12.java,"This Spring `@Controller` defines a single GET endpoint `/api-docs/all`. Its primary function is to redirect requests from this specific path to the more general `/api-docs` endpoint, likely consolidating access to API documentation.",,False
https://github.com/HasinthakaPiyumal/AI-Pattern-Mining-Project/tree/main/notebooks/result/ms_repo_callgraph_clusters/ita-challenges-backend_java/cluster_35.java,"This code defines the main entry point for a Spring Boot authentication microservice (`itachallenge-auth`), enabling service discovery and explicitly integrating a `jwtcore` module for centralized JWT handling.",,False
https://github.com/HasinthakaPiyumal/AI-Pattern-Mining-Project/tree/main/notebooks/result/ms_repo_callgraph_clusters/ita-challenges-backend_java/cluster_1.java,"This code provides a Spring `@Service` for comprehensive JSON Web Token (JWT) management, handling token generation with user details (username, role, UUID), validation, and extraction of claims from incoming tokens. It leverages the `io.jsonwebtoken` library and includes extensive JUnit tests to ensure robust functionality and error handling for various token states.",,False
https://github.com/HasinthakaPiyumal/AI-Pattern-Mining-Project/tree/main/notebooks/result/ms_repo_callgraph_clusters/ita-challenges-backend_java/cluster_34.java,"This code defines two distinct but structurally identical Java enums, `ChallengeStatus` and `SubmissionStatus`, which enumerate possible states for challenges and submissions (e.g., `SUBMITTED_COMPLETE`, `IN_PROGRESS`). Both enums provide static factory methods to convert a case-insensitive string into its corresponding enum instance, differing in their error handling for invalid input.",,False
https://github.com/HasinthakaPiyumal/AI-Pattern-Mining-Project/tree/main/notebooks/result/ms_repo_callgraph_clusters/ita-challenges-backend_java/cluster_42.java,"This Spring `@Configuration` file customizes the Spring Data MongoDB `MappingMongoConverter` bean. Its core function is to disable the automatic insertion of the `_class` attribute into MongoDB documents, ensuring cleaner data persistence by preventing type information from being stored directly in the database.",,False
https://github.com/HasinthakaPiyumal/AI-Pattern-Mining-Project/tree/main/notebooks/result/ms_repo_callgraph_clusters/ita-challenges-backend_java/cluster_24.java,"This code defines Data Transfer Objects (DTOs) for structured API error responses and provides a comprehensive test suite for an `ErrorResponseBuilder` that centralizes the conversion of various exceptions into these standardized responses. It consistently leverages Lombok, Jackson, and `jakarta.validation` for efficient data representation, JSON serialization, and robust input validation across multiple microservice DTOs.",,False
https://github.com/HasinthakaPiyumal/AI-Pattern-Mining-Project/tree/main/notebooks/result/ms_repo_callgraph_clusters/ita-challenges-backend_java/cluster_23.java,"This abstract `BaseApiException` serves as the foundational class for all user-facing API exceptions, extending `RuntimeException`. It standardizes error responses by encapsulating an `ApiCustomErrorInfo` object, which holds details like HTTP status, an i18n message key, and optional arguments for consistent error handling.",,False
https://github.com/HasinthakaPiyumal/AI-Pattern-Mining-Project/tree/main/notebooks/result/ms_repo_callgraph_clusters/ita-challenges-backend_java/cluster_22.java,"This `GenericResultDto` is a generic Java DTO designed to standardize paginated API responses, encapsulating an array of results (`T[]`) along with pagination metadata such as offset, limit, and total count. It uses Lombok for boilerplate and is marked as a Spring `@Component`, providing a flexible structure for various data types.",,False
https://github.com/HasinthakaPiyumal/AI-Pattern-Mining-Project/tree/main/notebooks/result/ms_repo_callgraph_clusters/ita-challenges-backend_java/cluster_29.java,"This Java enum defines a comprehensive list of programming challenge topics, such as ""Components"" or ""React Router"", each associated with a user-friendly display name. It provides utility methods for retrieving these display names and for robustly converting a display name string back into its corresponding enum constant.",,False
https://github.com/HasinthakaPiyumal/AI-Pattern-Mining-Project/tree/main/notebooks/result/ms_repo_callgraph_clusters/ita-challenges-backend_java/cluster_38.java,"This Spring `@Configuration` class customizes the embedded Tomcat server, specifically setting the maximum allowed size for HTTP POST requests and saved POST data. It achieves this by injecting a configurable property and applying it to the Tomcat connector via a `WebServerFactoryCustomizer` bean.",,False
https://github.com/HasinthakaPiyumal/AI-Pattern-Mining-Project/tree/main/notebooks/result/ms_repo_callgraph_clusters/ita-challenges-backend_java/cluster_28.java,This JUnit 5 test file validates the `ErrorResponseBuilder`'s functionality in constructing standardized `APIErrorResponse` objects from various Spring and Jakarta validation exceptions. It specifically tests the builder's ability to extract relevant error details and resolve localized messages using a real `ReloadableResourceBundleMessageSource`.,,False
https://github.com/HasinthakaPiyumal/AI-Pattern-Mining-Project/tree/main/notebooks/result/ms_repo_callgraph_clusters/ita-challenges-backend_java/cluster_15.java,"This Spring configuration class centralizes OpenAPI documentation for the ""ITA Challenges"" microservices. It dynamically retrieves individual Swagger specifications for challenge, user, and authentication services, parses them, and combines them into a single `OpenAPI` object by embedding them as extensions for unified access.",,False
https://github.com/HasinthakaPiyumal/AI-Pattern-Mining-Project/tree/main/notebooks/result/ms_repo_callgraph_clusters/ita-challenges-backend_java/cluster_14.java,"This Spring `@Service` centralizes the retrieval and exposure of Swagger documentation from multiple backend microservices (challenge, user, auth) by fetching their OpenAPI specifications through dedicated client proxies. It acts as an API gateway for accessing the aggregated API documentation of these services.",,False
https://github.com/HasinthakaPiyumal/AI-Pattern-Mining-Project/tree/main/notebooks/result/ms_repo_callgraph_clusters/ita-challenges-backend_java/cluster_32.java,"This file is an integration test suite for a Spring Boot application's `GlobalExceptionHandler`. It systematically verifies that the handler correctly processes a wide range of exceptions, including validation errors, type mismatches, and custom API exceptions, ensuring appropriate HTTP status codes and structured `APIErrorResponse` bodies are returned.",,False
https://github.com/HasinthakaPiyumal/AI-Pattern-Mining-Project/tree/main/notebooks/result/ms_repo_callgraph_clusters/ita-challenges-backend_java/cluster_41.java,"This Spring `@Configuration` class registers a `ContentLengthFilter` as a web filter, specifically applying it to all requests under the `/itachallenge/api/v1/user/solution/*` endpoint. This setup likely enforces or processes content length requirements for API calls related to user solutions.",,False
https://github.com/HasinthakaPiyumal/AI-Pattern-Mining-Project/tree/main/notebooks/result/ms_repo_callgraph_clusters/ita-challenges-backend_java/cluster_27.java,"This Spring configuration enables caching and defines a custom `CacheManager` that provides a `CustomCache` implementation. This custom cache extends `ConcurrentMapCache` to implement a time-to-live (TTL) eviction strategy, automatically expiring entries after 10 minutes.",,False
https://github.com/HasinthakaPiyumal/AI-Pattern-Mining-Project/tree/main/notebooks/result/ms_repo_callgraph_clusters/ita-challenges-backend_java/cluster_43.java,"This Spring `@RestControllerAdvice` class provides a centralized, global exception handling mechanism for a REST API. It maps various application and system exceptions, including custom `BaseApiException`s, validation errors, and data binding issues, to appropriate HTTP status codes and standardized `APIErrorResponse` DTOs using an `ErrorResponseBuilder`.",,False
https://github.com/HasinthakaPiyumal/AI-Pattern-Mining-Project/tree/main/notebooks/result/ms_repo_callgraph_clusters/springboot-kafka-microservices_java/cluster_11.java,"This Spring Boot identity service provides REST APIs for user registration, login, and JWT-based authentication. It integrates Spring Security with a custom JWT filter to generate, validate, and parse tokens, managing user roles and permissions for secure access via cookies.",,False
https://github.com/HasinthakaPiyumal/AI-Pattern-Mining-Project/tree/main/notebooks/result/ms_repo_callgraph_clusters/springboot-kafka-microservices_java/cluster_19.java,"This Spring Cloud Gateway filter implements JWT-based role and permission access control by extracting and validating a token from request cookies. It authorizes requests by comparing the user's extracted roles and permissions against configured requirements, returning a standardized JSON error response for unauthorized access.",,False
https://github.com/HasinthakaPiyumal/AI-Pattern-Mining-Project/tree/main/notebooks/result/ms_repo_callgraph_clusters/springboot-kafka-microservices_java/cluster_31.java,"This Spring Security configuration establishes a stateless, JWT-based authentication mechanism for an identity service. It defines public API endpoints for authentication and Swagger, secures all other requests, and integrates custom handlers for authentication failures and access denials.",,False
https://github.com/HasinthakaPiyumal/AI-Pattern-Mining-Project/tree/main/notebooks/result/ms_repo_callgraph_clusters/springboot-kafka-microservices_java/cluster_25.java,"This `CustomUserDetails` class implements Spring Security's `UserDetails` interface, providing a custom representation of an authenticated user for the `identity_service`. It includes a static `build` method to construct user details from a `UserCredential` entity, mapping user roles and permissions into `GrantedAuthority` objects and a set of permission strings for authorization.",,False
https://github.com/HasinthakaPiyumal/AI-Pattern-Mining-Project/tree/main/notebooks/result/ms_repo_callgraph_clusters/springboot-kafka-microservices_java/cluster_13.java,"This code implements core functionalities for an e-commerce microservices system, orchestrating order placement, product stock updates, payment processing, and email notifications. It heavily relies on Apache Kafka for asynchronous, event-driven communication between services and utilizes Redis for caching and optimistic locking for concurrent data management.",,False
https://github.com/HasinthakaPiyumal/AI-Pattern-Mining-Project/tree/main/notebooks/result/ms_repo_callgraph_clusters/springboot-kafka-microservices_java/cluster_26.java,"This class implements Spring Security's `UserDetails` interface, serving as a custom user principal for an identity service. It encapsulates user authentication details (username, password) and authorization information (roles as `GrantedAuthority` and explicit permissions), primarily built from a `UserCredential` entity via a static factory method.",,False
https://github.com/HasinthakaPiyumal/AI-Pattern-Mining-Project/tree/main/notebooks/result/ms_repo_callgraph_clusters/springboot-kafka-microservices_java/cluster_33.java,"This code defines a comprehensive set of JPA entity classes across multiple microservices (identity, order, product, payment) to model their respective domain data. It leverages JPA annotations for object-relational mapping, including complex relationships like ManyToMany and OneToMany, and Lombok for concise boilerplate code.",,False
https://github.com/HasinthakaPiyumal/AI-Pattern-Mining-Project/tree/main/notebooks/result/ms_repo_callgraph_clusters/springboot-kafka-microservices_java/cluster_2.java,"This Java code implements the State design pattern to manage the lifecycle of an `Order` object. It initializes an `OrderContext` with a specific `OrderState` (e.g., `NewOrderState`, `ProcessingOrderState`) based on the order's current status and delegates state-specific behavior, like `handleStateChange`, to the active state object.",,False
https://github.com/HasinthakaPiyumal/AI-Pattern-Mining-Project/tree/main/notebooks/result/ms_repo_callgraph_clusters/springboot-kafka-microservices_java/cluster_6.java,"This code defines two distinct Spring Boot microservice applications: an `EmailService` and an `ApiGateway`. Both services explicitly disable database auto-configuration, with the `EmailService` additionally configured for declarative REST client communication via Feign, caching, and asynchronous operations.",,False
https://github.com/HasinthakaPiyumal/AI-Pattern-Mining-Project/tree/main/notebooks/result/ms_repo_callgraph_clusters/springboot-kafka-microservices_java/cluster_12.java,"This `AbstractEntity` serves as a `@MappedSuperclass` providing common JPA entity fields such as `createdAt`, `updatedAt`, and `version` for optimistic locking. It automatically manages these timestamps and the version number using `@PrePersist` and `@PreUpdate` lifecycle callbacks, standardizing auditing and concurrency control across inheriting entities.",,False
https://github.com/HasinthakaPiyumal/AI-Pattern-Mining-Project/tree/main/notebooks/result/ms_repo_callgraph_clusters/springboot-kafka-microservices_java/cluster_35.java,"This code defines two JPA `AttributeConverter` implementations, `RoleConverter` and `PaymentStatusConverter`, which automatically handle the bidirectional conversion between Java enum types (like `ERole` and `PaymentStatus`) and their String representations for database persistence. It uses `switch` expressions for robust string-to-enum mapping and `getLabel()` for enum-to-string conversion.",,False
https://github.com/HasinthakaPiyumal/AI-Pattern-Mining-Project/tree/main/notebooks/result/ms_repo_callgraph_clusters/springboot-kafka-microservices_java/cluster_1.java,"This file contains a collection of boilerplate Spring Boot test classes for multiple microservices (e.g., service registry, identity, order, payment, API gateway). Each class, using `@SpringBootTest`, verifies that its respective application context loads successfully, serving as a fundamental integration test.",,False
https://github.com/HasinthakaPiyumal/AI-Pattern-Mining-Project/tree/main/notebooks/result/ms_repo_callgraph_clusters/springboot-kafka-microservices_java/cluster_34.java,"This file defines two JPA `AttributeConverter` implementations, `RoleConverter` and `PaymentStatusConverter`, which facilitate storing `ERole` and `PaymentStatus` enums as their string labels in the database and converting them back to enum instances upon retrieval. These converters automatically apply, handling null values and throwing exceptions for unknown string representations.",,False
https://github.com/HasinthakaPiyumal/AI-Pattern-Mining-Project/tree/main/notebooks/result/ms_repo_callgraph_clusters/springboot-kafka-microservices_java/cluster_24.java,"This `CustomUserDetails` class implements Spring Security's `UserDetails` interface, serving as a security principal for user authentication and authorization within the identity service. It encapsulates user credentials, roles (as `GrantedAuthority`), and specific permissions, providing a static `build` method to construct itself from a `UserCredential` entity by mapping its roles and permissions.",,False
https://github.com/HasinthakaPiyumal/AI-Pattern-Mining-Project/tree/main/notebooks/result/ms_repo_callgraph_clusters/springboot-kafka-microservices_java/cluster_22.java,"This Spring Cloud Gateway filter enforces role-based and permission-based access control by extracting a JWT token from request cookies, validating it, and then verifying if the user's roles and permissions match the configured requirements for the route. If authorization fails, it returns an appropriate HTTP error response (401 Unauthorized or 403 Forbidden).",,False
https://github.com/HasinthakaPiyumal/AI-Pattern-Mining-Project/tree/main/notebooks/result/ms_repo_callgraph_clusters/springboot-kafka-microservices_java/cluster_40.java,"This code implements core functionalities for an e-commerce microservice system, managing orders, products, and payments via RESTful APIs. It extensively utilizes Spring Boot, Redis for caching, Kafka for event-driven communication, optimistic locking for concurrency, and a State pattern for order status transitions.",,False
https://github.com/HasinthakaPiyumal/AI-Pattern-Mining-Project/tree/main/notebooks/result/ms_repo_callgraph_clusters/springboot-kafka-microservices_java/cluster_28.java,"This Spring Cloud Gateway filter implements role and permission-based access control by extracting and validating a JWT token from request cookies. It then checks if the user's roles and permissions, derived from the token, meet the configured requirements for the specific route, returning unauthorized or forbidden responses if access is denied.",,False
https://github.com/HasinthakaPiyumal/AI-Pattern-Mining-Project/tree/main/notebooks/result/ms_repo_callgraph_clusters/springboot-kafka-microservices_java/cluster_15.java,"This Spring Cloud Gateway filter enforces role and permission-based access control by extracting and validating JWT tokens from request cookies. It checks if the user's roles and permissions, extracted from the token, match the configured requirements for the route, returning a custom JSON error response if authorization fails.",,False
https://github.com/HasinthakaPiyumal/AI-Pattern-Mining-Project/tree/main/notebooks/result/ms_repo_callgraph_clusters/springboot-kafka-microservices_java/cluster_4.java,"This code defines Spring `@Configuration` classes in both an `order_service` and an `api_gateway` module. Its primary function is to expose a `RestTemplate` bean, a synchronous HTTP client, for making external service calls within each respective application context.",,False
https://github.com/HasinthakaPiyumal/AI-Pattern-Mining-Project/tree/main/notebooks/result/ms_repo_callgraph_clusters/springboot-kafka-microservices_java/cluster_17.java,"This code defines core services for a microservices application, primarily handling user identity management (registration, authentication with JWT, roles) and a robust product catalog. The product service includes comprehensive CRUD operations for products, variants, attributes, and hierarchical categories, leveraging Redis for caching and Cloudinary for image storage.",,False
https://github.com/HasinthakaPiyumal/AI-Pattern-Mining-Project/tree/main/notebooks/result/ms_repo_callgraph_clusters/springboot-kafka-microservices_java/cluster_14.java,"This Spring Cloud Gateway filter intercepts incoming requests to perform JWT-based authentication. It validates tokens extracted from cookies for secured routes, returning a custom JSON error response for unauthorized access or missing tokens.",,False
https://github.com/HasinthakaPiyumal/AI-Pattern-Mining-Project/tree/main/notebooks/result/ms_repo_callgraph_clusters/springboot-kafka-microservices_java/cluster_18.java,"This code defines Spring configuration classes for multiple microservices, primarily setting up Redis connections and `RedisTemplate` instances with `GenericJackson2JsonRedisSerializer` for JSON-based data caching, and also configuring a `JavaMailSender` for email functionality. It consistently uses `@Value` annotations to externalize connection details for both Redis and SMTP.",,False
https://github.com/HasinthakaPiyumal/AI-Pattern-Mining-Project/tree/main/notebooks/result/ms_repo_callgraph_clusters/springboot-kafka-microservices_java/cluster_3.java,"This Java DTO defines the structure for a product creation request, encapsulating fields like name, description, price, stock quantity, and an optional image file. It extensively uses Lombok for boilerplate reduction and Jakarta Bean Validation annotations to enforce data integrity constraints on incoming product data.",,False
https://github.com/HasinthakaPiyumal/AI-Pattern-Mining-Project/tree/main/notebooks/result/ms_repo_callgraph_clusters/springboot-kafka-microservices_java/cluster_30.java,"This code defines a suite of interconnected microservices for an e-commerce platform, handling identity management with JWT authentication, comprehensive order processing (including stock validation, payment integration, and status updates with Redis caching), and product catalog management (for products, categories, and variants). It leverages Spring Boot, ModelMapper for DTO conversions, Redis for caching, and Kafka for asynchronous event-driven communication between services.",,False
https://github.com/HasinthakaPiyumal/AI-Pattern-Mining-Project/tree/main/notebooks/result/ms_repo_callgraph_clusters/acmeair_java/cluster_11.java,"This `MapGridAgent` for WebSphere eXtreme Scale efficiently performs a distributed `putAll` operation. It processes a pre-partitioned map of objects, iterating through entries belonging to a specific grid partition and using `upsert` to insert or update them directly on the server, minimizing network overhead.",,False
https://github.com/HasinthakaPiyumal/AI-Pattern-Mining-Project/tree/main/notebooks/result/ms_repo_callgraph_clusters/acmeair_java/cluster_53.java,"This code provides two distinct functionalities for the Acme Air project: `MongoConnectionManager` establishes and manages singleton connections to a MongoDB database, dynamically configuring client options from properties or cloud environment variables (VCAP_SERVICES) and providing Morphia `Datastore` instances. Separately, `ReportGenerator` is a command-line utility that parses JMeter and Nmon performance logs, calculating statistics and generating comprehensive HTML reports with charts using Apache Velocity.",,False
https://github.com/HasinthakaPiyumal/AI-Pattern-Mining-Project/tree/main/notebooks/result/ms_repo_callgraph_clusters/acmeair_java/cluster_56.java,"These files define two distinct `BookingImpl` entity classes, both implementing the `Booking` interface to represent flight booking data within the Acme Air application. They differ in their persistence strategies: one is a Morphia-annotated entity for MongoDB, directly storing IDs, while the other uses composite primary keys and object references, likely for a different data store like WebSphere eXtreme Scale.",,False
https://github.com/HasinthakaPiyumal/AI-Pattern-Mining-Project/tree/main/notebooks/result/ms_repo_callgraph_clusters/acmeair_java/cluster_73.java,"This `StatResult` class encapsulates common statistical metrics (min, max, average, count, sum) for a set of numerical data. It provides a static utility method, `getStatistics`, to compute these metrics from a list of `Double` values, specifically calculating statistics *excluding* the first and last elements of the input list.",,False
https://github.com/HasinthakaPiyumal/AI-Pattern-Mining-Project/tree/main/notebooks/result/ms_repo_callgraph_clusters/acmeair_java/cluster_19.java,"This file defines three distinct Java classes representing ""Flight"" data within the Acme Air application. It includes a JAXB-annotated Data Transfer Object (`FlightInfo`) for web serialization and two persistence entity implementations (`FlightImpl`) tailored for MongoDB (using Morphia) and WebSphere eXtreme Scale, all implementing a common `Flight` interface.",,False
https://github.com/HasinthakaPiyumal/AI-Pattern-Mining-Project/tree/main/notebooks/result/ms_repo_callgraph_clusters/acmeair_java/cluster_81.java,"This Java class, `JtlTotals`, aggregates and calculates comprehensive performance test metrics, likely from JMeter JTL files. It tracks request counts, response times (average, min, max, 90th percentile, and binned distributions), return codes, failures, and flight-related statistics, providing a consolidated summary of test execution.",,False
https://github.com/HasinthakaPiyumal/AI-Pattern-Mining-Project/tree/main/notebooks/result/ms_repo_callgraph_clusters/acmeair_java/cluster_31.java,"This code defines multiple representations of a `FlightSegment` entity for the Acme Air application. It includes a Data Transfer Object (`FlightSegmentInfo`) for web communication and two distinct `FlightSegmentImpl` classes, each tailored for specific persistence technologies like Morphia (MongoDB) and WebSphere eXtreme Scale, demonstrating technology-specific entity implementations.",,False
https://github.com/HasinthakaPiyumal/AI-Pattern-Mining-Project/tree/main/notebooks/result/ms_repo_callgraph_clusters/acmeair_java/cluster_7.java,"This Java class, `BookingImpl`, serves as a concrete implementation of a `Booking` entity within the Acme Air application, specifically designed for persistence in a WebSphere eXtreme Scale (WXS) environment. It encapsulates booking details such as the booking date, associated customer, and flight, utilizing separate primary key objects (`BookingPKImpl`, `FlightPKImpl`) and implementing `Serializable` for distributed data management.",,False
https://github.com/HasinthakaPiyumal/AI-Pattern-Mining-Project/tree/main/notebooks/result/ms_repo_callgraph_clusters/acmeair_java/cluster_57.java,"This code defines two `CustomerSessionImpl` entity classes, both modeling a customer's session with properties like ID, customer ID, last access, and timeout times. One implementation is specifically configured for Morphia (MongoDB) persistence, while the other serves as a plain POJO, likely for a different data store or context like WebSphere eXtreme Scale.",,False
https://github.com/HasinthakaPiyumal/AI-Pattern-Mining-Project/tree/main/notebooks/result/ms_repo_callgraph_clusters/acmeair_java/cluster_68.java,"This `StatResult` class serves as a Plain Old Java Object (POJO) to encapsulate basic statistical metrics (min, max, average, count, sum). It provides a static utility method, `getStatistics`, which calculates these metrics from a list of doubles, notably excluding the first and last elements from its computations.",,False
https://github.com/HasinthakaPiyumal/AI-Pattern-Mining-Project/tree/main/notebooks/result/ms_repo_callgraph_clusters/acmeair_java/cluster_9.java,"This `MapGridAgent` for WebSphere eXtreme Scale efficiently performs a bulk `upsert` operation on a specific data grid partition. It processes a pre-configured map of key-value pairs, grouped by partition key, and iteratively inserts or updates each entry into the target `ObjectMap` on the server side.",,False
https://github.com/HasinthakaPiyumal/AI-Pattern-Mining-Project/tree/main/notebooks/result/ms_repo_callgraph_clusters/acmeair_java/cluster_86.java,"This `MapGridAgent` for IBM WebSphere eXtreme Scale (WXS) is designed to perform bulk `upsert` operations. It processes a pre-populated map of objects (`objectsToSave`), iterating through entries corresponding to a given partition key and applying `upsert` for each key-value pair to the `ObjectMap` within that partition.",,False
https://github.com/HasinthakaPiyumal/AI-Pattern-Mining-Project/tree/main/notebooks/result/ms_repo_callgraph_clusters/acmeair_java/cluster_25.java,"This `WXSSessionManager` class provides a singleton for managing client connections and sessions to an IBM WebSphere eXtreme Scale (WXS) ObjectGrid for the AcmeAir application. It dynamically configures the WXS client, supporting various lookup mechanisms (JNDI, VCAP_SERVICES), and sets up features like security, near-cache disabling, partitioning, and transaction integration (Spring/WAS).",,False
https://github.com/HasinthakaPiyumal/AI-Pattern-Mining-Project/tree/main/notebooks/result/ms_repo_callgraph_clusters/acmeair_java/cluster_44.java,"This file defines two distinct Java classes for managing booking information within the Acme Air application. `BookingInfo` acts as a Data Transfer Object (DTO) for web/XML serialization, while `BookingImpl` serves as a concrete entity implementation for MongoDB persistence using Morphia, both encapsulating core booking details like ID, flight, customer, and booking date.",,False
https://github.com/HasinthakaPiyumal/AI-Pattern-Mining-Project/tree/main/notebooks/result/ms_repo_callgraph_clusters/acmeair_java/cluster_21.java,"This file defines multiple representations of flight data, including a JAXB-annotated `FlightInfo` DTO for web layer communication and two `FlightImpl` entity implementations tailored for different persistence technologies (Morphia for MongoDB and another likely for WebSphere eXtreme Scale). These classes encapsulate comprehensive flight details such as schedules, costs, seat availability, and airplane type, demonstrating a pattern of adapting a core domain entity for various technical contexts.",,False
https://github.com/HasinthakaPiyumal/AI-Pattern-Mining-Project/tree/main/notebooks/result/ms_repo_callgraph_clusters/acmeair_java/cluster_13.java,"This code defines Data Transfer Objects (DTOs) for an airline booking system's web layer, including `FlightInfo`, `BookingInfo`, and `TripLegInfo` with pagination, utilizing JAXB for XML serialization. It also provides distinct persistence layer implementations for core entities like `Flight`, `Booking`, and `CustomerSession`, specifically tailored for Morphia (MongoDB) and WebSphere eXtreme Scale.",,False
https://github.com/HasinthakaPiyumal/AI-Pattern-Mining-Project/tree/main/notebooks/result/ms_repo_callgraph_clusters/acmeair_java/cluster_26.java,"This file defines multiple Java classes representing the `Customer` entity for the `acmeair` application, each tailored for a specific architectural concern. It includes `CustomerInfo` as a JAXB-annotated Data Transfer Object for web communication, and two distinct `CustomerImpl` implementations for persistence with Morphia (MongoDB) and WebSphere eXtreme Scale, showcasing a layered approach to data representation.",,False
https://github.com/HasinthakaPiyumal/AI-Pattern-Mining-Project/tree/main/notebooks/result/ms_repo_callgraph_clusters/acmeair_java/cluster_62.java,"This `WXSSessionManager` class provides a singleton for managing connections and sessions to an IBM WebSphere eXtreme Scale (WXS) ObjectGrid. It dynamically configures WXS client connections, including catalog server endpoints, grid name, security credentials, near cache settings, and partition fields, often by parsing `VCAP_SERVICES` or other environment/JNDI lookups, and integrates with transaction managers.",,False
https://github.com/HasinthakaPiyumal/AI-Pattern-Mining-Project/tree/main/notebooks/result/ms_repo_callgraph_clusters/acmeair_java/cluster_33.java,"This Java DTO (`TripLegInfo`) encapsulates a paginated list of `FlightInfo` objects, representing available flight options for a single leg of a trip. It includes pagination metadata (current page, page size, total pages) and converts `Flight` entities to `FlightInfo` DTOs when setting the flight options.",,False
https://github.com/HasinthakaPiyumal/AI-Pattern-Mining-Project/tree/main/notebooks/result/ms_repo_callgraph_clusters/acmeair_java/cluster_2.java,"This code defines `BookingImpl` and `FlightImpl` as serializable entity classes for the Acme Air application, representing booking and flight data respectively. They employ a common persistence pattern using explicit primary key objects (`BookingPKImpl`, `FlightPKImpl`) and implement standard data access methods, suggesting their use as data models within a distributed data grid or similar persistence layer.",,False
https://github.com/HasinthakaPiyumal/AI-Pattern-Mining-Project/tree/main/notebooks/result/ms_repo_callgraph_clusters/acmeair_java/cluster_79.java,"This code defines data structures for parsing and aggregating performance test results, likely from JMeter JTL files. The `JtlTotals` class collects and calculates comprehensive metrics such as response times (average, min, max, 90th percentile), throughput, failure rates, and response time distributions, while `IndividualChartResults` serves as a simple container for data points destined for a single chart.",,False
https://github.com/HasinthakaPiyumal/AI-Pattern-Mining-Project/tree/main/notebooks/result/ms_repo_callgraph_clusters/acmeair_java/cluster_47.java,"This `WXSSessionManager` class acts as a singleton manager for establishing and managing client connections to an IBM WebSphere eXtreme Scale (WXS) distributed data grid. It dynamically configures the WXS client, including security, near-cache settings, and transaction integration, by prioritizing configuration from `VCAP_SERVICES` for cloud environments, then falling back to JNDI, system properties, or environment variables.",,False
https://github.com/HasinthakaPiyumal/AI-Pattern-Mining-Project/tree/main/notebooks/result/ms_repo_callgraph_clusters/acmeair_java/cluster_70.java,"The `StatResult` class is a POJO designed to store statistical aggregates (min, max, average, sum, count). It includes a static `getStatistics` method that calculates these metrics from a list of doubles, uniquely excluding the first and last elements from its computations.",,False
https://github.com/HasinthakaPiyumal/AI-Pattern-Mining-Project/tree/main/notebooks/result/ms_repo_callgraph_clusters/acmeair_java/cluster_46.java,"This file defines core AcmeAir application components, including a JAX-RS resource (`AcmeAirConfiguration`) for exposing configuration and aggregated data counts, and a `Loader` utility for initial data population. It notably provides two distinct data service implementations for Booking, Customer, and Flight entities, dynamically chosen at runtime via a `ServiceLocator` to use either MongoDB (with Morphia) or WebSphere eXtreme Scale for persistence.",,False
https://github.com/HasinthakaPiyumal/AI-Pattern-Mining-Project/tree/main/notebooks/result/ms_repo_callgraph_clusters/acmeair_java/cluster_82.java,"The `JtlTotals` class aggregates and calculates comprehensive performance test metrics, including response time statistics (average, min, max, 90th percentile, and bucketed distribution), request counts, failures, and return codes. It is designed to summarize data, likely from JMeter (JTL) files, also tracking specific application-level flight transaction metrics and supporting the combination of multiple result sets.",,False
https://github.com/HasinthakaPiyumal/AI-Pattern-Mining-Project/tree/main/notebooks/result/ms_repo_callgraph_clusters/acmeair_java/cluster_39.java,"This Java class, `BookingReceiptInfo`, serves as a Data Transfer Object (DTO) to encapsulate booking receipt details. It specifically stores departure and return booking IDs along with a boolean indicating a one-way trip, utilizing standard Java bean patterns for data access.",,False
https://github.com/HasinthakaPiyumal/AI-Pattern-Mining-Project/tree/main/notebooks/result/ms_repo_callgraph_clusters/acmeair_java/cluster_65.java,"This code defines `BookingPKImpl` and `FlightPKImpl` classes, serving as composite primary key implementations for `Booking` and `Flight` entities within the `acmeair` application. These classes implement `Serializable` and `PartitionableKey` from IBM WebSphere ObjectGrid, providing standard `hashCode`, `equals`, and `toString` methods, and specifically use `customerId` or `flightSegmentId` for data partitioning.",,False
https://github.com/HasinthakaPiyumal/AI-Pattern-Mining-Project/tree/main/notebooks/result/ms_repo_callgraph_clusters/acmeair_java/cluster_35.java,"This Java DTO, `TripLegInfo`, encapsulates a paginated list of `FlightInfo` objects, representing available flights for a single leg of a trip. It provides pagination metadata such as current page, page size, and total pages, along with a flag indicating if more options are available, to manage and display flight search results efficiently.",,False
https://github.com/HasinthakaPiyumal/AI-Pattern-Mining-Project/tree/main/notebooks/result/ms_repo_callgraph_clusters/acmeair_java/cluster_1.java,"This Java codebase implements the core entities, DTOs (using JAXB), and service layers for the AcmeAir flight booking application, designed with interchangeable persistence implementations for MongoDB (via Morphia) and WebSphere eXtreme Scale. It features a dynamic service locator for selecting the active data service and includes a REST-enabled component for initial data loading and database management.",,False
https://github.com/HasinthakaPiyumal/AI-Pattern-Mining-Project/tree/main/notebooks/result/ms_repo_callgraph_clusters/acmeair_java/cluster_72.java,"This code provides two utility classes: `StatResult`, a data container for basic statistical aggregates (min, max, average, count, sum) with a static method to compute them from a list (notably skipping the first and last elements), and `JtlTotals`, an aggregator for performance test metrics, likely from JMeter JTL files. `JtlTotals` collects and calculates comprehensive statistics like response times, error codes, throughput, and their distributions, with functionality to merge data from multiple sources.",,False
https://github.com/HasinthakaPiyumal/AI-Pattern-Mining-Project/tree/main/notebooks/result/ms_repo_callgraph_clusters/acmeair_java/cluster_85.java,"This `JtlTotals` class aggregates and calculates comprehensive performance statistics from JTL (JMeter Test Log) data, including request counts, response times (min, max, average, 90th percentile, and binned distribution), return codes, and specific flight-related metrics. It efficiently stores this data using maps and lists, and supports combining statistics from multiple sources for consolidated reporting.",,False
https://github.com/HasinthakaPiyumal/AI-Pattern-Mining-Project/tree/main/notebooks/result/ms_repo_callgraph_clusters/acmeair_java/cluster_34.java,"This Java DTO, `TripLegInfo`, encapsulates a paginated list of `FlightInfo` objects, representing available flight options for a single leg of a trip. It includes pagination metadata such as current page, page size, total pages, and a flag for more options, to efficiently manage and present query results.",,False
https://github.com/HasinthakaPiyumal/AI-Pattern-Mining-Project/tree/main/notebooks/result/ms_repo_callgraph_clusters/acmeair_java/cluster_59.java,"This code defines two nearly identical `CustomerSessionImpl` classes, both serializable POJOs that model customer session data with fields for ID, customer ID, last access, and timeout times. One version, located in `morphia.entities`, is specifically annotated as a Morphia entity for MongoDB persistence, while the other in `wxs.entities` serves a similar purpose likely for a different persistence layer.",,False
https://github.com/HasinthakaPiyumal/AI-Pattern-Mining-Project/tree/main/notebooks/result/ms_repo_callgraph_clusters/acmeair_java/cluster_84.java,"This `JtlTotals` class aggregates and analyzes performance test metrics, such as response times (min, max, average, 90th percentile, and bucketed distribution), request counts, failures, and return codes, likely parsed from JMeter JTL files. It uses various maps and lists to store and process this data, providing methods to combine results from multiple sources and calculate key performance indicators.",,False
https://github.com/HasinthakaPiyumal/AI-Pattern-Mining-Project/tree/main/notebooks/result/ms_repo_callgraph_clusters/acmeair_java/cluster_37.java,"This `TripLegInfo` DTO encapsulates flight options for a single trip leg, including pagination metadata like current page, page size, and total pages. It specifically converts `Flight` entities into `FlightInfo` DTOs when setting the list of available flights.",,False
https://github.com/HasinthakaPiyumal/AI-Pattern-Mining-Project/tree/main/notebooks/result/ms_repo_callgraph_clusters/acmeair_java/cluster_42.java,"This Java class functions as a Data Transfer Object (DTO) within the `acmeair` application, specifically designed to encapsulate booking receipt information. It stores the departure booking ID, an optional return booking ID, and a boolean indicating if the trip is one-way, adhering to the standard JavaBean pattern with getters, setters, and a `toString()` method.",,False
https://github.com/HasinthakaPiyumal/AI-Pattern-Mining-Project/tree/main/notebooks/result/ms_repo_callgraph_clusters/acmeair_java/cluster_61.java,"This Java application, `ReportGenerator`, processes performance test results from JMeter (summary and JTL files) and Nmon system monitoring logs. It aggregates statistics, generates various charts via the Google Charts API, and renders a comprehensive HTML report using Apache Velocity for visualization and analysis.",,False
https://github.com/HasinthakaPiyumal/AI-Pattern-Mining-Project/tree/main/notebooks/result/ms_repo_callgraph_clusters/acmeair_java/cluster_45.java,"This file defines multiple representations of a ""Booking"" entity for the Acme Air application. It includes a JAXB-annotated Data Transfer Object (`BookingInfo`) for web communication and two distinct persistence-specific implementations (`BookingImpl`) tailored for MongoDB (using Morphia) and a distributed data grid (likely WebSphere eXtreme Scale), respectively.",,False
https://github.com/HasinthakaPiyumal/AI-Pattern-Mining-Project/tree/main/notebooks/result/ms_repo_callgraph_clusters/acmeair_java/cluster_24.java,"This code defines multiple Java classes representing flight data, each tailored for a specific architectural concern within the Acme Air application. It includes a JAXB-annotated Data Transfer Object (`FlightInfo`) for web service communication and two distinct `FlightImpl` classes for persistence, one using Morphia for MongoDB and another for a WebSphere eXtreme Scale (WXS) environment.",,False
https://github.com/HasinthakaPiyumal/AI-Pattern-Mining-Project/tree/main/notebooks/result/ms_repo_callgraph_clusters/acmeair_java/cluster_23.java,"This code defines multiple representations of a ""Flight"" entity for the Acme Air application, including a JAXB-annotated web DTO (`FlightInfo`), a Morphia-mapped MongoDB entity (`FlightImpl`), and another persistence-specific entity (`FlightImpl` for WXS). Each class encapsulates flight details like schedules, costs, and seat availability, demonstrating an architectural pattern of adapting a core domain object for different data access and presentation layers.",,False
https://github.com/HasinthakaPiyumal/AI-Pattern-Mining-Project/tree/main/notebooks/result/ms_repo_callgraph_clusters/acmeair_java/cluster_54.java,"This code defines two identical `FlightSegmentImpl` POJO classes, serving as data models for flight segments with properties like flight name, origin, destination, and miles. One version is specifically configured as a Morphia entity for MongoDB persistence, while the other, lacking the annotation, likely serves a similar data representation role for a different system like WebSphere eXtreme Scale.",,False
https://github.com/HasinthakaPiyumal/AI-Pattern-Mining-Project/tree/main/notebooks/result/ms_repo_callgraph_clusters/acmeair_java/cluster_20.java,"This file defines three distinct Java classes representing flight information within the Acme Air application, each tailored for a specific architectural concern. It includes a JAXB-annotated Data Transfer Object (`FlightInfo`) for web service communication and two different persistence entities (`FlightImpl`) for MongoDB (using Morphia) and another system (likely WebSphere eXtreme Scale), showcasing a clear separation of concerns for data representation across layers.",,False
https://github.com/HasinthakaPiyumal/AI-Pattern-Mining-Project/tree/main/notebooks/result/ms_repo_callgraph_clusters/acmeair_java/cluster_83.java,"This `JtlTotals` class aggregates and calculates comprehensive performance metrics from test results, including total requests, min/max/average/90th percentile response times, and their distribution into configurable buckets. It also tracks return codes, failures, and application-specific ""flight"" related counts, supporting the combination of multiple data sets for consolidated reporting.",,False
https://github.com/HasinthakaPiyumal/AI-Pattern-Mining-Project/tree/main/notebooks/result/ms_repo_callgraph_clusters/acmeair_java/cluster_16.java,"This code defines `FlightInfo` and `FlightSegmentInfo` as Data Transfer Objects (DTOs) for the Acme Air application, specifically designed to represent flight and flight segment details for web services. These DTOs facilitate data transfer by mapping properties from core domain entities and are configured for XML serialization using JAXB annotations.",,False
https://github.com/HasinthakaPiyumal/AI-Pattern-Mining-Project/tree/main/notebooks/result/ms_repo_callgraph_clusters/acmeair_java/cluster_50.java,"The `WXSSessionManager` is a singleton utility for the Acme Air application, responsible for establishing and managing client connections and sessions to an IBM WebSphere eXtreme Scale (WXS) data grid. It dynamically configures these connections by sourcing details from JNDI, environment variables (including VCAP_SERVICES), or system properties, while also handling near cache settings, partitioning, and transaction integration.",,False
https://github.com/HasinthakaPiyumal/AI-Pattern-Mining-Project/tree/main/notebooks/result/ms_repo_callgraph_clusters/acmeair_java/cluster_64.java,"This file defines `BookingPKImpl` and `FlightPKImpl`, which are composite primary key classes for booking and flight entities within the Acme Air application. These classes implement `Serializable` and `PartitionableKey` from IBM WebSphere eXtreme Scale, providing custom `hashCode`, `equals`, and `ibmGetPartition` methods to facilitate efficient partitioning and storage in a distributed data grid.",,False
https://github.com/HasinthakaPiyumal/AI-Pattern-Mining-Project/tree/main/notebooks/result/ms_repo_callgraph_clusters/acmeair_java/cluster_22.java,"This file defines multiple Java representations of a ""Flight"" entity, serving as a JAXB-annotated Data Transfer Object (`FlightInfo`) for web communication and distinct persistence models (`FlightImpl`) for MongoDB (via Morphia) and WebSphere eXtreme Scale. This approach demonstrates a clear separation of concerns for data representation across different application layers and persistence technologies.",,False
https://github.com/HasinthakaPiyumal/AI-Pattern-Mining-Project/tree/main/notebooks/result/ms_repo_callgraph_clusters/acmeair_java/cluster_49.java,"This Java class, `WXSSessionManager`, acts as a singleton client for IBM WebSphere eXtreme Scale (WXS), managing connections to a distributed ObjectGrid. It dynamically configures grid access from `VCAP_SERVICES`, JNDI, or system properties, handling authentication, transaction integration (WAS/Spring), and specific map configurations like near-caching and partitioning.",,False
https://github.com/HasinthakaPiyumal/AI-Pattern-Mining-Project/tree/main/notebooks/result/ms_repo_callgraph_clusters/acmeair_java/cluster_52.java,"This Java class, `WXSSessionManager`, serves as a singleton manager for establishing and configuring client connections to an IBM WebSphere eXtreme Scale (WXS) data grid for the AcmeAir application. It dynamically retrieves connection parameters, authentication credentials, near-cache settings, and transaction integration (Spring or WAS) from various sources like VCAP_SERVICES, JNDI, and system properties to provide `ObjectGrid` and `Session` instances.",,False
https://github.com/HasinthakaPiyumal/AI-Pattern-Mining-Project/tree/main/notebooks/result/ms_repo_callgraph_clusters/acmeair_java/cluster_78.java,"This Java class, `MultipleChartResults`, functions as a Plain Old Java Object (POJO) to encapsulate and manage aggregated data for multiple charts. It stores an overall chart title, Y-axis label, a collection of `IndividualChartResults`, and a list of associated strings, providing standard getters and setters for data access.",,False
https://github.com/HasinthakaPiyumal/AI-Pattern-Mining-Project/tree/main/notebooks/result/ms_repo_callgraph_clusters/acmeair_java/cluster_29.java,"This code defines Data Transfer Objects (`BookingPKInfo`, `BookingInfo`) for representing booking details and their primary keys, primarily for web service serialization using JAXB. It also includes `BookingPKImpl`, a specialized primary key implementation for distributed caching with IBM WebSphere eXtreme Scale, which enables data partitioning based on the `customerId`.",,False
https://github.com/HasinthakaPiyumal/AI-Pattern-Mining-Project/tree/main/notebooks/result/ms_repo_callgraph_clusters/acmeair_java/cluster_40.java,"This Java class, `BookingReceiptInfo`, functions as a Data Transfer Object (DTO) within the `acmeair` application, specifically for web-related data. It encapsulates booking receipt details, including departure and return booking IDs and a boolean indicating if the trip is one-way, utilizing standard JavaBean patterns with getters, setters, and a `toString()` method.",,False
https://github.com/HasinthakaPiyumal/AI-Pattern-Mining-Project/tree/main/notebooks/result/ms_repo_callgraph_clusters/acmeair_java/cluster_38.java,"This Java class, `BookingReceiptInfo`, functions as a Data Transfer Object (DTO) to encapsulate essential details for a flight booking receipt. It specifically stores the departure booking ID, an optional return booking ID, and a boolean flag indicating if the booking is one-way, providing standard getters, setters, and a `toString` method for data access and representation.",,False
https://github.com/HasinthakaPiyumal/AI-Pattern-Mining-Project/tree/main/notebooks/result/ms_repo_callgraph_clusters/acmeair_java/cluster_48.java,"This code defines data models (DTOs and entities) for an airline application, including customers, flights, bookings, and sessions, with JAXB annotations for web service serialization. It provides service implementations for customer authentication and flight management, utilizing both Morphia for MongoDB persistence and IBM WebSphere eXtreme Scale for distributed data caching.",,False
https://github.com/HasinthakaPiyumal/AI-Pattern-Mining-Project/tree/main/notebooks/result/ms_repo_callgraph_clusters/acmeair_java/cluster_36.java,"This Java DTO, `TripLegInfo`, encapsulates a list of `FlightInfo` objects representing available flight options for a single trip leg. It explicitly supports pagination by including properties like current page, page size, and total pages, and converts `Flight` entities to `FlightInfo` DTOs when setting the flight options.",,False
https://github.com/HasinthakaPiyumal/AI-Pattern-Mining-Project/tree/main/notebooks/result/ms_repo_callgraph_clusters/acmeair_java/cluster_74.java,"The `StatResult` class serves as a data container for basic statistical metrics (min, max, average, sum, count) and provides a static utility method, `getStatistics`, to compute these values from a list of doubles. Notably, the `getStatistics` method calculates statistics by iterating from the second to the second-to-last element of the input list, effectively ignoring the first and last values.",,False
https://github.com/HasinthakaPiyumal/AI-Pattern-Mining-Project/tree/main/notebooks/result/ms_repo_callgraph_clusters/acmeair_java/cluster_55.java,"This code defines various data transfer objects (DTOs) for web service interactions and multiple sets of entity implementations for the Acme Air application. It notably includes JAXB-annotated DTOs and distinct entity classes tailored for MongoDB persistence (using Morphia with custom `BigDecimal`/`BigInteger` converters) and WebSphere eXtreme Scale distributed caching, reflecting a multi-persistence layer design.",,False
https://github.com/HasinthakaPiyumal/AI-Pattern-Mining-Project/tree/main/notebooks/result/ms_repo_callgraph_clusters/acmeair_java/cluster_28.java,"This Java class, `TripFlightOptions`, functions as a Data Transfer Object (DTO) designed to encapsulate and return flight search results. It specifically holds a list of `TripLegInfo` objects, representing available flight options for each leg of a potentially multi-leg trip, and is configured for XML serialization using JAXB annotations.",,False
https://github.com/HasinthakaPiyumal/AI-Pattern-Mining-Project/tree/main/notebooks/result/ms_repo_callgraph_clusters/acmeair_java/cluster_63.java,"This code primarily implements a Java Servlet Filter (`RESTCookieSessionFilter`) that intercepts incoming REST requests to validate user sessions via a cookie, enforcing authentication and preparing transactions. It integrates with `CustomerService` for session management and `WXSSessionManager` for distributed data and transaction coordination using IBM WebSphere eXtreme Scale.",,False
https://github.com/HasinthakaPiyumal/AI-Pattern-Mining-Project/tree/main/notebooks/result/ms_repo_callgraph_clusters/acmeair_java/cluster_15.java,"This code defines Data Transfer Objects (DTOs), `FlightInfo` and `FlightSegmentInfo`, used to represent flight and flight segment details for web communication. It facilitates mapping from internal `Flight` and `FlightSegment` entity models to a simplified external representation, leveraging JAXB annotations for XML serialization.",,False
https://github.com/HasinthakaPiyumal/AI-Pattern-Mining-Project/tree/main/notebooks/result/ms_repo_callgraph_clusters/acmeair_java/cluster_58.java,"This file defines two distinct `CustomerSessionImpl` classes, both serving as data models for customer session information including ID, customer ID, last access time, and timeout. One implementation is specifically configured as a Morphia entity for MongoDB persistence, while the other is a plain serializable POJO likely intended for an in-memory data grid like WebSphere eXtreme Scale.",,False
https://github.com/HasinthakaPiyumal/AI-Pattern-Mining-Project/tree/main/notebooks/result/ms_repo_callgraph_clusters/acmeair_java/cluster_77.java,"This Java class, `MultipleChartResults`, functions as a data transfer object (DTO) to aggregate and manage the title, Y-axis label, and a collection of `IndividualChartResults` for a report displaying multiple charts. It uses the standard JavaBean pattern with getters and setters to encapsulate this reporting data.",,False
https://github.com/HasinthakaPiyumal/AI-Pattern-Mining-Project/tree/main/notebooks/result/ms_repo_callgraph_clusters/acmeair_java/cluster_17.java,"This file defines multiple implementations of the `Flight` entity and its primary key, designed to support various data handling layers within the Acme Air application. These include a JAXB-annotated DTO for web services, a Morphia-mapped entity for MongoDB persistence, and a WebSphere eXtreme Scale-compatible entity with a composite key.",,False
https://github.com/HasinthakaPiyumal/AI-Pattern-Mining-Project/tree/main/notebooks/result/ms_repo_callgraph_clusters/acmeair_java/cluster_66.java,"The `StatResult` class defines a data structure to store basic statistical measures like min, max, average, count, and sum. It provides a static utility method, `getStatistics`, which calculates these values from an `ArrayList<Double>`, notably excluding the first and last elements of the input list from its calculations.",,False
https://github.com/HasinthakaPiyumal/AI-Pattern-Mining-Project/tree/main/notebooks/result/ms_repo_callgraph_clusters/acmeair_java/cluster_14.java,"This code defines the `FlightSegment` data model for the Acme Air application, utilizing an interface (`FlightSegment`) and multiple concrete implementations (`FlightSegmentImpl`) tailored for different persistence technologies like Morphia (MongoDB) and WebSphere eXtreme Scale. It also includes a `FlightSegmentInfo` DTO for transferring flight segment data to the web layer, demonstrating a clear separation between domain entities, persistence implementations, and presentation models.",,False
https://github.com/HasinthakaPiyumal/AI-Pattern-Mining-Project/tree/main/notebooks/result/ms_repo_callgraph_clusters/acmeair_java/cluster_32.java,"This code defines the `FlightSegment` data model, providing a Data Transfer Object (`FlightSegmentInfo`) for web layer communication and two distinct entity implementations (`FlightSegmentImpl`) for persistence. Notably, these entity implementations are tailored for different data storage technologies: one for MongoDB using Morphia and another for WebSphere eXtreme Scale, showcasing a pattern of adapting domain entities for specific persistence mechanisms.",,False
https://github.com/HasinthakaPiyumal/AI-Pattern-Mining-Project/tree/main/notebooks/result/ms_repo_callgraph_clusters/acmeair_java/cluster_41.java,"This Java class, `BookingReceiptInfo`, functions as a Data Transfer Object (DTO) to encapsulate booking receipt details, specifically storing departure and return booking IDs along with a boolean indicating if the trip is one-way. It follows the JavaBean pattern, providing constructors, private fields, and public getters/setters for its properties.",,False
https://github.com/HasinthakaPiyumal/AI-Pattern-Mining-Project/tree/main/notebooks/result/ms_repo_callgraph_clusters/acmeair_java/cluster_18.java,"This file defines multiple implementations of the `Flight` data model for the Acme Air application, serving as a JAXB-annotated Data Transfer Object for web services, a Morphia-mapped entity for MongoDB persistence, and a separate entity for WebSphere eXtreme Scale. Each class encapsulates flight details like schedules, costs, and seat availability, tailored for its specific integration context.",,False
https://github.com/HasinthakaPiyumal/AI-Pattern-Mining-Project/tree/main/notebooks/result/ms_repo_callgraph_clusters/acmeair_java/cluster_3.java,"This code defines the data models and service implementations for the Acme Air flight booking application. It provides DTOs for flight, booking, and customer entities, with core business logic implemented across two distinct persistence layers: one utilizing Morphia for MongoDB and another leveraging IBM WebSphere eXtreme Scale (WXS) for a distributed data grid.",,False
https://github.com/HasinthakaPiyumal/AI-Pattern-Mining-Project/tree/main/notebooks/result/ms_repo_callgraph_clusters/acmeair_java/cluster_8.java,"This `BookingImpl` class defines a serializable entity for a flight booking in the Acme Air application, specifically structured for a WebSphere eXtreme Scale (WXS) environment. It encapsulates booking details, including references to `Customer` and `Flight` entities, and uses dedicated primary key objects for identification.",,False
https://github.com/HasinthakaPiyumal/AI-Pattern-Mining-Project/tree/main/notebooks/result/ms_repo_callgraph_clusters/acmeair_java/cluster_30.java,"This code defines various representations of a `FlightSegment` entity, including a Data Transfer Object (`FlightSegmentInfo`) for web layer communication and two distinct persistence implementations (`FlightSegmentImpl`) tailored for Morphia (MongoDB) and WebSphere eXtreme Scale (WXS). It models flight segment details like origin, destination, and miles, demonstrating an approach for adapting a single logical entity across different data access and presentation concerns.",,False
https://github.com/HasinthakaPiyumal/AI-Pattern-Mining-Project/tree/main/notebooks/result/ms_repo_callgraph_clusters/acmeair_java/cluster_76.java,"This `StatResult` class serves as a data structure to store basic statistical metrics (min, max, average, sum, count) for numerical data. It includes a static `getStatistics` method that calculates these metrics from an `ArrayList<Double>`, notably excluding the first and last elements of the input list from its calculations.",,False
https://github.com/HasinthakaPiyumal/AI-Pattern-Mining-Project/tree/main/notebooks/result/ms_repo_callgraph_clusters/acmeair_java/cluster_69.java,"This `StatResult` class acts as a data container for statistical metrics (min, max, average, sum, count) and provides a static utility method, `getStatistics`. This method calculates these statistics for a given list of `Double` values, notably excluding the first and last elements from its calculations.",,False
https://github.com/HasinthakaPiyumal/AI-Pattern-Mining-Project/tree/main/notebooks/result/ms_repo_callgraph_clusters/acmeair_java/cluster_75.java,"This `StatResult` class encapsulates basic statistical metrics (min, max, average, sum, count) for numerical data. It includes a static utility method to calculate these statistics from a list of doubles, specifically excluding the first and last elements from the computation.",,False
https://github.com/HasinthakaPiyumal/AI-Pattern-Mining-Project/tree/main/notebooks/result/ms_repo_callgraph_clusters/acmeair_java/cluster_27.java,"This code defines multiple representations of a `Customer` entity for the Acme Air application. It includes a JAXB-annotated Data Transfer Object (`CustomerInfo`) for web service communication and two distinct persistence-layer implementations (`CustomerImpl`) tailored for MongoDB (using Morphia) and WebSphere eXtreme Scale, all sharing common customer attributes.",,False
https://github.com/HasinthakaPiyumal/AI-Pattern-Mining-Project/tree/main/notebooks/result/ms_repo_callgraph_clusters/acmeair_java/cluster_43.java,"This Java class, `BookingReceiptInfo`, functions as a Data Transfer Object (DTO) to encapsulate and manage details for a flight booking receipt, specifically storing the departure booking ID, an optional return booking ID, and a boolean indicating if the booking is one-way. It follows the standard JavaBean pattern with constructors, getters, setters, and an overridden `toString()` method for easy data representation.",,False
https://github.com/HasinthakaPiyumal/AI-Pattern-Mining-Project/tree/main/notebooks/result/ms_repo_callgraph_clusters/acmeair_java/cluster_71.java,"This `StatResult` Java class serves as a data structure to encapsulate basic statistical metrics such as min, max, average, count, and sum. It provides a static `getStatistics` method that calculates these values from an `ArrayList<Double>`, notably excluding the first and last elements of the input list from its computations.",,False
https://github.com/HasinthakaPiyumal/AI-Pattern-Mining-Project/tree/main/notebooks/result/ms_repo_callgraph_clusters/acmeair_java/cluster_0.java,"This code defines the JAX-RS REST API layer for the AcmeAir airline booking application, providing endpoints for customer management, flight search, booking, and user authentication with cookie-based session validation. It employs a `ServiceLocator` and CDI to dynamically inject different service implementations, enabling flexible backend data service configurations.",,False
https://github.com/HasinthakaPiyumal/AI-Pattern-Mining-Project/tree/main/notebooks/result/ms_repo_callgraph_clusters/acmeair_java/cluster_51.java,"This Java code implements a singleton `ServiceLocator` that dynamically resolves and provides specific service implementations using CDI. It determines the active service type from various configuration sources like JNDI, system properties, environment variables, and VCAP_SERVICES, then uses the `BeanManager` to retrieve the corresponding `@DataService` qualified bean.",,False
https://github.com/HasinthakaPiyumal/AI-Pattern-Mining-Project/tree/main/notebooks/result/ms_repo_callgraph_clusters/acmeair_java/cluster_80.java,"This `JmeterJTLParser` class parses JMeter JTL log files, extracting detailed performance metrics such as response times, success status, and custom variables from `<httpSample>` entries using a configurable regular expression. It aggregates these statistics both overall and per URL, providing a comprehensive summary of test execution.",,False
https://github.com/HasinthakaPiyumal/AI-Pattern-Mining-Project/tree/main/notebooks/result/ms_repo_callgraph_clusters/jpetstore-6_java/cluster_11.java,"This `CatalogService` class provides a high-level API for accessing and searching the JPetStore's product catalog, including categories, products, and items. It leverages constructor-injected MyBatis mappers to delegate all data retrieval and inventory checking operations to the persistence layer.",,False
https://github.com/HasinthakaPiyumal/AI-Pattern-Mining-Project/tree/main/notebooks/result/ms_repo_callgraph_clusters/jpetstore-6_java/cluster_19.java,"This `CatalogActionBean` acts as a Stripes web controller for the JPetStore application's catalog, managing user requests to view categories, products, and items, and to search for products. It leverages a `CatalogService` to fetch data and maintains session-scoped state for the current browsing context.",,False
https://github.com/HasinthakaPiyumal/AI-Pattern-Mining-Project/tree/main/notebooks/result/ms_repo_callgraph_clusters/jpetstore-6_java/cluster_31.java,"This Java class defines the `Item` domain model for the JPetStore application, encapsulating details like `itemId`, `listPrice`, `quantity`, and a reference to its `Product`. It functions as a standard JavaBean, providing getters and setters for its properties and implementing `Serializable`.",,False
https://github.com/HasinthakaPiyumal/AI-Pattern-Mining-Project/tree/main/notebooks/result/ms_repo_callgraph_clusters/jpetstore-6_java/cluster_7.java,"This code defines an `OrderService` responsible for managing order-related business logic, including creating new orders, retrieving existing ones, and updating item inventory. It utilizes a `SequenceMapper` to generate unique order IDs from a database sequence and orchestrates interactions with multiple data mappers within transactional operations.",,False
https://github.com/HasinthakaPiyumal/AI-Pattern-Mining-Project/tree/main/notebooks/result/ms_repo_callgraph_clusters/jpetstore-6_java/cluster_9.java,"This code defines the core domain model for a JPetStore application's catalog and shopping cart, encompassing entities like `Item`, `CartItem`, `LineItem`, and the `Cart` itself. It also includes a `CatalogActionBean` (using Stripes and Spring) to manage web requests for browsing products and searching, notably employing `Optional` for null-safe total calculations and Java Streams for cart aggregations.",,False
https://github.com/HasinthakaPiyumal/AI-Pattern-Mining-Project/tree/main/notebooks/result/ms_repo_callgraph_clusters/jpetstore-6_java/cluster_25.java,"This Stripes ActionBean manages the entire customer order process in a web application, enabling users to create, confirm, and view their orders. It leverages an injected `OrderService` for business logic and interacts with session-scoped account and cart data to manage the transaction flow and display relevant JSP pages.",,False
https://github.com/HasinthakaPiyumal/AI-Pattern-Mining-Project/tree/main/notebooks/result/ms_repo_callgraph_clusters/jpetstore-6_java/cluster_21.java,"This code implements the web and service layers for a JPetStore application, enabling users to browse a product catalog, manage a shopping cart, and handle user accounts. It employs a layered architecture using MyBatis for data access, Spring for dependency injection, and the Stripes framework for web request handling and UI interactions.",,False
https://github.com/HasinthakaPiyumal/AI-Pattern-Mining-Project/tree/main/notebooks/result/ms_repo_callgraph_clusters/jpetstore-6_java/cluster_13.java,"This `CatalogActionBean` acts as a Stripes web controller for the JPetStore application's catalog, managing user requests to browse categories, view products and items, and search for products. It leverages a `CatalogService` for data retrieval and maintains session-scoped state for the current browsing context.",,False
https://github.com/HasinthakaPiyumal/AI-Pattern-Mining-Project/tree/main/notebooks/result/ms_repo_callgraph_clusters/jpetstore-6_java/cluster_26.java,"This `OrderActionBean` is a Stripes web action controller for the JPetStore application, managing the complete customer order process. It orchestrates actions like listing, initiating, confirming, and viewing orders, leveraging a backend `OrderService` and session-scoped user and cart data.",,False
https://github.com/HasinthakaPiyumal/AI-Pattern-Mining-Project/tree/main/notebooks/result/ms_repo_callgraph_clusters/jpetstore-6_java/cluster_10.java,"This code defines core domain models for the JPetStore e-commerce application, including `Account`, `Item`, `LineItem`, and `Order`, along with a `Stripes ActionBean` (`AccountActionBean`) responsible for user account management, authentication, and profile editing. It demonstrates an MVC approach with Spring integration, utilizing MyBatis for data access (as implied by the project structure and tests), and includes comprehensive JUnit tests for both domain logic and data persistence.",,False
https://github.com/HasinthakaPiyumal/AI-Pattern-Mining-Project/tree/main/notebooks/result/ms_repo_callgraph_clusters/jpetstore-6_java/cluster_33.java,"This Java code defines the `Item` domain object for the JPetStore application, serving as a serializable POJO to encapsulate detailed information about a specific product item, including its price, cost, status, quantity, and a reference to its parent `Product`. It primarily consists of fields with corresponding getters and setters, along with an overridden `toString()` method for concise representation.",,False
https://github.com/HasinthakaPiyumal/AI-Pattern-Mining-Project/tree/main/notebooks/result/ms_repo_callgraph_clusters/jpetstore-6_java/cluster_2.java,"This Java utility, `MavenWrapperDownloader`, downloads a Maven wrapper JAR file from a specified URL to a local path. It supports HTTP basic authentication via environment variables and employs a robust temporary file download-and-atomic-move strategy to ensure file integrity during the process.",,False
https://github.com/HasinthakaPiyumal/AI-Pattern-Mining-Project/tree/main/notebooks/result/ms_repo_callgraph_clusters/jpetstore-6_java/cluster_12.java,"This `OrderService` class in the JPetStore application orchestrates the core business logic for customer orders. It handles creating new orders by generating unique IDs, updating item inventory, and persisting order details and line items transactionally, while also providing methods to retrieve comprehensive order information by ID or username.",,False
https://github.com/HasinthakaPiyumal/AI-Pattern-Mining-Project/tree/main/notebooks/result/ms_repo_callgraph_clusters/jpetstore-6_java/cluster_35.java,"This Java class defines the `Item` domain object for the JPetStore application, serving as a serializable data model that encapsulates properties like ID, price, status, and quantity, along with a reference to its associated `Product` using the standard JavaBean pattern. It primarily functions to hold and manage item-specific data within the application's domain layer.",,False
https://github.com/HasinthakaPiyumal/AI-Pattern-Mining-Project/tree/main/notebooks/result/ms_repo_callgraph_clusters/jpetstore-6_java/cluster_1.java,"This code defines the core domain model for an e-commerce order system, including `Order`, `LineItem`, `Item`, and `Account` entities. It features a Stripes ActionBean (`OrderActionBean`) that manages the entire order lifecycle, from creation and confirmation to listing and viewing, integrating with a Spring-managed `OrderService` and providing comprehensive unit tests for order persistence operations.",,False
https://github.com/HasinthakaPiyumal/AI-Pattern-Mining-Project/tree/main/notebooks/result/ms_repo_callgraph_clusters/jpetstore-6_java/cluster_34.java,"This Java class defines the `Item` domain entity for the JPetStore application, acting as a serializable data model. It stores detailed attributes such as item ID, price, quantity, status, and a reference to its parent `Product`, following standard JavaBean conventions for data encapsulation.",,False
https://github.com/HasinthakaPiyumal/AI-Pattern-Mining-Project/tree/main/notebooks/result/ms_repo_callgraph_clusters/jpetstore-6_java/cluster_37.java,"This code defines core domain model classes (`Sequence`, `Product`, `Category`) for the JPetStore application, representing entities like unique ID generators, products, and product categories. These classes are standard JavaBeans, providing data encapsulation with getters and setters for their attributes, and are marked as `Serializable` for persistence or transfer.",,False
https://github.com/HasinthakaPiyumal/AI-Pattern-Mining-Project/tree/main/notebooks/result/ms_repo_callgraph_clusters/jpetstore-6_java/cluster_42.java,"This code comprises a comprehensive suite of integration and unit tests for the JPetStore application. It features Selenide-based end-to-end UI tests simulating user flows, Spring-integrated MyBatis mapper tests verifying database interactions, and Mockito-driven unit tests for the service layer's business logic.",,False
https://github.com/HasinthakaPiyumal/AI-Pattern-Mining-Project/tree/main/notebooks/result/ms_repo_callgraph_clusters/jpetstore-6_java/cluster_20.java,"This code defines two Stripes ActionBeans, `AccountActionBean` and `OrderActionBean`, which serve as web controllers for managing user accounts and processing orders in the JPetStore application. They handle user authentication, account creation/editing, order checkout flows, and display of user-specific data, utilizing Spring for service layer integration and session-scoped state management.",,False
https://github.com/HasinthakaPiyumal/AI-Pattern-Mining-Project/tree/main/notebooks/result/ms_repo_callgraph_clusters/jpetstore-6_java/cluster_29.java,"This Java class defines the `Item` domain model for the JPetStore application, acting as a serializable JavaBean. It encapsulates detailed attributes like price, status, quantity, and a reference to its associated `Product`, providing standard getters and setters for data access.",,False
https://github.com/HasinthakaPiyumal/AI-Pattern-Mining-Project/tree/main/notebooks/result/ms_repo_callgraph_clusters/jpetstore-6_java/cluster_38.java,"This `Sequence` class is a serializable domain object for the MyBatis JPetStore application, serving as a simple data model to store a `name` and its corresponding `nextId` using standard JavaBean conventions. It primarily facilitates the management and retrieval of unique identifiers for various entities within the application.",,False
https://github.com/HasinthakaPiyumal/AI-Pattern-Mining-Project/tree/main/notebooks/result/ms_repo_callgraph_clusters/jpetstore-6_java/cluster_28.java,"This `OrderActionBean` is a Stripes web action responsible for managing customer orders within the JPetStore application. It orchestrates the order lifecycle, handling actions such as listing a user's orders, initiating new orders, processing shipping and confirmation steps, and viewing specific order details, leveraging session-scoped data from `AccountActionBean` and `CartActionBean` and delegating persistence to an `OrderService`.",,False
https://github.com/HasinthakaPiyumal/AI-Pattern-Mining-Project/tree/main/notebooks/result/ms_repo_callgraph_clusters/jpetstore-6_java/cluster_15.java,"This Stripes ActionBean manages the JPetStore's product catalog, providing web actions to display categories, products, and individual items, and to search for products. It utilizes a `CatalogService` to fetch data and maintains session-scoped state for catalog navigation and search results.",,False
https://github.com/HasinthakaPiyumal/AI-Pattern-Mining-Project/tree/main/notebooks/result/ms_repo_callgraph_clusters/jpetstore-6_java/cluster_4.java,"This code defines the core account management and product catalog functionalities for a JPetStore application. It utilizes a layered architecture with MyBatis for data access, Spring for service management and transactions, and the Stripes framework for handling web requests, user authentication, and product browsing/searching.",,False
https://github.com/HasinthakaPiyumal/AI-Pattern-Mining-Project/tree/main/notebooks/result/ms_repo_callgraph_clusters/jpetstore-6_java/cluster_17.java,"This `CatalogActionBean` acts as a web controller for the JPetStore application's catalog, handling user requests to view categories, products, and individual items, and to search for products. It uses the Stripes framework to map actions to JSP views, Spring for `CatalogService` dependency injection, and maintains session-scoped state for browsing.",,False
https://github.com/HasinthakaPiyumal/AI-Pattern-Mining-Project/tree/main/notebooks/result/ms_repo_callgraph_clusters/jpetstore-6_java/cluster_14.java,"This code defines the `CatalogActionBean`, a Stripes web controller for the JPetStore application, which manages user requests to browse categories, products, and items, and to search the product catalog. It uses an injected `CatalogService` to retrieve data and forwards to specific JSP views, also including the `Product` and `Category` domain model classes.",,False
https://github.com/HasinthakaPiyumal/AI-Pattern-Mining-Project/tree/main/notebooks/result/ms_repo_callgraph_clusters/jpetstore-6_java/cluster_32.java,"This Java class defines the `Item` domain entity for the JPetStore application, serving as a serializable Plain Old Java Object (POJO). It encapsulates various item-specific attributes like price, status, and quantity, along with a reference to its associated `Product`, primarily providing standard getters and setters for data access.",,False
https://github.com/HasinthakaPiyumal/AI-Pattern-Mining-Project/tree/main/notebooks/result/ms_repo_callgraph_clusters/jpetstore-6_java/cluster_41.java,"This Java class, `Account`, functions as a serializable domain object within the MyBatis JPetStore application, modeling a user's account with comprehensive personal, contact, and preference details. It follows the POJO pattern with standard getters/setters and utilizes `Stripes` framework validation annotations to enforce data integrity on specific fields during account creation or editing.",,False
https://github.com/HasinthakaPiyumal/AI-Pattern-Mining-Project/tree/main/notebooks/result/ms_repo_callgraph_clusters/jpetstore-6_java/cluster_3.java,"This code defines the core data access, business logic, and web presentation layers for an e-commerce application, specifically handling catalog browsing, shopping cart management, user accounts, and order processing. It leverages MyBatis for database interactions, Spring for service orchestration and dependency injection, and the Stripes framework for handling web requests and view rendering.",,False
https://github.com/HasinthakaPiyumal/AI-Pattern-Mining-Project/tree/main/notebooks/result/ms_repo_callgraph_clusters/jpetstore-6_java/cluster_8.java,"This Spring `@Service` class, `AccountService`, manages user account data for the JPetStore application. It provides transactional methods to retrieve, insert, and update `Account` details, delegating persistence operations to an `AccountMapper` for account, profile, and sign-on information.",,False
https://github.com/HasinthakaPiyumal/AI-Pattern-Mining-Project/tree/main/notebooks/result/ms_repo_callgraph_clusters/jpetstore-6_java/cluster_30.java,"This `Item` class serves as a data model within the JPetStore application, representing a specific product item with attributes such as ID, list price, unit cost, status, quantity, and a reference to its parent `Product`. It's a standard POJO implementing `Serializable` with typical getters and setters for data encapsulation.",,False
https://github.com/HasinthakaPiyumal/AI-Pattern-Mining-Project/tree/main/notebooks/result/ms_repo_callgraph_clusters/jpetstore-6_java/cluster_27.java,"This `OrderActionBean` serves as a Stripes framework controller for the JPetStore application, managing the entire order lifecycle from initiating a new order and handling shipping/confirmation steps to listing and viewing existing orders. It utilizes a Spring-injected `OrderService` to interact with the backend and maintains order-related state within the user's session.",,False
https://github.com/HasinthakaPiyumal/AI-Pattern-Mining-Project/tree/main/notebooks/result/ms_repo_callgraph_clusters/jpetstore-6_java/cluster_0.java,"This Java code, `MavenWrapperDownloader`, downloads a Maven wrapper JAR from a specified URL to a local path, ensuring the target path is within the base directory. It supports HTTP basic authentication via environment variables and uses a temporary file with an atomic move operation for robust and safe file replacement.",,False
https://github.com/HasinthakaPiyumal/AI-Pattern-Mining-Project/tree/main/notebooks/result/ms_repo_callgraph_clusters/sample.daytrader7_java/cluster_11.java,"This Java class serves as a CDI producer for the JSF `ExternalContext`, making it easily injectable into other beans within the `daytrader` sample application. It provides a request-scoped instance of `ExternalContext` by retrieving it from the current `FacesContext`, simplifying access to request, session, and application scopes in a JSF environment.",,False
https://github.com/HasinthakaPiyumal/AI-Pattern-Mining-Project/tree/main/notebooks/result/ms_repo_callgraph_clusters/sample.daytrader7_java/cluster_73.java,"This JSF managed bean, `TradeConfigJSF`, provides a web interface for managing the DayTrader sample application's configuration. It allows users to view and update various runtime parameters, reset the application state, and perform database operations like building tables (selecting DDL based on DB type) or populating initial data.",,False
https://github.com/HasinthakaPiyumal/AI-Pattern-Mining-Project/tree/main/notebooks/result/ms_repo_callgraph_clusters/sample.daytrader7_java/cluster_19.java,"This code defines the data models (JPA entities and JSF beans) and web components for a stock trading application. It features servlets for simulating user trading scenarios and handling standard web UI requests, utilizing JSF managed beans to display market summaries, stock quotes, and process trade actions like buying and selling.",,False
https://github.com/HasinthakaPiyumal/AI-Pattern-Mining-Project/tree/main/notebooks/result/ms_repo_callgraph_clusters/sample.daytrader7_java/cluster_81.java,"This JSF managed bean (`@Named(""tradeconfig"")`) provides a web interface for the IBM DayTrader sample application, allowing administrators to view and update various runtime configuration parameters. It also offers administrative functions to reset trade data, populate the database with sample data, and dynamically build database tables based on the detected database type.",,False
https://github.com/HasinthakaPiyumal/AI-Pattern-Mining-Project/tree/main/notebooks/result/ms_repo_callgraph_clusters/sample.daytrader7_java/cluster_7.java,"This code defines the foundational data beans and static configuration for the DayTrader sample application, alongside a comprehensive web-tier. The web components include a servlet for runtime configuration, an application lifecycle listener, multiple WebSocket endpoints for real-time market data and basic communication, and a suite of JSF managed beans for displaying and interacting with trading accounts, portfolios, and market information.",,False
https://github.com/HasinthakaPiyumal/AI-Pattern-Mining-Project/tree/main/notebooks/result/ms_repo_callgraph_clusters/sample.daytrader7_java/cluster_57.java,"This Java code defines a session-scoped CDI/JSF managed bean, `PingCDIJSFBean`, for the DayTrader sample application. Its primary function is to track and increment a `hitCount` each time its `getHitCount()` method is accessed, demonstrating basic session state management within a web application.",,False
https://github.com/HasinthakaPiyumal/AI-Pattern-Mining-Project/tree/main/notebooks/result/ms_repo_callgraph_clusters/sample.daytrader7_java/cluster_68.java,"This JSF managed bean (`TradeConfigJSF`) serves as a configuration controller for the DayTrader sample application, enabling users to dynamically update various runtime parameters like trading modes, user limits, and tracing. It also provides administrative functions to reset the trading simulation and manage the underlying database by building tables or populating it with sample data.",,False
https://github.com/HasinthakaPiyumal/AI-Pattern-Mining-Project/tree/main/notebooks/result/ms_repo_callgraph_clusters/sample.daytrader7_java/cluster_86.java,"This JSF managed bean (`@Named(""tradeconfig"")`) provides an administrative interface for the DayTrader sample application, allowing users to view and dynamically update various runtime configuration parameters such as operation modes, user/quote limits, and tracing. It also includes functionality to reset the trading environment, populate the database with sample data, and build database tables based on the detected RDBMS.",,False
https://github.com/HasinthakaPiyumal/AI-Pattern-Mining-Project/tree/main/notebooks/result/ms_repo_callgraph_clusters/sample.daytrader7_java/cluster_44.java,"This `TradeConfig` class serves as a central, static configuration store for the DayTrader sample application, defining runtime parameters like operational modes, database settings, and web interface paths. It also provides utility methods for generating random trade-related data and dynamically updating these configuration values, often from servlet initialization parameters.",,False
https://github.com/HasinthakaPiyumal/AI-Pattern-Mining-Project/tree/main/notebooks/result/ms_repo_callgraph_clusters/sample.daytrader7_java/cluster_21.java,"This file contains the core business logic for a trading application, handling user authentication, stock transactions, and market data, implemented with a flexible architecture supporting direct JDBC/JMS or EJB3. It also includes numerous ""primitive"" servlets and WebSocket endpoints designed to benchmark and showcase various Java EE features, such as asynchronous I/O, database access, CDI, and real-time data streaming.",,False
https://github.com/HasinthakaPiyumal/AI-Pattern-Mining-Project/tree/main/notebooks/result/ms_repo_callgraph_clusters/sample.daytrader7_java/cluster_13.java,"The `TradeAction` class serves as the client-side facade for a stock trading sample application, delegating core business logic to EJB3 components. This Java EE application leverages Stateless and Singleton EJBs for transaction management and business operations, JPA for data persistence, JMS for asynchronous order processing, and WebSockets for real-time market data streaming, all configurable for EJB or direct JDBC access.",,False
https://github.com/HasinthakaPiyumal/AI-Pattern-Mining-Project/tree/main/notebooks/result/ms_repo_callgraph_clusters/sample.daytrader7_java/cluster_26.java,"This Java class, `TradeAppJSF`, is a JSF session-scoped managed bean for the DayTrader sample application, responsible for handling user authentication and profile management. It orchestrates user login, registration, profile updates, and logout by interacting with a `TradeAction` business logic component and managing user session attributes.",,False
https://github.com/HasinthakaPiyumal/AI-Pattern-Mining-Project/tree/main/notebooks/result/ms_repo_callgraph_clusters/sample.daytrader7_java/cluster_91.java,"This code defines two JSF managed beans, `PortfolioJSF` and `QuoteJSF`, for the DayTrader sample application. `PortfolioJSF` manages a user's stock holdings, calculating their value and enabling sell operations, while `QuoteJSF` retrieves and displays stock quotes, facilitating buy orders, both leveraging CDI and `HtmlDataTable` for UI interaction.",,False
https://github.com/HasinthakaPiyumal/AI-Pattern-Mining-Project/tree/main/notebooks/result/ms_repo_callgraph_clusters/sample.daytrader7_java/cluster_87.java,"This Java class, `HoldingData`, functions as a JSF/CDI managed bean (`@Named`, `@SessionScoped`) within the DayTrader sample application. It models the detailed data for a user's stock holding, including purchase information, current market value, and calculated gain, also providing a utility method to format the gain for HTML display.",,False
https://github.com/HasinthakaPiyumal/AI-Pattern-Mining-Project/tree/main/notebooks/result/ms_repo_callgraph_clusters/sample.daytrader7_java/cluster_88.java,"This Java class, `HoldingData`, functions as a JSF/CDI `@SessionScoped` managed bean, modeling a user's financial holding with attributes like quantity, purchase price, market value, and gain. It provides standard JavaBean accessors for these properties and includes a utility method to format the gain specifically for HTML display.",,False
https://github.com/HasinthakaPiyumal/AI-Pattern-Mining-Project/tree/main/notebooks/result/ms_repo_callgraph_clusters/sample.daytrader7_java/cluster_10.java,"This JSF managed bean (`PortfolioJSF`) dynamically fetches and processes a user's stock holdings and current quotes to display their complete portfolio, including calculated financial metrics like total gain, value, and basis. It also provides the functionality to execute a sell order for a selected holding within the DayTrader application.",,False
https://github.com/HasinthakaPiyumal/AI-Pattern-Mining-Project/tree/main/notebooks/result/ms_repo_callgraph_clusters/sample.daytrader7_java/cluster_2.java,"This JSF managed bean, `PortfolioJSF`, serves as the controller for displaying a user's stock portfolio in the DayTrader application, fetching holdings, calculating real-time market values, gains, and overall portfolio statistics. It also enables users to initiate sell orders for specific holdings directly from their portfolio view.",,False
https://github.com/HasinthakaPiyumal/AI-Pattern-Mining-Project/tree/main/notebooks/result/ms_repo_callgraph_clusters/sample.daytrader7_java/cluster_79.java,"This JSF managed bean (`@Named(""tradeconfig"")`) provides an administrative interface for the DayTrader sample application, allowing users to view and update various runtime configurations like processing modes, user/quote limits, and tracing settings. It also offers administrative functions to reset the application, populate the database with sample data, and build database tables based on the detected database product.",,False
https://github.com/HasinthakaPiyumal/AI-Pattern-Mining-Project/tree/main/notebooks/result/ms_repo_callgraph_clusters/sample.daytrader7_java/cluster_47.java,"This Java utility class, `Log`, provides a static facade over `java.util.logging.Logger` for the DayTrader application, offering simplified methods for logging informational messages, errors (including stack traces), and fine-grained traces. It centralizes logging operations and delegates trace configuration management to an external `TradeConfig` class.",,False
https://github.com/HasinthakaPiyumal/AI-Pattern-Mining-Project/tree/main/notebooks/result/ms_repo_callgraph_clusters/sample.daytrader7_java/cluster_70.java,"This JSF managed bean, `TradeConfigJSF`, serves as the administrative interface for the DayTrader sample application, enabling users to view and dynamically update various runtime configuration parameters like operation modes, user limits, and tracing. Additionally, it provides utility methods for administrative tasks such as resetting trade data, populating the database with sample data, and building database tables tailored to the detected database product.",,False
https://github.com/HasinthakaPiyumal/AI-Pattern-Mining-Project/tree/main/notebooks/result/ms_repo_callgraph_clusters/sample.daytrader7_java/cluster_46.java,"This `Log` utility class provides a centralized, static facade over `java.util.logging.Logger` for the DayTrader application, offering simplified methods for informational logging, detailed tracing, and error reporting with stack traces. It features extensive method overloading for various log types and delegates trace configuration to an external `TradeConfig` class.",,False
https://github.com/HasinthakaPiyumal/AI-Pattern-Mining-Project/tree/main/notebooks/result/ms_repo_callgraph_clusters/sample.daytrader7_java/cluster_82.java,"This JSF managed bean (`@Named(""tradeconfig"")`) provides an interface for viewing and updating various runtime configuration parameters of the DayTrader sample application, such as runtime mode, order processing, and user/quote counts. It also includes administrative functions to reset the application and build or populate its database, leveraging a `TradeConfig` utility for persistence.",,False
https://github.com/HasinthakaPiyumal/AI-Pattern-Mining-Project/tree/main/notebooks/result/ms_repo_callgraph_clusters/sample.daytrader7_java/cluster_6.java,"This JSF managed bean (`@Named(""portfolio"")`) manages and displays a user's stock portfolio, retrieving their holdings, calculating market values, total gains, and providing functionality to sell individual holdings. It uses CDI for dependency injection and interacts with a `TradeAction` service for business logic.",,False
https://github.com/HasinthakaPiyumal/AI-Pattern-Mining-Project/tree/main/notebooks/result/ms_repo_callgraph_clusters/sample.daytrader7_java/cluster_90.java,"This code defines two JSF managed beans, `PortfolioJSF` and `QuoteJSF`, which power the DayTrader sample application's web interface. `PortfolioJSF` manages a user's stock portfolio, displaying holdings, calculating gains, and processing sell orders, while `QuoteJSF` retrieves and presents stock quotes, enabling buy orders, both interacting with a `TradeAction` service.",,False
https://github.com/HasinthakaPiyumal/AI-Pattern-Mining-Project/tree/main/notebooks/result/ms_repo_callgraph_clusters/sample.daytrader7_java/cluster_1.java,"This JSF managed bean (`@Named(""portfolio"")`) retrieves and displays a user's stock portfolio, calculating real-time market values, total gains, and percentages based on current quotes and purchase prices. It also provides functionality to sell a selected holding, interacting with a `TradeAction` service for business logic and using `BigDecimal` for precise financial calculations.",,False
https://github.com/HasinthakaPiyumal/AI-Pattern-Mining-Project/tree/main/notebooks/result/ms_repo_callgraph_clusters/sample.daytrader7_java/cluster_72.java,"This JSF managed bean (`@Named(""tradeconfig"")`) provides an administrative interface for the DayTrader sample application, allowing users to view and update various runtime configuration parameters. It also offers functionality to reset the application, populate the database with sample data, and build database tables dynamically based on the detected database product.",,False
https://github.com/HasinthakaPiyumal/AI-Pattern-Mining-Project/tree/main/notebooks/result/ms_repo_callgraph_clusters/sample.daytrader7_java/cluster_85.java,"This JSF managed bean, `TradeConfigJSF`, serves as a web interface for dynamically configuring the DayTrader application's runtime parameters, including operational modes, user/quote limits, and tracing. It also provides administrative functions to reset trade data, populate the database with sample users and quotes, and build database tables based on the detected database type.",,False
https://github.com/HasinthakaPiyumal/AI-Pattern-Mining-Project/tree/main/notebooks/result/ms_repo_callgraph_clusters/sample.daytrader7_java/cluster_59.java,This `ActionDecoder` class implements `javax.websocket.Decoder.Text` to specifically decode incoming WebSocket JSON text messages into `ActionMessage` objects for the DayTrader sample application. It delegates the actual JSON parsing logic to the `ActionMessage` class's `doDecoding` method.,,False
https://github.com/HasinthakaPiyumal/AI-Pattern-Mining-Project/tree/main/notebooks/result/ms_repo_callgraph_clusters/sample.daytrader7_java/cluster_84.java,"This JSF managed bean (`TradeConfigJSF`) provides an administrative interface for the DayTrader sample application, allowing users to view and update various runtime configuration parameters, reset the trading simulation, and manage the underlying database schema and data population. It acts as a controller for application-wide settings, leveraging a static `TradeConfig` class and backend services for these operations.",,False
https://github.com/HasinthakaPiyumal/AI-Pattern-Mining-Project/tree/main/notebooks/result/ms_repo_callgraph_clusters/sample.daytrader7_java/cluster_95.java,"This `PortfolioJSF` managed bean, part of the DayTrader sample application, dynamically retrieves and displays a user's stock portfolio, calculating real-time financial metrics like total gain and market value. It also facilitates selling specific holdings by interacting with CDI-injected `TradeAction` and `ExternalContext` services.",,False
https://github.com/HasinthakaPiyumal/AI-Pattern-Mining-Project/tree/main/notebooks/result/ms_repo_callgraph_clusters/sample.daytrader7_java/cluster_60.java,"This JSF managed bean (`AccountDataJSF`) retrieves and processes a user's financial account details, stock holdings, and both open and closed orders from a `TradeAction` service. It populates properties for web display, including calculated metrics like total holdings, gain, and gain percentage, leveraging CDI for dependency injection and session management.",,False
https://github.com/HasinthakaPiyumal/AI-Pattern-Mining-Project/tree/main/notebooks/result/ms_repo_callgraph_clusters/sample.daytrader7_java/cluster_61.java,"These two JavaServer Faces (JSF) managed beans, `OrderDataJSF` and `AccountDataJSF`, are responsible for retrieving and presenting user-specific trading data within the IBM DayTrader sample application. They leverage CDI to inject business logic (`TradeAction`) and session context, transforming backend entities into UI-friendly objects to display comprehensive account summaries, financial metrics, and order histories.",,False
https://github.com/HasinthakaPiyumal/AI-Pattern-Mining-Project/tree/main/notebooks/result/ms_repo_callgraph_clusters/sample.daytrader7_java/cluster_45.java,"This code defines two custom Java annotations for the DayTrader sample application: `@WebSocketJMSMessage` serves as a CDI qualifier to distinguish WebSocket and JMS related dependencies, while `@PingInterceptorBinding` is a CDI interceptor binding used to apply cross-cutting concerns to specific types or constructors, likely for ""ping"" operations. Both leverage standard Java EE annotation patterns for dependency injection and aspect-oriented programming.",,False
https://github.com/HasinthakaPiyumal/AI-Pattern-Mining-Project/tree/main/notebooks/result/ms_repo_callgraph_clusters/sample.daytrader7_java/cluster_83.java,"This JSF managed bean (`@Named(""tradeconfig"")`) provides a web-based administrative interface for the DayTrader sample application, enabling users to view and update various runtime configuration parameters. It also includes functionality to reset the application state, populate the database with sample data, and dynamically build database tables based on the detected database product.",,False
https://github.com/HasinthakaPiyumal/AI-Pattern-Mining-Project/tree/main/notebooks/result/ms_repo_callgraph_clusters/sample.daytrader7_java/cluster_64.java,"This code defines JavaServer Faces (JSF) managed beans and data models (`QuoteData`, `HoldingData`, `AccountDataJSF`) for the IBM DayTrader sample application. Its main functionality is to retrieve, process, and present financial trading data—such as stock quotes, user holdings, and account details with associated orders—for display in a web user interface, leveraging `BigDecimal` for precise financial calculations and often generating HTML-formatted output.",,False
https://github.com/HasinthakaPiyumal/AI-Pattern-Mining-Project/tree/main/notebooks/result/ms_repo_callgraph_clusters/sample.daytrader7_java/cluster_49.java,"This `FinancialUtils` class provides static utility methods for performing precise financial calculations, such as computing gain, gain percentage, and total holdings, using `BigDecimal`. It also includes functions to format these financial results into HTML strings, incorporating color-coding (red/green) and directional arrows for visual representation within a web application.",,False
https://github.com/HasinthakaPiyumal/AI-Pattern-Mining-Project/tree/main/notebooks/result/ms_repo_callgraph_clusters/sample.daytrader7_java/cluster_89.java,"This `OrderData` class functions as a data transfer object (DTO) within the IBM WebSphere DayTrader sample application, specifically designed to encapsulate comprehensive details of a trading order. It provides fields, constructors, and standard getters/setters for attributes like order ID, status, dates, type, quantity, and symbol, utilizing `BigDecimal` for financial values such as price, fee, and total.",,False
https://github.com/HasinthakaPiyumal/AI-Pattern-Mining-Project/tree/main/notebooks/result/ms_repo_callgraph_clusters/sample.daytrader7_java/cluster_29.java,"This JSF managed bean (`AccountDataJSF`) acts as a view model for the DayTrader sample application, responsible for fetching and preparing a user's financial account details, holdings, and order history for display on a web page. It uses CDI to inject `TradeAction` and `ExternalContext` to retrieve user-specific data and calculate financial metrics like gain and total holdings.",,False
https://github.com/HasinthakaPiyumal/AI-Pattern-Mining-Project/tree/main/notebooks/result/ms_repo_callgraph_clusters/sample.daytrader7_java/cluster_48.java,"This `Log` utility class provides a simplified, static facade over `java.util.logging` for the `daytrader` application, offering methods for informational logging, fine-grained tracing (including method entry/exit), and robust error reporting with stack traces. It centralizes logging operations and integrates with `TradeConfig` to manage trace configuration settings.",,False
https://github.com/HasinthakaPiyumal/AI-Pattern-Mining-Project/tree/main/notebooks/result/ms_repo_callgraph_clusters/sample.daytrader7_java/cluster_74.java,"This JSF managed bean (`@Named(""tradeconfig"")`) serves as an administrative interface for the DayTrader sample application, allowing users to view and dynamically update various runtime configuration parameters such as operating modes, user/quote limits, and tracing. It also provides methods for administrative tasks like resetting trade data, building database tables, and populating the database with sample data.",,False
https://github.com/HasinthakaPiyumal/AI-Pattern-Mining-Project/tree/main/notebooks/result/ms_repo_callgraph_clusters/sample.daytrader7_java/cluster_55.java,"This JSF managed bean (`AccountDataJSF`) retrieves and processes a user's financial account data, including holdings and order history, from a `TradeAction` service. It calculates financial metrics like gain and gain percentage, making this information available for display on a web page through its `@RequestScoped` lifecycle.",,False
https://github.com/HasinthakaPiyumal/AI-Pattern-Mining-Project/tree/main/notebooks/result/ms_repo_callgraph_clusters/sample.daytrader7_java/cluster_96.java,"This JSF managed bean (`@Named(""portfolio"")`) provides the backing logic for displaying a user's stock portfolio in the DayTrader application. It retrieves user holdings, calculates financial metrics such as total value, gain, and basis for each holding, and offers functionality to execute a sell order for a selected stock.",,False
https://github.com/HasinthakaPiyumal/AI-Pattern-Mining-Project/tree/main/notebooks/result/ms_repo_callgraph_clusters/sample.daytrader7_java/cluster_63.java,"This `QuoteData` Java class models a stock quote, encapsulating financial attributes like price, open, high, and low using `BigDecimal` for precision. It provides constructors to initialize this data and includes specialized methods to format financial values into HTML strings, complete with color coding and directional indicators, for direct rendering in a web user interface.",,False
https://github.com/HasinthakaPiyumal/AI-Pattern-Mining-Project/tree/main/notebooks/result/ms_repo_callgraph_clusters/sample.daytrader7_java/cluster_67.java,"This JSF managed bean, `TradeConfigJSF`, provides a web interface for managing the IBM DayTrader sample application's runtime configuration, allowing users to view and update parameters like runtime mode, user/quote limits, and tracing. It also includes administrative functions to reset trade data, populate the database with sample data, and dynamically build database tables based on the detected database type.",,False
https://github.com/HasinthakaPiyumal/AI-Pattern-Mining-Project/tree/main/notebooks/result/ms_repo_callgraph_clusters/sample.daytrader7_java/cluster_4.java,"This JSF managed bean, `PortfolioJSF`, serves as the controller for displaying a user's stock portfolio in the DayTrader application. It retrieves user holdings, calculates their current market value, total gains/losses, and provides the functionality to sell individual stock holdings via a UI data table.",,False
https://github.com/HasinthakaPiyumal/AI-Pattern-Mining-Project/tree/main/notebooks/result/ms_repo_callgraph_clusters/sample.daytrader7_java/cluster_77.java,"This JSF managed bean provides an administrative interface for the DayTrader sample application, enabling users to view and update various runtime configuration parameters like operation modes, user/quote limits, and tracing. It also offers functionality to reset the trading simulation and manage the application's database, including table creation and data population.",,False
https://github.com/HasinthakaPiyumal/AI-Pattern-Mining-Project/tree/main/notebooks/result/ms_repo_callgraph_clusters/sample.daytrader7_java/cluster_17.java,"This Java EJB (`TradeSLSBBean`) provides the core business logic for an online stock trading application, managing user accounts, stock quotes, holdings, and orders. It utilizes JPA for persistence and JMS for asynchronous order processing and real-time market data streaming, supporting both synchronous and asynchronous transaction completion via JMS or managed threads.",,False
https://github.com/HasinthakaPiyumal/AI-Pattern-Mining-Project/tree/main/notebooks/result/ms_repo_callgraph_clusters/sample.daytrader7_java/cluster_66.java,"This JSF managed bean (`@Named(""tradeconfig"")`) provides an administrative interface for the DayTrader sample application, allowing users to view and dynamically update various runtime configuration parameters. It also offers functionality to reset trade data, populate the database with sample users and quotes, and build database tables by selecting the appropriate DDL script based on the detected database product.",,False
https://github.com/HasinthakaPiyumal/AI-Pattern-Mining-Project/tree/main/notebooks/result/ms_repo_callgraph_clusters/sample.daytrader7_java/cluster_94.java,"This code consists of two JSF managed beans, `PortfolioJSF` and `AccountDataJSF`, designed for the DayTrader sample application. `PortfolioJSF` retrieves and displays a user's stock holdings, calculates portfolio value and gains, and facilitates selling actions, while `AccountDataJSF` fetches and presents comprehensive user account details, including balances, login history, and order history, both interacting with a `TradeAction` business component for data.",,False
https://github.com/HasinthakaPiyumal/AI-Pattern-Mining-Project/tree/main/notebooks/result/ms_repo_callgraph_clusters/sample.daytrader7_java/cluster_92.java,"This code consists of two JSF managed beans, `PortfolioJSF` and `AccountDataJSF`, which provide the web-tier logic for the DayTrader application. `PortfolioJSF` manages the display and selling of a user's stock holdings, including real-time market value and gain calculations, while `AccountDataJSF` presents comprehensive account details, login history, and a list of all past and current orders.",,False
https://github.com/HasinthakaPiyumal/AI-Pattern-Mining-Project/tree/main/notebooks/result/ms_repo_callgraph_clusters/sample.daytrader7_java/cluster_8.java,"This code forms the core of the IBM DayTrader sample application, a Java EE benchmark simulating a stock trading platform. It provides servlets for user interaction, scenario-based workload generation, and administrative configuration, alongside a suite of ""primitive"" servlets designed to test specific Java EE features like asynchronous I/O, database access, EJB interactions, and session management.",,False
https://github.com/HasinthakaPiyumal/AI-Pattern-Mining-Project/tree/main/notebooks/result/ms_repo_callgraph_clusters/sample.daytrader7_java/cluster_76.java,"This JSF managed bean (`@Named(""tradeconfig"")`) serves as the administrative interface for the DayTrader sample application, enabling users to view and dynamically update various application-wide configuration parameters managed by the `TradeConfig` utility. It also provides functionality to reset the trading environment and manage database operations, such as building tables and populating sample data.",,False
https://github.com/HasinthakaPiyumal/AI-Pattern-Mining-Project/tree/main/notebooks/result/ms_repo_callgraph_clusters/sample.daytrader7_java/cluster_69.java,"This JSF managed bean (`@Named(""tradeconfig"")`) serves as a web-based control panel for the DayTrader application, enabling users to dynamically configure various runtime settings, reset trade data, and manage database operations like table creation and population. It exposes application configuration parameters and administrative functions through a request-scoped interface.",,False
https://github.com/HasinthakaPiyumal/AI-Pattern-Mining-Project/tree/main/notebooks/result/ms_repo_callgraph_clusters/sample.daytrader7_java/cluster_75.java,"This JSF managed bean (`TradeConfigJSF`) provides a web interface for viewing and updating the DayTrader sample application's runtime configuration parameters. It also offers administrative functions to reset the application, populate the database with sample data, and build database tables by dynamically selecting the appropriate DDL script based on the detected database type.",,False
https://github.com/HasinthakaPiyumal/AI-Pattern-Mining-Project/tree/main/notebooks/result/ms_repo_callgraph_clusters/sample.daytrader7_java/cluster_5.java,"This JSF managed bean (`@Named(""portfolio"")`) retrieves and displays a user's stock portfolio, calculating real-time market values, purchase basis, and total gains/losses for all holdings. It also provides functionality to initiate a sell order for a selected holding, interacting with a `TradeAction` service.",,False
https://github.com/HasinthakaPiyumal/AI-Pattern-Mining-Project/tree/main/notebooks/result/ms_repo_callgraph_clusters/sample.daytrader7_java/cluster_71.java,"This JSF managed bean (`TradeConfigJSF`) provides an administrative interface for the DayTrader sample application, allowing users to view and dynamically update various runtime configurations like order processing mode, user/quote limits, and tracing. It also offers utility functions for administrative tasks such as resetting trade data, populating the database with sample data, and building database tables based on the detected database type.",,False
https://github.com/HasinthakaPiyumal/AI-Pattern-Mining-Project/tree/main/notebooks/result/ms_repo_callgraph_clusters/sample.daytrader7_java/cluster_51.java,"This `FinancialUtils` class provides utility methods for precise financial calculations, primarily using `BigDecimal` to compute gains, percentages, and total holdings for a trading application. It also includes functions to format these financial figures into HTML strings, incorporating color-coding and directional arrow images for visual representation of positive or negative values.",,False
https://github.com/HasinthakaPiyumal/AI-Pattern-Mining-Project/tree/main/notebooks/result/ms_repo_callgraph_clusters/sample.daytrader7_java/cluster_97.java,"This JSF managed bean (`@Named(""portfolio"")`) serves as a controller for displaying and managing a user's stock portfolio within the DayTrader application. It retrieves user holdings, calculates their current market value, gains, and provides an action to sell a selected stock, leveraging CDI for dependency injection and JSF for UI integration.",,False
https://github.com/HasinthakaPiyumal/AI-Pattern-Mining-Project/tree/main/notebooks/result/ms_repo_callgraph_clusters/sample.daytrader7_java/cluster_80.java,"This JSF managed bean (`@Named(""tradeconfig"")`) provides a web interface for the DayTrader sample application, enabling users to view and dynamically update various application-wide configuration parameters like runtime mode, user limits, and tracing. It also offers administrative functions to reset trade data, build database tables, and populate the database with sample data, leveraging a static `TradeConfig` utility for state management.",,False
https://github.com/HasinthakaPiyumal/AI-Pattern-Mining-Project/tree/main/notebooks/result/ms_repo_callgraph_clusters/Retail-Banking-System_java/cluster_11.java,"This code defines core services for a retail banking system, encompassing account and customer management, business rule evaluation, and robust role-based access control. It utilizes a microservices architecture with Spring Boot, employing Feign clients for inter-service communication and comprehensive JUnit tests for validation.",,False
https://github.com/HasinthakaPiyumal/AI-Pattern-Mining-Project/tree/main/notebooks/result/ms_repo_callgraph_clusters/Retail-Banking-System_java/cluster_9.java,"This code defines multiple Spring `@RestControllerAdvice` classes that provide centralized exception handling for various microservices. Each class uses `@ExceptionHandler` annotations to catch specific exceptions (e.g., `MinimumBalanceException`, `UsernameNotFoundException`, `MalformedJwtException`) and return custom, structured error responses with relevant HTTP status codes.",,False
https://github.com/HasinthakaPiyumal/AI-Pattern-Mining-Project/tree/main/notebooks/result/ms_repo_callgraph_clusters/Retail-Banking-System_java/cluster_6.java,"This Spring Security configuration file establishes an authentication service using JWT-based authentication, BCrypt password encoding, and stateless sessions. It defines specific access rules, ignoring certain paths and requiring authentication with role-based authorization for others, by integrating a custom `JwtRequestFilter`.",,False
https://github.com/HasinthakaPiyumal/AI-Pattern-Mining-Project/tree/main/notebooks/result/ms_repo_callgraph_clusters/Retail-Banking-System_java/cluster_1.java,"This code defines a suite of Spring Boot microservices for a retail banking application, encompassing functionalities like account management, authentication, business rules, customer service, and transaction processing. These services are designed with a distributed architecture, leveraging Spring Cloud Feign for inter-service communication and Swagger for API documentation.",,False
https://github.com/HasinthakaPiyumal/AI-Pattern-Mining-Project/tree/main/notebooks/result/ms_repo_callgraph_clusters/Retail-Banking-System_java/cluster_23.java,"This code consists of multiple JUnit test files that validate the basic getter, setter, and constructor functionality of various error response model classes (e.g., `AccountErrorResponse`, `ErrorMessage`) across different microservices. It systematically uses `assertEquals` to verify proper data encapsulation for fields like timestamp, status, reason, and message, often testing null and specific string values.",,False
https://github.com/HasinthakaPiyumal/AI-Pattern-Mining-Project/tree/main/notebooks/result/ms_repo_callgraph_clusters/Retail-Banking-System_java/cluster_16.java,"This code defines the core data models and Data Transfer Objects (DTOs) for a retail banking microservice system, encompassing entities like `Account`, `Statement`, `CustomerEntity`, and `AppUser`, along with various input structures for transactions and accounts. It extensively uses JPA annotations for database persistence, Lombok for boilerplate code reduction, and JSR 303/380 validation to ensure data integrity across services like Account, Authentication, Rules, Customer, and Transaction.",,False
https://github.com/HasinthakaPiyumal/AI-Pattern-Mining-Project/tree/main/notebooks/result/ms_repo_callgraph_clusters/Retail-Banking-System_java/cluster_4.java,"This collection of code files represents core components of a microservice-based retail banking system, including Spring Boot applications for Account, Rules, Transaction, Authentication, and Customer services. It leverages Feign clients for inter-service communication, Swagger for API documentation, and implements custom exception handling with corresponding JUnit tests.",,False
https://github.com/HasinthakaPiyumal/AI-Pattern-Mining-Project/tree/main/notebooks/result/ms_repo_callgraph_clusters/Retail-Banking-System_java/cluster_17.java,"This code defines a comprehensive Spring Boot microservices application for a Retail Banking System, encompassing distinct services for account management, customer operations, transaction processing, authentication, and business rule enforcement. It leverages Feign clients for inter-service communication, JPA for data persistence, and includes extensive unit and integration testing across all modules.",,False
https://github.com/HasinthakaPiyumal/AI-Pattern-Mining-Project/tree/main/notebooks/result/ms_repo_callgraph_clusters/Retail-Banking-System_java/cluster_14.java,"This code defines a Spring `@RestControllerAdvice` for global exception handling, specifically catching `MinimumBalanceException` within a transaction service and returning a structured `TransactionErrorResponse` with an HTTP 406 (Not Acceptable) status. It also includes unit tests for the `TransactionErrorResponse` model, verifying its setter and getter methods.",,False
https://github.com/HasinthakaPiyumal/AI-Pattern-Mining-Project/tree/main/notebooks/result/ms_repo_callgraph_clusters/Retail-Banking-System_java/cluster_18.java,"This Spring Boot service manages core banking account operations, including creating, retrieving, updating balances, and deleting accounts, along with generating account statements. It leverages Feign clients to interact with separate authentication and transaction microservices for user validation and fetching transaction history.",,False
https://github.com/HasinthakaPiyumal/AI-Pattern-Mining-Project/tree/main/notebooks/result/ms_repo_callgraph_clusters/Retail-Banking-System_java/cluster_0.java,"This code defines the Spring Boot-based Account microservice for a retail banking system, providing RESTful APIs to manage customer accounts, including creation, retrieval, balance operations (deposit, withdraw, transfer, service charges), and statement generation. It leverages Feign clients for secure inter-service communication with Authentication, Transaction, Customer, and Rules microservices, and integrates Swagger for API documentation.",,False
https://github.com/HasinthakaPiyumal/AI-Pattern-Mining-Project/tree/main/notebooks/result/ms_repo_callgraph_clusters/sample.plantsbywebsphere_java/cluster_11.java,"This Java class, `EMailMessage`, functions as a data transfer object (DTO) within the IBM WebSphere PlantsByWebSphere sample application. It encapsulates the subject, HTML content, and recipient email address, specifically designed to be passed to a Mailer EJB's `sendMail()` method for sending emails.",,False
https://github.com/HasinthakaPiyumal/AI-Pattern-Mining-Project/tree/main/notebooks/result/ms_repo_callgraph_clusters/sample.plantsbywebsphere_java/cluster_56.java,"This Java class, `LoginInfo`, serves as a JSF backing bean for a web application's login page, encapsulating user credentials like email and password along with a message. It employs Java Bean Validation annotations (`@Pattern`, `@Size`) to enforce specific format and length constraints on the email and password fields.",,False
https://github.com/HasinthakaPiyumal/AI-Pattern-Mining-Project/tree/main/notebooks/result/ms_repo_callgraph_clusters/sample.plantsbywebsphere_java/cluster_19.java,"This code defines the JPA entity model for an e-commerce application, encompassing products (Inventory), customer orders (Order, OrderItem), customer accounts, suppliers, and back-orders. It also includes corresponding web application data transfer objects (DTOs) and backing beans, heavily utilizing JPA annotations for persistence mapping and Bean Validation for data integrity.",,False
https://github.com/HasinthakaPiyumal/AI-Pattern-Mining-Project/tree/main/notebooks/result/ms_repo_callgraph_clusters/sample.plantsbywebsphere_java/cluster_31.java,"This Java class serves as a JPA entity bean, mapping the `Supplier` object to the `SUPPLIER` database table within the `APP` schema. It defines the data structure for supplier information, including an ID, name, address, phone, and URL, and includes named queries for retrieving all suppliers or removing them.",,False
https://github.com/HasinthakaPiyumal/AI-Pattern-Mining-Project/tree/main/notebooks/result/ms_repo_callgraph_clusters/sample.plantsbywebsphere_java/cluster_7.java,"This code defines core components for an e-commerce application, including a `ShoppingCartBean` that manages user carts, processes orders, and handles inventory/backorder logic. It leverages JPA entities like `Inventory` and `OrderItem` for persistence, alongside DTOs (`OrderInfo`, `ShoppingItem`) for web-tier data handling and validation, all within a transactional, session-scoped context.",,False
https://github.com/HasinthakaPiyumal/AI-Pattern-Mining-Project/tree/main/notebooks/result/ms_repo_callgraph_clusters/sample.plantsbywebsphere_java/cluster_57.java,"This Java class, `LoginInfo`, functions as a JSF backing bean to encapsulate user login credentials (email, password, and password confirmation) and a message for a web application's login page. It notably employs `javax.validation` annotations like `@Pattern` and `@Size` to enforce specific format and length constraints on the email and password fields.",,False
https://github.com/HasinthakaPiyumal/AI-Pattern-Mining-Project/tree/main/notebooks/result/ms_repo_callgraph_clusters/sample.plantsbywebsphere_java/cluster_25.java,"This Java class defines a JPA entity named `Order`, mapping to the `ORDER1` database table, which models a customer's purchase order. It encapsulates comprehensive order details including billing/shipping information, payment, profit calculation, and a many-to-one relationship with a `Customer` entity, utilizing JPA annotations for persistence and ID generation.",,False
https://github.com/HasinthakaPiyumal/AI-Pattern-Mining-Project/tree/main/notebooks/result/ms_repo_callgraph_clusters/sample.plantsbywebsphere_java/cluster_44.java,"This `OrderInfo` Java class serves as a data transfer object (DTO) or form backing bean for managing customer order details within a web application. It encapsulates comprehensive billing, shipping, and payment information, notably utilizing `javax.validation` annotations to enforce input constraints and patterns.",,False
https://github.com/HasinthakaPiyumal/AI-Pattern-Mining-Project/tree/main/notebooks/result/ms_repo_callgraph_clusters/sample.plantsbywebsphere_java/cluster_21.java,"This code defines the core data model and business logic for an e-commerce application, featuring a JPA `Inventory` entity for product catalog management and an `OrderInfo` class for customer order details with integrated Bean Validation. It includes a `CatalogMgr` bean for transactional inventory access using JPA and a `ShoppingItem` wrapper to adapt `Inventory` for web application use.",,False
https://github.com/HasinthakaPiyumal/AI-Pattern-Mining-Project/tree/main/notebooks/result/ms_repo_callgraph_clusters/sample.plantsbywebsphere_java/cluster_26.java,"This Java class defines a JPA entity named `Order`, mapping to the `ORDER1` database table, which encapsulates comprehensive details for a customer's purchase. It stores billing, shipping, and payment information, maintains a many-to-one relationship with a `Customer`, and calculates the total profit based on associated `OrderItem` entities.",,False
https://github.com/HasinthakaPiyumal/AI-Pattern-Mining-Project/tree/main/notebooks/result/ms_repo_callgraph_clusters/sample.plantsbywebsphere_java/cluster_10.java,"This code defines Java EE components for the PlantsByWebSphere sample application, providing a secure and transactional mechanism to reset and populate its database. It clears all existing data from tables like Inventory, Customer, and Order, then repopulates them with sample data read from external property files, including image assets, triggered either on application startup or via a UI action.",,False
https://github.com/HasinthakaPiyumal/AI-Pattern-Mining-Project/tree/main/notebooks/result/ms_repo_callgraph_clusters/sample.plantsbywebsphere_java/cluster_33.java,"This Java class defines a JPA entity named `Supplier`, which maps to the `SUPPLIER` database table to represent and manage supplier information. It includes fields for supplier ID (as the primary key), name, address, contact details, and defines named queries for retrieving all suppliers or removing them.",,False
https://github.com/HasinthakaPiyumal/AI-Pattern-Mining-Project/tree/main/notebooks/result/ms_repo_callgraph_clusters/sample.plantsbywebsphere_java/cluster_2.java,"This Java EE application provides core e-commerce functionalities, managing shopping carts, processing orders with inventory checks and backordering, and sending email confirmations. It leverages JPA for persistence, CDI for dependency injection, and JSF for the web presentation layer, demonstrating a structured enterprise architecture.",,False
https://github.com/HasinthakaPiyumal/AI-Pattern-Mining-Project/tree/main/notebooks/result/ms_repo_callgraph_clusters/sample.plantsbywebsphere_java/cluster_47.java,"This `OrderInfo` Java class acts as a data transfer object (DTO) for comprehensive order details, encompassing billing, shipping, and payment information. It leverages `javax.validation` annotations for input validation on its fields and includes utility methods for managing shipping options and dynamically generating credit card expiration years.",,False
https://github.com/HasinthakaPiyumal/AI-Pattern-Mining-Project/tree/main/notebooks/result/ms_repo_callgraph_clusters/sample.plantsbywebsphere_java/cluster_46.java,"This `OrderInfo` class acts as a serializable data transfer object (DTO) for customer order details, encapsulating comprehensive billing, shipping, and payment information. It extensively uses `javax.validation` annotations to enforce data integrity and format constraints for fields like addresses, phone numbers, and credit card numbers.",,False
https://github.com/HasinthakaPiyumal/AI-Pattern-Mining-Project/tree/main/notebooks/result/ms_repo_callgraph_clusters/sample.plantsbywebsphere_java/cluster_39.java,"This `Util` class for the ""PlantsByWebSphere"" application centralizes application-wide constants for JSPs, request/session attributes, and administrative actions. It also provides utility methods for JNDI lookups, retrieving category and shipping information, managing application properties, and includes basic input validation to mitigate XSS vulnerabilities.",,False
https://github.com/HasinthakaPiyumal/AI-Pattern-Mining-Project/tree/main/notebooks/result/ms_repo_callgraph_clusters/sample.plantsbywebsphere_java/cluster_12.java,"This code implements the core functionality for an e-commerce shopping cart and order processing system using Java EE. It features a `@SessionScoped` `ShoppingCartBean` for managing cart items, performing inventory checks, and creating transactional orders via JPA, complemented by a JSF backing bean (`ShoppingBean`) for web UI interaction and product catalog display.",,False
https://github.com/HasinthakaPiyumal/AI-Pattern-Mining-Project/tree/main/notebooks/result/ms_repo_callgraph_clusters/sample.plantsbywebsphere_java/cluster_35.java,"This Java class defines a JPA entity named `Supplier`, mapping to the `SUPPLIER` database table with fields like ID, name, and address. It provides standard JavaBean properties (getters/setters) for persistence and includes named queries to find all suppliers or remove them.",,False
https://github.com/HasinthakaPiyumal/AI-Pattern-Mining-Project/tree/main/notebooks/result/ms_repo_callgraph_clusters/sample.plantsbywebsphere_java/cluster_1.java,"This code file provides core components for the IBM PlantsByWebSphere sample application, featuring a `ResetDBBean` for transactional database initialization and population from external property files, and a `ShoppingBean` which serves as a JSF backing bean for managing the user's shopping cart and product display, supported by utility classes for configuration loading and string parsing.",,False
https://github.com/HasinthakaPiyumal/AI-Pattern-Mining-Project/tree/main/notebooks/result/ms_repo_callgraph_clusters/sample.plantsbywebsphere_java/cluster_34.java,"This Java class defines a JPA entity (`@Entity`) for the `SUPPLIER` database table, mapping its data model with fields like `supplierID`, `name`, and `address` details. It provides standard getters/setters, constructors, and includes named queries for retrieving all or deleting all supplier records.",,False
https://github.com/HasinthakaPiyumal/AI-Pattern-Mining-Project/tree/main/notebooks/result/ms_repo_callgraph_clusters/sample.plantsbywebsphere_java/cluster_59.java,"This JavaServer Faces (JSF) managed bean, `HelpBean`, provides actions for navigating to a help page and resetting the application's database through an injected `ResetDBBean`. It also exposes and manages a debug flag via a utility class, typical for administrative or diagnostic functions within a web application.",,False
https://github.com/HasinthakaPiyumal/AI-Pattern-Mining-Project/tree/main/notebooks/result/ms_repo_callgraph_clusters/sample.plantsbywebsphere_java/cluster_37.java,"This file defines the `BackOrder` JPA entity, which maps to a `BACKORDER` database table, includes named queries for data access, and manages back order persistence with a one-to-one `Inventory` relationship. It also contains `BackOrderItem`, a serializable data transfer object designed to encapsulate and convey back order details, often populated from the `BackOrder` entity, for use in other application layers.",,False
https://github.com/HasinthakaPiyumal/AI-Pattern-Mining-Project/tree/main/notebooks/result/ms_repo_callgraph_clusters/sample.plantsbywebsphere_java/cluster_60.java,"This JSF managed bean, `HelpBean`, serves as a controller for a web application's help page, providing functionality to reset the application's database via an injected `ResetDBBean` and to manage a global debug flag.",,False
https://github.com/HasinthakaPiyumal/AI-Pattern-Mining-Project/tree/main/notebooks/result/ms_repo_callgraph_clusters/sample.plantsbywebsphere_java/cluster_42.java,"This `BackOrderItem` Java class functions as a serializable data transfer object (DTO) within a WebSphere sample application, encapsulating details of a back-ordered item. It primarily serves to aggregate and present information derived from a `BackOrder` JPA entity and related `Inventory` data for use in the web layer.",,False
https://github.com/HasinthakaPiyumal/AI-Pattern-Mining-Project/tree/main/notebooks/result/ms_repo_callgraph_clusters/sample.plantsbywebsphere_java/cluster_45.java,"This `OrderInfo` Java class serves as a data model for customer order details, encapsulating billing, shipping, and payment information. It extensively uses `javax.validation` annotations to enforce data integrity and provides constructors to populate data from an `Order` JPA entity.",,False
https://github.com/HasinthakaPiyumal/AI-Pattern-Mining-Project/tree/main/notebooks/result/ms_repo_callgraph_clusters/sample.plantsbywebsphere_java/cluster_24.java,"This Java class defines a JPA entity named `Order`, mapping to the `ORDER1` database table, which encapsulates comprehensive details for a customer order. It manages billing, shipping, payment information, a many-to-one relationship with a `Customer`, and calculates the total profit from its associated `OrderItem`s.",,False
https://github.com/HasinthakaPiyumal/AI-Pattern-Mining-Project/tree/main/notebooks/result/ms_repo_callgraph_clusters/sample.plantsbywebsphere_java/cluster_23.java,"This Java class defines a JPA entity named `Order` for an e-commerce application, mapping to the `ORDER1` database table and encapsulating comprehensive order details including billing, shipping, payment, and associated customer information. It utilizes JPA annotations for persistence, generates order IDs via a table generator, and calculates the total profit based on its associated `OrderItem` collection.",,False
https://github.com/HasinthakaPiyumal/AI-Pattern-Mining-Project/tree/main/notebooks/result/ms_repo_callgraph_clusters/sample.plantsbywebsphere_java/cluster_20.java,"This Java class defines a JPA entity, `OrderItem`, which maps to the `ORDERITEM` database table to represent an item within a customer's order. It uses an `@Embeddable` composite primary key (`PK`) consisting of `inventoryID` and `ORDER_ORDERID`, and establishes many-to-one relationships with `Inventory` and `Order` entities.",,False
https://github.com/HasinthakaPiyumal/AI-Pattern-Mining-Project/tree/main/notebooks/result/ms_repo_callgraph_clusters/sample.plantsbywebsphere_java/cluster_50.java,"This `OrderInfo` Java class functions as a serializable data transfer object (DTO) designed to encapsulate comprehensive customer order details, including billing, shipping, and payment information. It leverages `javax.validation` annotations for input validation on its fields and provides standard Java Bean getters and setters for data access.",,False
https://github.com/HasinthakaPiyumal/AI-Pattern-Mining-Project/tree/main/notebooks/result/ms_repo_callgraph_clusters/sample.plantsbywebsphere_java/cluster_22.java,"This `OrderKey` Java class defines a serializable primary key for an `Order` entity, encapsulating a single `orderID` string. It correctly implements `equals()` and `hashCode()` to ensure proper key comparison and hashing, as required for JPA or similar ORM contexts.",,False
https://github.com/HasinthakaPiyumal/AI-Pattern-Mining-Project/tree/main/notebooks/result/ms_repo_callgraph_clusters/sample.plantsbywebsphere_java/cluster_49.java,"This `OrderInfo` class serves as a serializable data model for capturing and managing all details related to a customer order, encompassing billing, shipping, and payment information. It extensively uses `javax.validation` annotations to enforce robust input validation on fields like addresses, phone numbers, and credit card formats, ensuring data integrity.",,False
https://github.com/HasinthakaPiyumal/AI-Pattern-Mining-Project/tree/main/notebooks/result/ms_repo_callgraph_clusters/sample.plantsbywebsphere_java/cluster_29.java,"This Java class serves as a JPA entity for an e-commerce order, encapsulating comprehensive billing, shipping, and payment details, along with a many-to-one relationship to a `Customer`. It leverages a `TableGenerator` for unique order ID generation and calculates the total profit from its associated `OrderItem`s upon creation.",,False
https://github.com/HasinthakaPiyumal/AI-Pattern-Mining-Project/tree/main/notebooks/result/ms_repo_callgraph_clusters/sample.plantsbywebsphere_java/cluster_40.java,"This code defines a core `Util` class for the ""PlantsByWebSphere"" application, centralizing numerous constants for JSP pages, request attributes, and administrative actions, alongside static methods for JNDI lookup, property management, category/shipping data, and basic input validation. It also includes a `HelpBean` JSF managed bean that leverages the `Util` class for debugging status and provides actions for displaying help and resetting the database.",,False
https://github.com/HasinthakaPiyumal/AI-Pattern-Mining-Project/tree/main/notebooks/result/ms_repo_callgraph_clusters/sample.plantsbywebsphere_java/cluster_38.java,"This `Util` class centralizes application-wide constants for page names, request attributes, and action codes, along with static configuration data like product categories and shipping methods for the ""PlantsByWebSphere"" application. It also provides utility functions for JNDI context retrieval, property file management, basic debugging, and input validation to mitigate XSS vulnerabilities.",,False
https://github.com/HasinthakaPiyumal/AI-Pattern-Mining-Project/tree/main/notebooks/result/ms_repo_callgraph_clusters/sample.plantsbywebsphere_java/cluster_48.java,"This Java class, `OrderInfo`, functions as a data transfer object (DTO) for an order within an IBM WebSphere sample application, encapsulating comprehensive billing, shipping, and payment details. It extensively utilizes `javax.validation` annotations to enforce input validation rules for its fields, and can be initialized from a JPA `Order` entity.",,False
https://github.com/HasinthakaPiyumal/AI-Pattern-Mining-Project/tree/main/notebooks/result/ms_repo_callgraph_clusters/sample.plantsbywebsphere_java/cluster_28.java,"This Java class is a JPA entity (`@Entity`) representing an order in an e-commerce application, mapping to the `ORDER1` database table. It encapsulates comprehensive billing, shipping, payment, and order item details, including a many-to-one relationship with a `Customer` and calculating the total order profit.",,False
https://github.com/HasinthakaPiyumal/AI-Pattern-Mining-Project/tree/main/notebooks/result/ms_repo_callgraph_clusters/sample.plantsbywebsphere_java/cluster_58.java,"This JSF backing bean, `HelpBean`, primarily facilitates navigation to a help page and provides an action to reset the application's database by invoking an injected `ResetDBBean`. It also includes methods to check and set a global debug flag for the application.",,False
https://github.com/HasinthakaPiyumal/AI-Pattern-Mining-Project/tree/main/notebooks/result/ms_repo_callgraph_clusters/sample.plantsbywebsphere_java/cluster_17.java,"This Java code defines the core components for customer and order management within a Java EE web application, leveraging JPA for data persistence and CDI for dependency injection. It provides transactional services for customer lifecycle management (create, retrieve, update, authenticate) and models for orders and suppliers, integrating JSF backing beans with JSR 303 Bean Validation for robust web interactions.",,False
https://github.com/HasinthakaPiyumal/AI-Pattern-Mining-Project/tree/main/notebooks/result/ms_repo_callgraph_clusters/sample.plantsbywebsphere_java/cluster_14.java,"This code provides core components for an e-commerce application, specifically the IBM PlantsByWebSphere sample. It features a `CatalogMgr` for transactional management of inventory items using JPA, and JSF backing beans (`ProductBean`, `ShoppingBean`) that handle product display, shopping cart interactions, and UI-level validation for web forms.",,False
https://github.com/HasinthakaPiyumal/AI-Pattern-Mining-Project/tree/main/notebooks/result/ms_repo_callgraph_clusters/sample.plantsbywebsphere_java/cluster_32.java,"This Java code defines a JPA entity named `Supplier`, mapping the `Supplier` class to the `SUPPLIER` database table in the `APP` schema. It provides object-relational mapping for supplier data, including ID, name, address, phone, and URL, and includes named queries for retrieving all suppliers or deleting them.",,False
https://github.com/HasinthakaPiyumal/AI-Pattern-Mining-Project/tree/main/notebooks/result/ms_repo_callgraph_clusters/sample.plantsbywebsphere_java/cluster_41.java,"This `BackOrderItem` Java class functions as a serializable data transfer object (DTO) within a web application, designed to hold and represent the details of a back-ordered item. It features multiple constructors, including one that specifically populates its fields by adapting data from a `BackOrder` JPA entity.",,False
https://github.com/HasinthakaPiyumal/AI-Pattern-Mining-Project/tree/main/notebooks/result/ms_repo_callgraph_clusters/sample.plantsbywebsphere_java/cluster_18.java,"This Java class, `ShoppingCartContent`, acts as a serializable data structure for managing items in a shopping cart. It utilizes a `Hashtable` to store inventory IDs and their quantities, providing methods to add, update, remove, and retrieve specific item details.",,False
https://github.com/HasinthakaPiyumal/AI-Pattern-Mining-Project/tree/main/notebooks/result/ms_repo_callgraph_clusters/sample.plantsbywebsphere_java/cluster_3.java,"This code defines the JPA entity model and administrative web logic for an e-commerce application, ""PlantsByWebSphere."" It manages core entities like Inventory, Customers, Suppliers, OrderItems, and BackOrders using JPA, with a servlet providing administrative functions for database population, supplier configuration, and back-order processing.",,False
https://github.com/HasinthakaPiyumal/AI-Pattern-Mining-Project/tree/main/notebooks/result/ms_repo_callgraph_clusters/sample.plantsbywebsphere_java/cluster_8.java,"This Java code defines a custom checked exception, `NoSupplierException`, within the `com.ibm.websphere.samples.pbw.bean` package. Its purpose is to signal a specific error condition where a required supplier is unavailable or not found, providing a clear, descriptive message.",,False
https://github.com/HasinthakaPiyumal/AI-Pattern-Mining-Project/tree/main/notebooks/result/ms_repo_callgraph_clusters/sample.plantsbywebsphere_java/cluster_30.java,"This Java class defines a JPA entity named `Order`, mapping to the `ORDER1` database table, to represent a customer's purchase. It encapsulates comprehensive order details including billing/shipping information, payment data, associated `Customer` and `OrderItem` entities, and calculates the total profit for the order.",,False
https://github.com/HasinthakaPiyumal/AI-Pattern-Mining-Project/tree/main/notebooks/result/ms_repo_callgraph_clusters/sample.plantsbywebsphere_java/cluster_5.java,"This Java code implements the core business logic for an e-commerce application's shopping cart and order fulfillment system. It leverages JPA for managing persistent entities like `Inventory`, `Order`, and `BackOrder`, with a `@SessionScoped` `ShoppingCartBean` providing transactional operations for adding items, checking inventory, and creating customer orders.",,False
https://github.com/HasinthakaPiyumal/AI-Pattern-Mining-Project/tree/main/notebooks/result/ms_repo_callgraph_clusters/sample.plantsbywebsphere_java/cluster_27.java,"This Java class is a JPA entity (`@Entity`) representing a customer order, mapping detailed billing, shipping, payment, and profit information to the `ORDER1` database table. It defines a many-to-one relationship with a `Customer` and manages a collection of `OrderItem`s, calculating the total profit during order creation while using a table-based strategy for ID generation.",,False
https://github.com/HasinthakaPiyumal/AI-Pattern-Mining-Project/tree/main/notebooks/result/ms_repo_callgraph_clusters/sample.plantsbywebsphere_java/cluster_43.java,"This `OrderInfo` Java class functions as a data transfer object, encapsulating comprehensive billing, shipping, and payment details for an order. It leverages `javax.validation` annotations for data integrity and includes logic for managing shipping methods and credit card expiration years.",,False
https://github.com/HasinthakaPiyumal/AI-Pattern-Mining-Project/tree/main/notebooks/result/ms_repo_callgraph_clusters/sample.plantsbywebsphere_java/cluster_51.java,"This `OrderInfo` class is a serializable Java Bean designed to encapsulate comprehensive order details, including billing, shipping, and payment information. It leverages `javax.validation` annotations to enforce data integrity and format constraints on various fields like addresses, phone numbers, and credit card details.",,False
https://github.com/HasinthakaPiyumal/AI-Pattern-Mining-Project/tree/main/notebooks/result/ms_repo_callgraph_clusters/RepoGenesis_java/cluster_7.java,"This code file contains two distinct Java integration test suites, both utilizing `RestAssured` and `JUnit 5` to verify RESTful API functionality. The first suite systematically tests a chat gateway's user, messaging, and group management features, while the second covers the full lifecycle of a blog application's authors, categories, posts, and comments, with tests ordered to simulate real-world interaction flows.",,False
https://github.com/HasinthakaPiyumal/AI-Pattern-Mining-Project/tree/main/notebooks/result/ms_repo_callgraph_clusters/RepoGenesis_java/cluster_6.java,"This Java class serves as an integration test suite for the `/api/terms` REST endpoint, utilizing RestAssured and JUnit 5. It systematically verifies the API's core CRUD functionalities by creating, retrieving, updating, and deleting term resources, asserting expected HTTP responses and data integrity.",,False
https://github.com/HasinthakaPiyumal/AI-Pattern-Mining-Project/tree/main/notebooks/result/ms_repo_callgraph_clusters/RepoGenesis_java/cluster_1.java,"This file contains multiple ordered JUnit integration test suites, each designed to validate the RESTful API of a distinct backend application (e.g., Spark, Javalin, Spring Boot, Micronaut). These tests systematically cover user authentication, comprehensive CRUD operations for domain-specific resources like dashboards, tasks, and CI/CD projects, and various system endpoints, all executed against embedded application servers to simulate full user interaction flows.",,False
https://github.com/HasinthakaPiyumal/AI-Pattern-Mining-Project/tree/main/notebooks/result/ms_repo_callgraph_clusters/RepoGenesis_java/cluster_3.java,"This collection of Java files comprises JUnit integration tests designed to validate the REST APIs of various web applications, including a Spark Dashboard, Javalin Task Manager, and Javalin Online Judge. Each test suite uses `Unirest` to execute a sequential, ordered workflow of HTTP requests, simulating user interactions like authentication, CRUD operations, and specific application features, while asserting expected API responses and status codes.",,False
https://github.com/HasinthakaPiyumal/AI-Pattern-Mining-Project/tree/main/notebooks/result/ms_repo_callgraph_clusters/RepoGenesis_java/cluster_0.java,"This collection of Java files represents ordered integration tests for various backend services, including a dashboard, task manager, online judge, user authentication platform, chat gateway, blog CMS, and CI system. Each test suite systematically verifies API functionality, from user authentication and resource CRUD operations to specific domain logic, by making HTTP requests to a locally running application and asserting on status codes and JSON responses.",,False
https://github.com/HasinthakaPiyumal/AI-Pattern-Mining-Project/tree/main/notebooks/result/ms_repo_callgraph_clusters/spring-petclinic_java/cluster_19.java,"This code defines the `Visit` JPA entity and primarily consists of extensive Spring Boot `@WebMvcTest` suites for various controllers (`OwnerController`, `PetController`, `VisitController`, `VetController`) and a `PetTypeFormatter`. It showcases robust web layer testing using `MockMvc` and `Mockito` to verify form processing, data binding, and view interactions across the Spring PetClinic application's core functionalities.",,False
https://github.com/HasinthakaPiyumal/AI-Pattern-Mining-Project/tree/main/notebooks/result/ms_repo_callgraph_clusters/spring-petclinic_java/cluster_31.java,"This Spring configuration class establishes internationalization (i18n) support, using a `SessionLocaleResolver` to store the user's language preference (defaulting to English) and enabling language changes via a `?lang=` URL parameter through a registered `LocaleChangeInterceptor`.",,False
https://github.com/HasinthakaPiyumal/AI-Pattern-Mining-Project/tree/main/notebooks/result/ms_repo_callgraph_clusters/spring-petclinic_java/cluster_21.java,"This collection of Java files defines the core domain model (Owner, Pet, Visit) for a Spring PetClinic application, implementing the data access layer via Spring Data JPA repositories and the web layer through Spring MVC controllers. It provides full CRUD functionality for owners, pets, and visits, incorporating validation, pagination, and comprehensive integration tests.",,False
https://github.com/HasinthakaPiyumal/AI-Pattern-Mining-Project/tree/main/notebooks/result/ms_repo_callgraph_clusters/spring-petclinic_java/cluster_13.java,"This file primarily defines the `Person` JPA entity and a comprehensive suite of Spring Boot integration tests for the PetClinic application. These tests validate database interactions with PostgreSQL and MySQL using Testcontainers, verify REST API endpoint functionality, and confirm error handling behavior across the application's persistence and web layers.",,False
https://github.com/HasinthakaPiyumal/AI-Pattern-Mining-Project/tree/main/notebooks/result/ms_repo_callgraph_clusters/spring-petclinic_java/cluster_10.java,"This Java code defines a `Vet` JPA entity for the Spring PetClinic application, extending `Person` to represent a veterinarian. It manages a many-to-many relationship with `Specialty` entities, eagerly fetching them and providing methods to retrieve a sorted list of specialties or their count using Java Streams.",,False
https://github.com/HasinthakaPiyumal/AI-Pattern-Mining-Project/tree/main/notebooks/result/ms_repo_callgraph_clusters/spring-petclinic_java/cluster_33.java,"This Spring `@Configuration` class sets up JCache-compliant caching for the PetClinic application, specifically creating a ""vets"" cache and enabling statistics for it via a `JCacheManagerCustomizer`. It leverages Spring's `@EnableCaching` to integrate JCache and expose cache statistics through JMX.",,False
https://github.com/HasinthakaPiyumal/AI-Pattern-Mining-Project/tree/main/notebooks/result/ms_repo_callgraph_clusters/spring-petclinic_java/cluster_2.java,"This `RuntimeHintsRegistrar` implementation configures Spring AOT compilation by registering specific resource patterns (e.g., `db/*`, `messages/*`) and types (`BaseEntity`, `Person`, `Vet`) for serialization, ensuring they are properly included and accessible when the PetClinic application is compiled into a native image.",,False
https://github.com/HasinthakaPiyumal/AI-Pattern-Mining-Project/tree/main/notebooks/result/ms_repo_callgraph_clusters/spring-petclinic_java/cluster_1.java,"This code defines the main Spring Boot PetClinic application and its `VetRepository` for data access with transactional and caching features. It primarily comprises several integration test classes that utilize Spring Boot's testing framework and Testcontainers to verify the application's functionality against PostgreSQL and MySQL databases, including data retrieval and REST API endpoints.",,False
https://github.com/HasinthakaPiyumal/AI-Pattern-Mining-Project/tree/main/notebooks/result/ms_repo_callgraph_clusters/spring-petclinic_java/cluster_34.java,"This Spring `@Configuration` class sets up JCache for the PetClinic application, specifically creating a cache named ""vets"" and enabling statistics for it. It uses a `JCacheManagerCustomizer` to programmatically configure the cache via a `MutableConfiguration`, making cache statistics accessible.",,False
https://github.com/HasinthakaPiyumal/AI-Pattern-Mining-Project/tree/main/notebooks/result/ms_repo_callgraph_clusters/spring-petclinic_java/cluster_24.java,"This Spring MVC controller (`OwnerController`) manages the full lifecycle of `Owner` entities within the PetClinic application, providing web endpoints for creating new owners, searching and displaying paginated lists of owners, updating existing owner details, and showing individual owner profiles. It leverages Spring Data JPA for persistence, includes form validation, and uses `@ModelAttribute` to pre-populate owner objects for forms.",,False
https://github.com/HasinthakaPiyumal/AI-Pattern-Mining-Project/tree/main/notebooks/result/ms_repo_callgraph_clusters/spring-petclinic_java/cluster_23.java,"This Spring MVC controller manages the creation of new veterinary visits for pets within the PetClinic application. It pre-populates visit forms by loading the relevant owner and pet data using `@ModelAttribute` and handles form submission, including validation and persistence, redirecting to the owner's detail page upon success.",,False
https://github.com/HasinthakaPiyumal/AI-Pattern-Mining-Project/tree/main/notebooks/result/ms_repo_callgraph_clusters/spring-petclinic_java/cluster_15.java,"This Spring PetClinic module defines JPA entities like `Owner`, `Pet`, and `Visit`, providing Spring MVC controllers for their web-based management (CRUD operations, search, validation) and comprehensive integration tests for the persistence layer. It leverages Spring Data JPA for data access and includes custom validators and formatters for robust input handling.",,False
https://github.com/HasinthakaPiyumal/AI-Pattern-Mining-Project/tree/main/notebooks/result/ms_repo_callgraph_clusters/spring-petclinic_java/cluster_32.java,"This Spring configuration class sets up internationalization (i18n) for the application, using a `SessionLocaleResolver` to store the user's language preference (defaulting to English). It registers a `LocaleChangeInterceptor` to allow users to dynamically change the application's locale via a `?lang=` URL parameter.",,False
https://github.com/HasinthakaPiyumal/AI-Pattern-Mining-Project/tree/main/notebooks/result/ms_repo_callgraph_clusters/spring-petclinic_java/cluster_8.java,"This Spring MVC controller, `WelcomeController`, serves as the application's entry point, handling GET requests to the root URL (""/"") and returning the logical view name ""welcome"" to display a welcome page. It demonstrates a basic web request mapping using Spring's `@GetMapping` annotation.",,False
https://github.com/HasinthakaPiyumal/AI-Pattern-Mining-Project/tree/main/notebooks/result/ms_repo_callgraph_clusters/spring-petclinic_java/cluster_30.java,"This code defines a Spring MVC controller (`CrashController`) that intentionally throws a `RuntimeException` from its `/oups` endpoint to demonstrate exception handling. A dedicated unit test (`CrashControllerTests`) verifies this behavior, asserting that the controller correctly throws the expected exception with a specific message.",,False
https://github.com/HasinthakaPiyumal/AI-Pattern-Mining-Project/tree/main/notebooks/result/ms_repo_callgraph_clusters/spring-boot-based-microservices_java/cluster_11.java,"This Spring `@Configuration` class initializes and exposes application metrics using Micrometer, specifically registering a `Gauge` named ""application.active.users"" to track and update the number of active users programmatically.",,False
https://github.com/HasinthakaPiyumal/AI-Pattern-Mining-Project/tree/main/notebooks/result/ms_repo_callgraph_clusters/spring-boot-based-microservices_java/cluster_19.java,"This Java class defines a JPA entity named `Course`, encapsulating details such as title, author, price, and publisher. It integrates Spring Data JPA for automatic auditing of creation/modification dates and optimistic locking, along with Jakarta Bean Validation for enforcing data integrity on these fields.",,False
https://github.com/HasinthakaPiyumal/AI-Pattern-Mining-Project/tree/main/notebooks/result/ms_repo_callgraph_clusters/spring-boot-based-microservices_java/cluster_9.java,"This code implements Spring's `@RestControllerAdvice` and `@ControllerAdvice` to provide centralized exception handling for Course and Review microservices. It specifically catches custom `NotFound` and `AlreadyExists` exceptions, along with `MethodArgumentNotValidException` for validation errors, mapping them to appropriate HTTP status codes and returning descriptive error messages or detailed field error maps.",,False
https://github.com/HasinthakaPiyumal/AI-Pattern-Mining-Project/tree/main/notebooks/result/ms_repo_callgraph_clusters/spring-boot-based-microservices_java/cluster_21.java,"This Spring `RestController` provides `/api/metrics` endpoints designed for manually testing and demonstrating custom Micrometer metrics (request count and duration) and various error logging/handling scenarios. It registers a `Counter` and `Timer` to track requests to a `/hello` endpoint, which simulates work, and also exposes endpoints to trigger runtime exceptions and `ResponseStatusException` for error testing.",,False
https://github.com/HasinthakaPiyumal/AI-Pattern-Mining-Project/tree/main/notebooks/result/ms_repo_callgraph_clusters/spring-boot-based-microservices_java/cluster_13.java,"This Spring Boot microservice implements a RESTful API (`/api/courses`) for managing course data, enabling comprehensive CRUD operations like creating, retrieving, updating, and deleting courses. It leverages JPA entities with validation, a layered service architecture, and custom exceptions to enforce business rules and ensure data integrity.",,False
https://github.com/HasinthakaPiyumal/AI-Pattern-Mining-Project/tree/main/notebooks/result/ms_repo_callgraph_clusters/spring-boot-based-microservices_java/cluster_10.java,"This Spring `@ControllerAdvice` class centralizes global exception handling for a review microservice, mapping specific exceptions like `ReviewNotFoundException` to a 404 NOT_FOUND and `MethodArgumentNotValidException` to a 400 BAD_REQUEST with detailed validation errors, while providing a generic 500 INTERNAL_SERVER_ERROR fallback.",,False
https://github.com/HasinthakaPiyumal/AI-Pattern-Mining-Project/tree/main/notebooks/result/ms_repo_callgraph_clusters/spring-boot-based-microservices_java/cluster_2.java,"This Spring `@Configuration` class sets up application metrics using Micrometer, specifically registering a `Gauge` named ""application.active.users"" to track the number of active users. It uses an `AtomicInteger` for thread-safe updates and provides a public method to programmatically set this active user count.",,False
https://github.com/HasinthakaPiyumal/AI-Pattern-Mining-Project/tree/main/notebooks/result/ms_repo_callgraph_clusters/spring-boot-based-microservices_java/cluster_6.java,"This code comprises multiple Spring Boot integration test classes for various microservices (Gateway, Course, Course Composite, Review), each containing a basic `contextLoads()` method to verify that their respective application contexts initialize successfully. Its primary purpose is to ensure the fundamental setup and configuration of each service are correct at startup.",,False
https://github.com/HasinthakaPiyumal/AI-Pattern-Mining-Project/tree/main/notebooks/result/ms_repo_callgraph_clusters/spring-boot-based-microservices_java/cluster_12.java,"This code implements a Spring Boot microservice that provides a RESTful API for managing course information, including operations to create, retrieve (by ID or title), update, and delete courses. It utilizes a layered architecture with a controller, service, and Spring Data JPA repository for persistence, along with custom exception handling and a partial review service.",,False
https://github.com/HasinthakaPiyumal/AI-Pattern-Mining-Project/tree/main/notebooks/result/ms_repo_callgraph_clusters/spring-boot-based-microservices_java/cluster_1.java,"This Spring `@Component` utility class provides a formatted service address string by retrieving the local machine's hostname and IP address, then combining them with the configured server port, while gracefully handling `UnknownHostException`. The service address is lazily initialized upon its first request.",,False
https://github.com/HasinthakaPiyumal/AI-Pattern-Mining-Project/tree/main/notebooks/result/ms_repo_callgraph_clusters/spring-boot-based-microservices_java/cluster_20.java,"This code defines a Spring Boot microservice primarily for managing course reviews, offering RESTful API endpoints for CRUD operations on review entities. It also includes dedicated components that demonstrate and configure custom application metrics (counters, timers, and gauges) using Micrometer, intended for testing and monitoring the service's behavior.",,False
https://github.com/HasinthakaPiyumal/AI-Pattern-Mining-Project/tree/main/notebooks/result/ms_repo_callgraph_clusters/spring-boot-based-microservices_java/cluster_16.java,"This code defines a JPA `@Entity` named `Course`, serving as a data model for course information within a microservice. It incorporates Spring Data JPA auditing for `createdDate` and `lastModifiedDate`, optimistic locking with `@Version`, and Jakarta Bean Validation for fields like title, author, and price.",,False
https://github.com/HasinthakaPiyumal/AI-Pattern-Mining-Project/tree/main/notebooks/result/ms_repo_callgraph_clusters/spring-boot-based-microservices_java/cluster_15.java,"This file defines two distinct data models for a microservices architecture: a `Course` JPA entity with auditing and validation for persistence, and a `ReviewDTO` for transferring and validating review data. Both leverage Jakarta Bean Validation for data integrity, with `Course` also utilizing Spring Data JPA for automatic auditing.",,False
https://github.com/HasinthakaPiyumal/AI-Pattern-Mining-Project/tree/main/notebooks/result/ms_repo_callgraph_clusters/spring-boot-based-microservices_java/cluster_17.java,"This Java file defines a `Course` JPA entity, representing a course with attributes like title, author, price, and publisher. It leverages Jakarta Bean Validation for data integrity, and Spring Data annotations for automatic auditing (created/modified dates) and optimistic locking.",,False
https://github.com/HasinthakaPiyumal/AI-Pattern-Mining-Project/tree/main/notebooks/result/ms_repo_callgraph_clusters/spring-boot-based-microservices_java/cluster_14.java,"This Java class defines the `Review` domain entity for a microservice, representing a user's review of a course. It utilizes Spring Data MongoDB for persistence, marking it as a document with an ID, version, and an indexed email field, while leveraging Lombok for concise data model generation.",,False
https://github.com/HasinthakaPiyumal/AI-Pattern-Mining-Project/tree/main/notebooks/result/ms_repo_callgraph_clusters/spring-boot-based-microservices_java/cluster_5.java,"This code defines Spring WebFlux security configurations for multiple microservices, implementing OAuth2 Resource Server protection. It consistently uses a custom JWT converter to extract user roles from `realm_access` and `resource_access` claims, enabling fine-grained, path-based authorization for API endpoints.",,False
https://github.com/HasinthakaPiyumal/AI-Pattern-Mining-Project/tree/main/notebooks/result/ms_repo_callgraph_clusters/micronaut-microservices-poc_java/cluster_31.java,"This Java class defines a `Question` data model within a product service domain, encapsulating a question's code, index, and text. It leverages Lombok for boilerplate reduction and is annotated with `@BsonDiscriminator`, indicating its design for MongoDB persistence as a POJO.",,False
https://github.com/HasinthakaPiyumal/AI-Pattern-Mining-Project/tree/main/notebooks/result/ms_repo_callgraph_clusters/micronaut-microservices-poc_java/cluster_7.java,"This code defines a suite of Micronaut microservices for an insurance sales portal, encompassing functionalities like policy management, authentication, pricing, and an API gateway. It includes extensive integration tests that spin up embedded servers to verify core operations such as policy creation, price calculation for different insurance types, and data retrieval.",,False
https://github.com/HasinthakaPiyumal/AI-Pattern-Mining-Project/tree/main/notebooks/result/ms_repo_callgraph_clusters/micronaut-microservices-poc_java/cluster_9.java,"This code defines a singleton `DashboardCommandBus` that extends `MicronautCommandBus`, providing a specialized command bus implementation for the dashboard service to manage command dispatching and handler registration within its domain.",,False
https://github.com/HasinthakaPiyumal/AI-Pattern-Mining-Project/tree/main/notebooks/result/ms_repo_callgraph_clusters/micronaut-microservices-poc_java/cluster_25.java,"This code defines an immutable `LocalDateRange` value object, representing a period between two `LocalDate` instances. It uses Lombok for a protected constructor and public getters, and provides a static factory method `between` for convenient instantiation.",,False
https://github.com/HasinthakaPiyumal/AI-Pattern-Mining-Project/tree/main/notebooks/result/ms_repo_callgraph_clusters/micronaut-microservices-poc_java/cluster_21.java,"This Java class implements a composite `Specification` that logically combines two other specifications using an ""AND"" operator. It checks if an object satisfies both encapsulated specifications, short-circuiting and returning the error details of the first failing specification encountered.",,False
https://github.com/HasinthakaPiyumal/AI-Pattern-Mining-Project/tree/main/notebooks/result/ms_repo_callgraph_clusters/micronaut-microservices-poc_java/cluster_13.java,"This code primarily initializes an application dashboard by programmatically generating synthetic insurance policy data and persisting it to a repository upon startup, including a retry mechanism for ElasticSearch availability. Additionally, it contains a separate module for processing bank statement data, which involves reading and parsing CSV files into domain objects and marking them as processed.",,False
https://github.com/HasinthakaPiyumal/AI-Pattern-Mining-Project/tree/main/notebooks/result/ms_repo_callgraph_clusters/micronaut-microservices-poc_java/cluster_26.java,"This Java enum, `TimeAggregationUnit`, defines standard time intervals (DAY, WEEK, MONTH, YEAR) and provides a utility method to convert them into their corresponding Elasticsearch `DateHistogramInterval` objects, specifically for date-based aggregations.",,False
https://github.com/HasinthakaPiyumal/AI-Pattern-Mining-Project/tree/main/notebooks/result/ms_repo_callgraph_clusters/micronaut-microservices-poc_java/cluster_10.java,"This code implements an Adapter pattern, providing a set of classes that translate domain-specific sales queries (e.g., total sales, sales trends, agent sales) into Elasticsearch search requests, heavily relying on aggregation builders for filtering and calculating metrics. It then extracts and maps the aggregated results from Elasticsearch responses back into corresponding domain result objects.",,False
https://github.com/HasinthakaPiyumal/AI-Pattern-Mining-Project/tree/main/notebooks/result/ms_repo_callgraph_clusters/micronaut-microservices-poc_java/cluster_47.java,"This Micronaut `@Singleton` class, `PolicySearchRegistry`, extends a generic `Registry` to provide a specialized registry instance for the policy search service. It likely leverages the `ApplicationContext` passed to its superclass to discover and manage command or event handlers specific to policy search operations.",,False
https://github.com/HasinthakaPiyumal/AI-Pattern-Mining-Project/tree/main/notebooks/result/ms_repo_callgraph_clusters/micronaut-microservices-poc_java/cluster_6.java,"This Micronaut `@Singleton` class, `DashboardRegistry`, extends a generic `Registry` to provide a specific instance for the dashboard service. It primarily serves as a specialized registry, likely responsible for discovering and managing command handlers or event listeners within the dashboard context by leveraging the provided `ApplicationContext`.",,False
https://github.com/HasinthakaPiyumal/AI-Pattern-Mining-Project/tree/main/notebooks/result/ms_repo_callgraph_clusters/micronaut-microservices-poc_java/cluster_12.java,"This code defines the domain models and DTO assemblers for an insurance microservices system, covering policy management, dynamic pricing rules using MVEL expressions, product definitions, and financial accounting for policies. It extensively uses JPA for persistence, Lombok for boilerplate reduction, and applies Domain-Driven Design principles to structure distinct service contexts.",,False
https://github.com/HasinthakaPiyumal/AI-Pattern-Mining-Project/tree/main/notebooks/result/ms_repo_callgraph_clusters/micronaut-microservices-poc_java/cluster_35.java,"This code defines two immutable value objects, `Quantity` and `MonetaryAmount`, both backed by `BigDecimal` for precise numerical representation. They encapsulate common arithmetic operations, comparisons, and conversions, with `MonetaryAmount` specifically handling currency-related rounding and scaling to two decimal places.",,False
https://github.com/HasinthakaPiyumal/AI-Pattern-Mining-Project/tree/main/notebooks/result/ms_repo_callgraph_clusters/micronaut-microservices-poc_java/cluster_34.java,"This Micronaut payment service manages policy accounts, exposing REST endpoints for querying account details and balances with Hystrix for fault tolerance. It also includes a service to process incoming payments from bank statement files and a data loader to initialize demo policy accounts upon application startup, all backed by an in-memory mock repository.",,False
https://github.com/HasinthakaPiyumal/AI-Pattern-Mining-Project/tree/main/notebooks/result/ms_repo_callgraph_clusters/micronaut-microservices-poc_java/cluster_37.java,"This code defines a `PolicyVersion` JPA entity for persisting detailed policy version information, including associated covers and validity periods. It also includes a `ProductsAssembler` for mapping product domain models (with their covers and various question types) to DTOs, and a `PolicyGatewayController` that acts as an API gateway, exposing REST endpoints for policy search, creation, termination, and detail retrieval by delegating to backend microservices.",,False
https://github.com/HasinthakaPiyumal/AI-Pattern-Mining-Project/tree/main/notebooks/result/ms_repo_callgraph_clusters/micronaut-microservices-poc_java/cluster_42.java,"This code file contains a suite of integration tests for a Micronaut microservice application, specifically verifying the functionality of Policy management (creation, retrieval), Pricing calculation for different policy types, and Policy Search. It consistently uses an embedded Micronaut server and dedicated test clients to simulate API interactions and assert business logic outcomes.",,False
https://github.com/HasinthakaPiyumal/AI-Pattern-Mining-Project/tree/main/notebooks/result/ms_repo_callgraph_clusters/micronaut-microservices-poc_java/cluster_45.java,"This `ElasticClientAdapter` provides an asynchronous interface for indexing and searching documents within Elasticsearch. It leverages RxJava's `Maybe` to wrap the `RestHighLevelClient`'s asynchronous operations, with client configuration dynamically sourced from `ElasticSearchSettings`.",,False
https://github.com/HasinthakaPiyumal/AI-Pattern-Mining-Project/tree/main/notebooks/result/ms_repo_callgraph_clusters/micronaut-microservices-poc_java/cluster_24.java,"This code defines configuration classes for various Micronaut microservices, externalizing settings such as Elasticsearch connection parameters and bank statement import directories. It consistently leverages Micronaut's `@ConfigurationProperties` and Lombok to provide structured, type-safe access to application settings.",,False
https://github.com/HasinthakaPiyumal/AI-Pattern-Mining-Project/tree/main/notebooks/result/ms_repo_callgraph_clusters/micronaut-microservices-poc_java/cluster_23.java,"This `NotSpecification` class implements the Specification pattern, providing a logical negation that is satisfied only if the wrapped specification is not, and crucially, propagates the wrapped specification's error details when it fails (i.e., when the wrapped specification *is* satisfied).",,False
https://github.com/HasinthakaPiyumal/AI-Pattern-Mining-Project/tree/main/notebooks/result/ms_repo_callgraph_clusters/micronaut-microservices-poc_java/cluster_22.java,"This `OrSpecification` class implements the Specification pattern, combining two other specifications with an ""OR"" logical operation. It determines an object is satisfied if at least one of its constituent left or right specifications is satisfied, failing only if both are unsatisfied.",,False
https://github.com/HasinthakaPiyumal/AI-Pattern-Mining-Project/tree/main/notebooks/result/ms_repo_callgraph_clusters/micronaut-microservices-poc_java/cluster_29.java,"This code defines `PolicyCommandBus` as a singleton Micronaut bean, specializing the generic `MicronautCommandBus` for the policy service. It acts as an infrastructure adapter, responsible for dispatching policy-related commands to their registered handlers using an injected `Registry`.",,False
https://github.com/HasinthakaPiyumal/AI-Pattern-Mining-Project/tree/main/notebooks/result/ms_repo_callgraph_clusters/micronaut-microservices-poc_java/cluster_40.java,"This `MonetaryAmount` class serves as an immutable, `Embeddable` value object for precise financial calculations using `BigDecimal`. It consistently handles currency values with two decimal places, offering comprehensive arithmetic, comparison, and rounding operations via static factory methods and instance methods.",,False
https://github.com/HasinthakaPiyumal/AI-Pattern-Mining-Project/tree/main/notebooks/result/ms_repo_callgraph_clusters/micronaut-microservices-poc_java/cluster_38.java,"This Micronaut-based code establishes a command and query dispatching registry, dynamically mapping specific `Command` and `Query` types to their corresponding `CommandHandler` and `QueryHandler` implementations. It leverages the `ApplicationContext` and generic type resolution to provide a central mediator for retrieving the appropriate handler for any given command or query.",,False
https://github.com/HasinthakaPiyumal/AI-Pattern-Mining-Project/tree/main/notebooks/result/ms_repo_callgraph_clusters/micronaut-microservices-poc_java/cluster_32.java,"This code defines two JPA `@Embeddable` value objects, `PolicyVersionRef` and `PolicyRef`, which serve as lightweight references to policy and policy version entities by encapsulating their identifying numbers. They provide static factory methods for easy creation from full entity objects and `PolicyVersionRef` can derive a `PolicyRef`.",,False
https://github.com/HasinthakaPiyumal/AI-Pattern-Mining-Project/tree/main/notebooks/result/ms_repo_callgraph_clusters/micronaut-microservices-poc_java/cluster_41.java,"This Micronaut application serves as the `AgentPortalGatewayApplication`, acting as a gateway for an insurance sales portal. It is configured to expose an OpenAPI specification for its API, titled ""LAB Insurance Sales Portal API"", complete with contact information.",,False
https://github.com/HasinthakaPiyumal/AI-Pattern-Mining-Project/tree/main/notebooks/result/ms_repo_callgraph_clusters/micronaut-microservices-poc_java/cluster_3.java,"This code primarily defines various Data Transfer Objects (DTOs) for API command and query results, leveraging Lombok and Micronaut's `@Introspected` for concise data structures. Additionally, it implements the Specification pattern for defining and combining business rules, and provides Micronaut `@Fallback` implementations for API clients to enhance resilience in a microservices environment.",,False
https://github.com/HasinthakaPiyumal/AI-Pattern-Mining-Project/tree/main/notebooks/result/ms_repo_callgraph_clusters/micronaut-microservices-poc_java/cluster_30.java,"This Micronaut `@Singleton` bean, `PolicyRegistry`, extends a generic `Registry` from a command bus package, leveraging the `ApplicationContext` to likely discover and register policy-related command handlers or event listeners. It serves as a specialized component within the application's command/event bus infrastructure for the policy domain.",,False
https://github.com/HasinthakaPiyumal/AI-Pattern-Mining-Project/tree/main/notebooks/result/ms_repo_callgraph_clusters/micronaut-microservices-poc_java/cluster_5.java,"This code defines polymorphic data transfer objects (DTOs) for questions and their answers, specifically `QuestionDto` and `QuestionAnswer`. It leverages Jackson's `@JsonTypeInfo` and `@JsonSubTypes` annotations to enable flexible serialization and deserialization of different concrete question and answer types (e.g., choice, text, numeric) based on a ""type"" property.",,False
https://github.com/HasinthakaPiyumal/AI-Pattern-Mining-Project/tree/main/notebooks/result/ms_repo_callgraph_clusters/micronaut-microservices-poc_java/cluster_0.java,"This code defines a suite of Micronaut-based microservices for an insurance-like application, encompassing policy management, pricing, payments, product catalog, and dashboard functionalities. It leverages a Command Bus for CQRS, integrates with Elasticsearch for data persistence and search, and employs an API Gateway with resilience patterns like retries and fallbacks to orchestrate interactions between services.",,False
https://github.com/HasinthakaPiyumal/AI-Pattern-Mining-Project/tree/main/notebooks/result/ms_repo_callgraph_clusters/micronaut-microservices-poc_java/cluster_51.java,"This code defines data transfer objects and query structures for a dashboard service, facilitating the retrieval and aggregation of sales data by agent or product. It extensively uses Lombok annotations like `@Builder` and `@Singular` to create concise, fluent data models for queries and their results, often involving maps of aggregated sales.",,False
https://github.com/HasinthakaPiyumal/AI-Pattern-Mining-Project/tree/main/notebooks/result/ms_repo_callgraph_clusters/ftgo-application_java/cluster_11.java,"This collection of Java classes defines the core data models, events, and commands for a microservices-based food delivery application, primarily handling order creation, revision, and cancellation across order, kitchen, and restaurant services. It leverages JPA for persistence, Eventuate Tram for distributed sagas, and GRPC/REST for inter-service communication, emphasizing a clear separation of concerns through DTOs and domain entities.",,False
https://github.com/HasinthakaPiyumal/AI-Pattern-Mining-Project/tree/main/notebooks/result/ms_repo_callgraph_clusters/ftgo-application_java/cluster_53.java,"This POJO defines a data structure for the `requestContext` object typically provided by AWS API Gateway to a Lambda function, encapsulating essential details like the account ID, resource path, HTTP method, and request ID for an incoming API request. It serves as a data transfer object to easily access these AWS-specific request attributes within the `ftgo-restaurantservice`.",,False
https://github.com/HasinthakaPiyumal/AI-Pattern-Mining-Project/tree/main/notebooks/result/ms_repo_callgraph_clusters/ftgo-application_java/cluster_56.java,"This Java POJO defines a data structure for an AWS API Gateway or Lambda request context, encapsulating details like account ID, resource path, HTTP method, and request ID. It serves as a data transfer object to hold essential request metadata for processing within an AWS-based microservice.",,False
https://github.com/HasinthakaPiyumal/AI-Pattern-Mining-Project/tree/main/notebooks/result/ms_repo_callgraph_clusters/ftgo-application_java/cluster_127.java,"This `ReviseOrderSagaData` class serves as a data container for managing the state and context of an order revision process within a saga pattern. It encapsulates all necessary information, including the order ID, revision details, consumer and restaurant IDs, the revised total, and an expected version for optimistic locking, to facilitate a distributed order modification workflow.",,False
https://github.com/HasinthakaPiyumal/AI-Pattern-Mining-Project/tree/main/notebooks/result/ms_repo_callgraph_clusters/ftgo-application_java/cluster_116.java,"This Java class, `GetOrderResponse`, functions as a Data Transfer Object (DTO) to encapsulate and convey specific order details—including ID, status, and associated restaurant information—as a response from a CQRS order history web service. It follows a standard POJO pattern, providing constructors, getters, and setters for its fields.",,False
https://github.com/HasinthakaPiyumal/AI-Pattern-Mining-Project/tree/main/notebooks/result/ms_repo_callgraph_clusters/ftgo-application_java/cluster_73.java,"This Java POJO models an incoming request from AWS API Gateway, providing a structured representation of HTTP method, path, headers, query/path parameters, body, and request context. It includes standard getters/setters and a utility method for safely accessing path parameters.",,False
https://github.com/HasinthakaPiyumal/AI-Pattern-Mining-Project/tree/main/notebooks/result/ms_repo_callgraph_clusters/ftgo-application_java/cluster_19.java,"This code defines data transfer objects and Eventuate Tram commands used to manage the revision of orders and kitchen tickets across different microservices. It specifically encapsulates details like revised order line items, restaurant ID, and order ID for web requests, domain logic, and inter-service communication.",,False
https://github.com/HasinthakaPiyumal/AI-Pattern-Mining-Project/tree/main/notebooks/result/ms_repo_callgraph_clusters/ftgo-application_java/cluster_81.java,"This Java class functions as a data transfer object (DTO) specifically designed to model an incoming AWS API Gateway proxy request. It encapsulates all relevant request details such as HTTP method, path, headers, query/path parameters, body, and request context, providing standard getters and a utility method for safely retrieving path parameters.",,False
https://github.com/HasinthakaPiyumal/AI-Pattern-Mining-Project/tree/main/notebooks/result/ms_repo_callgraph_clusters/ftgo-application_java/cluster_31.java,"This Java class defines a `RestaurantMenuRevised` domain event, signaling that a restaurant's menu has been updated. It acts as a data transfer object, encapsulating the `RestaurantMenu` object that represents the newly revised menu.",,False
https://github.com/HasinthakaPiyumal/AI-Pattern-Mining-Project/tree/main/notebooks/result/ms_repo_callgraph_clusters/ftgo-application_java/cluster_7.java,"This code defines the API, domain models, and distributed transaction logic for a ""Food To Go"" application's order management system. It orchestrates complex business processes like order creation, revision, and cancellation across multiple microservices (Order, Kitchen, Accounting, Consumer) using the Saga pattern via Eventuate Tram, and implements CQRS for order history.",,False
https://github.com/HasinthakaPiyumal/AI-Pattern-Mining-Project/tree/main/notebooks/result/ms_repo_callgraph_clusters/ftgo-application_java/cluster_68.java,"This Java utility class, `ApiGatewayResponse`, provides a Builder pattern implementation to simplify the construction of `APIGatewayProxyResponseEvent` objects for AWS Lambda functions. It handles various response body types, including JSON serialization for objects and Base64 encoding for binary data, along with helper methods for common error responses and JSON content headers.",,False
https://github.com/HasinthakaPiyumal/AI-Pattern-Mining-Project/tree/main/notebooks/result/ms_repo_callgraph_clusters/ftgo-application_java/cluster_9.java,"This code defines the core domain models and event structures for an FTGO (Food To Go) microservice, primarily implementing order lifecycle management and a CQRS-based order history read model. It leverages Eventuate Tram for event sourcing and command messaging, persisting the queryable order history in DynamoDB with advanced filtering and idempotent updates.",,False
https://github.com/HasinthakaPiyumal/AI-Pattern-Mining-Project/tree/main/notebooks/result/ms_repo_callgraph_clusters/ftgo-application_java/cluster_25.java,"This file defines two distinct but structurally identical Java POJOs, `TicketAcceptedEvent` and `TicketAcceptance`, both serving as simple data containers for a `LocalDateTime readyBy` timestamp. `TicketAcceptedEvent` functions as a domain event signaling a ticket's acceptance, while `TicketAcceptance` is likely a web DTO for related ticket acceptance operations.",,False
https://github.com/HasinthakaPiyumal/AI-Pattern-Mining-Project/tree/main/notebooks/result/ms_repo_callgraph_clusters/ftgo-application_java/cluster_44.java,"This code defines the domain model and REST API for an order management service, enabling operations like creating, canceling, and revising customer orders. It leverages Domain-Driven Design with an `Order` aggregate that uses event sourcing for state transitions, robust `Money` value objects, and Spring annotations for its API endpoints.",,False
https://github.com/HasinthakaPiyumal/AI-Pattern-Mining-Project/tree/main/notebooks/result/ms_repo_callgraph_clusters/ftgo-application_java/cluster_106.java,"This code defines a custom Jackson `MoneyModule` to serialize and deserialize a `Money` object to/from its string representation in JSON. It then initializes the application's global JSON mapper to register this `MoneyModule` and `JavaTimeModule`, while also disabling date serialization as timestamps, ensuring consistent and correct JSON handling for financial amounts and temporal types.",,False
https://github.com/HasinthakaPiyumal/AI-Pattern-Mining-Project/tree/main/notebooks/result/ms_repo_callgraph_clusters/ftgo-application_java/cluster_21.java,"This code represents a microservice application (FTGO) built with Spring Boot, heavily utilizing an event-driven architecture via Eventuate Tram for inter-service communication and saga orchestration for distributed transactions. It implements a CQRS pattern for order history using DynamoDB and employs Spring Cloud Contract for robust integration testing across services.",,False
https://github.com/HasinthakaPiyumal/AI-Pattern-Mining-Project/tree/main/notebooks/result/ms_repo_callgraph_clusters/ftgo-application_java/cluster_13.java,"This collection of Java classes defines core domain entities and value objects across multiple microservices (e.g., Order, Kitchen, Restaurant, Delivery, Consumer) for a food delivery application. Leveraging JPA annotations, these classes model persistent data structures like orders, menu items, restaurants, and delivery tickets, often incorporating business logic for state management and calculations.",,False
https://github.com/HasinthakaPiyumal/AI-Pattern-Mining-Project/tree/main/notebooks/result/ms_repo_callgraph_clusters/ftgo-application_java/cluster_118.java,"This Spring `@Configuration` class provides beans for interacting with AWS DynamoDB to manage order history, including a `DynamoDB` client, an `OrderHistoryDao` implementation, and a health indicator. It dynamically configures the client to connect to either a specified custom endpoint or a standard AWS region using injected credentials.",,False
https://github.com/HasinthakaPiyumal/AI-Pattern-Mining-Project/tree/main/notebooks/result/ms_repo_callgraph_clusters/ftgo-application_java/cluster_91.java,"This Java class, `Identity`, functions as a Plain Old Java Object (POJO) to encapsulate various AWS-specific identity details, including Cognito identity pool and ID, account ID, user ARN, and caller information. It primarily serves as a data structure for holding authentication and request context attributes within an AWS environment.",,False
https://github.com/HasinthakaPiyumal/AI-Pattern-Mining-Project/tree/main/notebooks/result/ms_repo_callgraph_clusters/ftgo-application_java/cluster_62.java,"This Java class, `RequestContext`, is a Plain Old Java Object (POJO) designed to encapsulate various attributes of an incoming request. It specifically models data commonly found in an AWS API Gateway or Lambda event context, such as `accountId`, `resourceId`, `httpMethod`, and `apiId`, using standard Java bean getters and setters.",,False
https://github.com/HasinthakaPiyumal/AI-Pattern-Mining-Project/tree/main/notebooks/result/ms_repo_callgraph_clusters/ftgo-application_java/cluster_129.java,"This `ReviseOrderSagaData` class serves as a data container for the state and parameters required during a ""revise order"" saga, encapsulating details like the order ID, revision specifics, consumer, and an `expectedVersion` for optimistic concurrency control. It acts as a central data object to manage the multi-step process of revising an order within a distributed transaction pattern.",,False
https://github.com/HasinthakaPiyumal/AI-Pattern-Mining-Project/tree/main/notebooks/result/ms_repo_callgraph_clusters/ftgo-application_java/cluster_121.java,"This Java class, `DeliveryStatus`, functions as a data transfer object (DTO) to encapsulate the current state of a food delivery, including its core details, the ID of the assigned courier, and a list of actions performed by that courier. It provides standard getters, setters, and constructors for managing this delivery status information.",,False
https://github.com/HasinthakaPiyumal/AI-Pattern-Mining-Project/tree/main/notebooks/result/ms_repo_callgraph_clusters/ftgo-application_java/cluster_88.java,"This `Identity` class is a data transfer object (DTO) designed to encapsulate comprehensive AWS-specific request identity information, including Cognito details, account ID, API key, and user ARN. It provides standard getters and setters, serving as a structured model for processing incoming request identities within the `ftgo-restaurantservice`.",,False
https://github.com/HasinthakaPiyumal/AI-Pattern-Mining-Project/tree/main/notebooks/result/ms_repo_callgraph_clusters/ftgo-application_java/cluster_10.java,"This code defines several data structures for a food delivery application's order management, including API request/event DTOs (`OrderDetails`, `CreateOrderRequest`, `TicketDetails`) and an `@Embeddable` JPA component (`OrderLineItems`). The `OrderLineItems` class specifically encapsulates the collection of order line items, providing domain logic for calculating totals, finding items, and updating quantities based on order revisions.",,False
https://github.com/HasinthakaPiyumal/AI-Pattern-Mining-Project/tree/main/notebooks/result/ms_repo_callgraph_clusters/ftgo-application_java/cluster_33.java,"This `RestaurantCreated` class is a domain event object that encapsulates the name, address, and menu details of a newly created restaurant. It acts as a data transfer object, implementing `RestaurantDomainEvent`, and includes constructor-level null validation for its `address` and `menu` fields.",,False
https://github.com/HasinthakaPiyumal/AI-Pattern-Mining-Project/tree/main/notebooks/result/ms_repo_callgraph_clusters/ftgo-application_java/cluster_142.java,"This code defines two distinct JPA `Restaurant` entities, one for an `orderservice` and another for a `kitchenservice`, both modeling a restaurant's ID and its menu items using `@ElementCollection`. Each entity includes a `TODO` method `verifyRestaurantDetails`, indicating planned functionality for validating restaurant details against external input.",,False
https://github.com/HasinthakaPiyumal/AI-Pattern-Mining-Project/tree/main/notebooks/result/ms_repo_callgraph_clusters/ftgo-application_java/cluster_2.java,"This code defines API request/reply DTOs and extensive test suites for a microservices-based food delivery application, specifically demonstrating order lifecycle management, consumer/restaurant interactions, and delivery scheduling. It highlights an event-driven architecture with sagas for distributed transactions, validated through comprehensive contract, component, and end-to-end tests.",,False
https://github.com/HasinthakaPiyumal/AI-Pattern-Mining-Project/tree/main/notebooks/result/ms_repo_callgraph_clusters/ftgo-application_java/cluster_144.java,"This Java class defines the `Order` aggregate root for a food delivery service, managing its lifecycle through various state transitions (e.g., `APPROVAL_PENDING`, `APPROVED`, `REVISION_PENDING`). It uses JPA for persistence and an event-driven approach, emitting `OrderDomainEvent`s when state changes occur, such as order creation, approval, rejection, or revision.",,False
https://github.com/HasinthakaPiyumal/AI-Pattern-Mining-Project/tree/main/notebooks/result/ms_repo_callgraph_clusters/ftgo-application_java/cluster_134.java,"This Spring `@Configuration` class defines core web-related beans for an order service, specifically configuring a primary `ObjectMapper` for consistent JSON serialization/deserialization and a `Sampler` to ensure all requests are sampled for distributed tracing.",,False
https://github.com/HasinthakaPiyumal/AI-Pattern-Mining-Project/tree/main/notebooks/result/ms_repo_callgraph_clusters/ftgo-application_java/cluster_140.java,"This Java class defines `OrderCancelRequested`, a domain event used in an order service to signal that an order cancellation has been initiated. It encapsulates the `OrderState` at the time of the request, adhering to an event-driven architecture for state changes.",,False
https://github.com/HasinthakaPiyumal/AI-Pattern-Mining-Project/tree/main/notebooks/result/ms_repo_callgraph_clusters/ftgo-application_java/cluster_79.java,"This Java class, `ApiGatewayRequest`, serves as a data model for an incoming request from AWS API Gateway, encapsulating all its components like headers, query/path parameters, HTTP method, and body. It provides standard getters/setters for these properties and includes a utility method for safely retrieving specific path parameters.",,False
https://github.com/HasinthakaPiyumal/AI-Pattern-Mining-Project/tree/main/notebooks/result/ms_repo_callgraph_clusters/ftgo-application_java/cluster_70.java,"This Java class functions as a Plain Old Java Object (POJO) designed to model and encapsulate the complete payload of an incoming request from AWS API Gateway, typically for Lambda proxy integrations. It provides structured access to various HTTP request details such as path, method, headers, query/path parameters, and body, including a utility method for safely retrieving path parameters.",,False
https://github.com/HasinthakaPiyumal/AI-Pattern-Mining-Project/tree/main/notebooks/result/ms_repo_callgraph_clusters/ftgo-application_java/cluster_125.java,"This code defines a gRPC client and server for an `OrderService`, enabling remote order creation and management. It also implements a distributed saga (`ReviseOrderSaga`) using Eventuate Tram to orchestrate complex order revision workflows across multiple microservices with transactional consistency and compensation.",,False
https://github.com/HasinthakaPiyumal/AI-Pattern-Mining-Project/tree/main/notebooks/result/ms_repo_callgraph_clusters/ftgo-application_java/cluster_161.java,"This `CancelCommand` class is a simple data transfer object within the `kitchenservice` domain, designed to encapsulate the necessary `orderId` and a `force` flag for initiating a cancellation operation. It serves as a command object, holding the parameters required to perform a specific action.",,False
https://github.com/HasinthakaPiyumal/AI-Pattern-Mining-Project/tree/main/notebooks/result/ms_repo_callgraph_clusters/ftgo-application_java/cluster_93.java,"This `Identity` class is a Plain Old Java Object (POJO) designed to encapsulate various AWS-specific identity and request context attributes, including Cognito details, account IDs, and caller information, using standard getter and setter methods. It serves as a data structure to hold parsed identity information, likely from an AWS Lambda or API Gateway event.",,False
https://github.com/HasinthakaPiyumal/AI-Pattern-Mining-Project/tree/main/notebooks/result/ms_repo_callgraph_clusters/ftgo-application_java/cluster_104.java,"This abstract class provides a base for AWS Lambda HTTP request handlers, implementing a strategy to optimize cold starts by lazily initializing and reusing a static Spring ApplicationContext across invocations. It then uses this shared context to autowire the handler instance itself before processing incoming API Gateway proxy requests.",,False
https://github.com/HasinthakaPiyumal/AI-Pattern-Mining-Project/tree/main/notebooks/result/ms_repo_callgraph_clusters/ftgo-application_java/cluster_82.java,"This code defines a `DeliveryService` responsible for managing the lifecycle of food deliveries, including creation, scheduling, and cancellation, along with courier availability. It utilizes `Action` domain objects to represent specific delivery steps (pickup, dropoff) assigned to couriers, and provides methods to retrieve detailed delivery status and associated courier actions.",,False
https://github.com/HasinthakaPiyumal/AI-Pattern-Mining-Project/tree/main/notebooks/result/ms_repo_callgraph_clusters/ftgo-application_java/cluster_149.java,"This Java class provides unique, timestamp-suffixed identifiers for command/event dispatchers and service-specific messaging channels (consumer, restaurant, account). It is designed to supply isolated channel names, likely for integration testing or dynamic configuration within a microservices architecture employing the Transactional Outbox Pattern (Tram).",,False
https://github.com/HasinthakaPiyumal/AI-Pattern-Mining-Project/tree/main/notebooks/result/ms_repo_callgraph_clusters/ftgo-application_java/cluster_131.java,"This `CancelOrderSagaData` class serves as a data transfer object (DTO) specifically designed to hold the state and context for a ""cancel order"" saga within an order service. It encapsulates essential details such as order, consumer, and restaurant IDs, along with the order total and a reverse request ID, to manage the multi-step cancellation process.",,False
https://github.com/HasinthakaPiyumal/AI-Pattern-Mining-Project/tree/main/notebooks/result/ms_repo_callgraph_clusters/ftgo-application_java/cluster_6.java,"This code defines a comprehensive set of data transfer objects (DTOs), domain entities, events, and commands for a microservices-based ""food to go"" application, encompassing core entities like orders, menu items, and financial transactions across various service domains. A prominent pattern is the consistent use of Apache Commons Lang's reflection-based builders for `equals`, `hashCode`, and `toString` methods, simplifying boilerplate code for these data-centric classes.",,False
https://github.com/HasinthakaPiyumal/AI-Pattern-Mining-Project/tree/main/notebooks/result/ms_repo_callgraph_clusters/ftgo-application_java/cluster_39.java,"This code defines Spring `@ConfigurationProperties` classes, `ConsumerDestinations` and `OrderDestinations`, to externalize and inject specific backend service URLs (consumer, order, and order history services) into the API Gateway application. It provides a type-safe way to configure these critical service endpoints, ensuring they are not null.",,False
https://github.com/HasinthakaPiyumal/AI-Pattern-Mining-Project/tree/main/notebooks/result/ms_repo_callgraph_clusters/ftgo-application_java/cluster_123.java,"This Java class, `DeliveryStatus`, functions as a Data Transfer Object (DTO) within the `ftgo` delivery service, specifically encapsulating the current state of a delivery, including its details, the assigned courier, and a list of actions performed by the courier. It follows a standard POJO pattern for data encapsulation and transfer.",,False
https://github.com/HasinthakaPiyumal/AI-Pattern-Mining-Project/tree/main/notebooks/result/ms_repo_callgraph_clusters/ftgo-application_java/cluster_90.java,"This `Identity` class functions as a Plain Old Java Object (POJO) within the `ftgo-restaurantservice` to encapsulate various identity and request context attributes, such as Cognito IDs, account details, and API keys, typically derived from AWS services like API Gateway. It primarily serves as a data structure with standard getters and setters for these fields.",,False
https://github.com/HasinthakaPiyumal/AI-Pattern-Mining-Project/tree/main/notebooks/result/ms_repo_callgraph_clusters/ftgo-application_java/cluster_148.java,"This Spring `@Configuration` class defines and wires the `OrderService` and its dependencies, primarily orchestrating distributed transactions for order creation, cancellation, and revision using the Eventuate Tram Sagas framework. It sets up specific sagas that coordinate interactions with various microservices like Consumer, Kitchen, and Accounting services, alongside event publishing and metrics.",,False
https://github.com/HasinthakaPiyumal/AI-Pattern-Mining-Project/tree/main/notebooks/result/ms_repo_callgraph_clusters/ftgo-application_java/cluster_65.java,"This code defines utility classes, `ApiGatewayRequest` and `ApiGatewayResponse`, to model and facilitate interaction with AWS API Gateway proxy events within a Java Lambda function. `ApiGatewayRequest` represents incoming request data, while `ApiGatewayResponse` uses a Builder pattern to construct structured API Gateway responses, handling various body types (including JSON serialization for objects and Base64 encoding for binary data).",,False
https://github.com/HasinthakaPiyumal/AI-Pattern-Mining-Project/tree/main/notebooks/result/ms_repo_callgraph_clusters/ftgo-application_java/cluster_12.java,"This extensive codebase implements a microservices-based ""Food To Go"" application, providing REST APIs and domain logic for managing orders, restaurants, consumers, accounting, and deliveries. It prominently features Spring, Eventuate Tram for saga-orchestrated, event-driven inter-service communication, and a CQRS pattern for order history, all supported by comprehensive unit and component tests.",,False
https://github.com/HasinthakaPiyumal/AI-Pattern-Mining-Project/tree/main/notebooks/result/ms_repo_callgraph_clusters/ftgo-application_java/cluster_128.java,"This code defines `ReviseOrderSagaData`, a Plain Old Java Object (POJO) that encapsulates all the necessary state and parameters for orchestrating a ""revise order"" saga within an order service. It holds details like the order ID, consumer ID, order revision, expected version for concurrency control, and the revised order total, facilitating the multi-step process of modifying an existing order.",,False
https://github.com/HasinthakaPiyumal/AI-Pattern-Mining-Project/tree/main/notebooks/result/ms_repo_callgraph_clusters/ftgo-application_java/cluster_156.java,"This abstract component test verifies the `OrderService`'s end-to-end order creation flow, simulating interactions with other microservices (consumer, kitchen, accounting) through stubbed Eventuate Tram commands and events within a saga pattern. It uses RestAssured to make HTTP requests to the order service and asserts the successful processing and command dispatch.",,False
https://github.com/HasinthakaPiyumal/AI-Pattern-Mining-Project/tree/main/notebooks/result/ms_repo_callgraph_clusters/ftgo-application_java/cluster_1.java,"This `ValidatingJSONMapper` is a test utility designed to validate JSON data against a loaded JSON schema, including resolving relative schema references. It wraps an existing JSON mapper to automatically perform validation during both serialization and deserialization, failing JUnit tests if the JSON does not conform to the schema.",,False
https://github.com/HasinthakaPiyumal/AI-Pattern-Mining-Project/tree/main/notebooks/result/ms_repo_callgraph_clusters/ftgo-application_java/cluster_72.java,"This Java class functions as a Data Transfer Object (DTO) specifically designed to represent the incoming request payload from an AWS API Gateway Lambda proxy integration. It encapsulates all standard HTTP request components, including path, method, headers, query/path parameters, body, and request context, providing getters/setters and a utility method for safe path parameter access.",,False
https://github.com/HasinthakaPiyumal/AI-Pattern-Mining-Project/tree/main/notebooks/result/ms_repo_callgraph_clusters/ftgo-application_java/cluster_34.java,"This code defines the domain layer for a Spring Boot restaurant service, managing `Restaurant` entities through Spring Data JPA. It notably implements an event-driven approach by publishing `RestaurantCreated` domain events using `io.eventuate.tram` after persisting new restaurants, facilitating eventual consistency or inter-service communication.",,False
https://github.com/HasinthakaPiyumal/AI-Pattern-Mining-Project/tree/main/notebooks/result/ms_repo_callgraph_clusters/ftgo-application_java/cluster_59.java,"This Java POJO defines a data structure to encapsulate various attributes of an incoming request, specifically designed to hold context information from an AWS environment like API Gateway or Lambda. It stores details such as the account ID, resource path, HTTP method, API ID, and request ID.",,False
https://github.com/HasinthakaPiyumal/AI-Pattern-Mining-Project/tree/main/notebooks/result/ms_repo_callgraph_clusters/ftgo-application_java/cluster_143.java,"This Java class defines `OrderLineItemChangeQueued`, a `DomainEvent` used in an event-driven architecture to signal that a change to an order's line item (identified by `lineItemId` and `newQuantity`) has been queued for processing. It serves as a data carrier for this specific event within the `ftgo-order-service` domain.",,False
https://github.com/HasinthakaPiyumal/AI-Pattern-Mining-Project/tree/main/notebooks/result/ms_repo_callgraph_clusters/ftgo-application_java/cluster_130.java,"This `CancelOrderSagaData` class is a Plain Old Java Object (POJO) designed to store the essential data and state for managing an order cancellation saga. It encapsulates key details such as the order ID, consumer ID, restaurant ID, and order total, facilitating the coordination of distributed transactions within the saga pattern.",,False
https://github.com/HasinthakaPiyumal/AI-Pattern-Mining-Project/tree/main/notebooks/result/ms_repo_callgraph_clusters/ftgo-application_java/cluster_145.java,"This `OrderRevision` class models a proposed or actual update to an order, encapsulating optional delivery information and a list of revised order line items, leveraging `Optional` to handle potentially absent delivery details. It primarily serves as a data structure for communicating order modifications.",,False
https://github.com/HasinthakaPiyumal/AI-Pattern-Mining-Project/tree/main/notebooks/result/ms_repo_callgraph_clusters/ftgo-application_java/cluster_84.java,"This `Identity` class is a Plain Old Java Object (POJO) designed to encapsulate various identity attributes, primarily focusing on AWS Cognito details (e.g., `cognitoIdentityPoolId`, `cognitoIdentityId`) and general request context information like `sourceIp` and `userArn`. It serves as a data structure for holding these values, implementing the standard JavaBean pattern with private fields and public getters/setters.",,False
https://github.com/HasinthakaPiyumal/AI-Pattern-Mining-Project/tree/main/notebooks/result/ms_repo_callgraph_clusters/ftgo-application_java/cluster_122.java,"This `DeliveryStatus` class is a Data Transfer Object (DTO) designed to encapsulate the current state of a delivery within a delivery service API. It holds comprehensive information including core delivery details, the ID of the assigned courier, and a list of actions performed by that courier, following the standard Java bean pattern.",,False
https://github.com/HasinthakaPiyumal/AI-Pattern-Mining-Project/tree/main/notebooks/result/ms_repo_callgraph_clusters/ftgo-application_java/cluster_95.java,"This `Identity` class is a Plain Old Java Object (POJO) designed to encapsulate various identity and authentication details, specifically those originating from AWS Cognito and API Gateway contexts. It primarily serves as a data structure with standard getters and setters for fields like Cognito IDs, account ID, and API key.",,False
https://github.com/HasinthakaPiyumal/AI-Pattern-Mining-Project/tree/main/notebooks/result/ms_repo_callgraph_clusters/ftgo-application_java/cluster_60.java,"This code defines Plain Old Java Objects (`RequestContext` and `ApiGatewayRequest`) to precisely model the structured data of an incoming AWS API Gateway request. It encapsulates all request details, including headers, parameters, body, and contextual information, facilitating their deserialization and use within an AWS Lambda function.",,False
https://github.com/HasinthakaPiyumal/AI-Pattern-Mining-Project/tree/main/notebooks/result/ms_repo_callgraph_clusters/ftgo-application_java/cluster_42.java,"This `OrderDetails` class serves as a data container for `OrderInfo`, designed to also incorporate optional `TicketInfo`, `DeliveryInfo`, and `BillInfo` (though these are not currently stored as fields, as noted by a `FIXME`). It leverages Apache Commons Lang for reflective `equals`, `hashCode`, and `toString` implementations.",,False
https://github.com/HasinthakaPiyumal/AI-Pattern-Mining-Project/tree/main/notebooks/result/ms_repo_callgraph_clusters/ftgo-application_java/cluster_61.java,"This code defines two Java POJO classes, `RequestContext` and `ApiGatewayRequest`, which serve as data models for deserializing incoming requests from AWS API Gateway. `ApiGatewayRequest` encapsulates comprehensive request details like headers, parameters, body, and a nested `RequestContext` for metadata, also providing a utility method for safe path parameter access.",,False
https://github.com/HasinthakaPiyumal/AI-Pattern-Mining-Project/tree/main/notebooks/result/ms_repo_callgraph_clusters/ftgo-application_java/cluster_24.java,"This Java class defines a `CreateTicket` command, used in a distributed microservice architecture to instruct the ""restaurantService"" to create a new ticket. It encapsulates the `orderId`, `ticketDetails`, and `restaurantId` necessary for this command, leveraging Eventuate Tram for inter-service communication.",,False
https://github.com/HasinthakaPiyumal/AI-Pattern-Mining-Project/tree/main/notebooks/result/ms_repo_callgraph_clusters/ftgo-application_java/cluster_23.java,"This Java class defines `ChangeTicketLineItemQuantity`, an Eventuate Tram command for the `ftgo-kitchen-service-api`. It represents a message to instruct the kitchen service to modify a ticket's line item quantity for a given `orderId` using a distributed command pattern.",,False
https://github.com/HasinthakaPiyumal/AI-Pattern-Mining-Project/tree/main/notebooks/result/ms_repo_callgraph_clusters/ftgo-application_java/cluster_54.java,"This code defines two Plain Old Java Objects (POJOs) for an AWS-integrated restaurant service: `RequestContext` encapsulates details of an incoming AWS API Gateway or Lambda request, while `AwsLambdaError` provides a standardized structure for error responses from an AWS Lambda function.",,False
https://github.com/HasinthakaPiyumal/AI-Pattern-Mining-Project/tree/main/notebooks/result/ms_repo_callgraph_clusters/ftgo-application_java/cluster_20.java,"This code defines a collection of commands and data transfer objects (DTOs) for a microservices-based food delivery application. It primarily utilizes the Eventuate Tram framework to orchestrate distributed sagas for complex order management operations, including creation, revision, cancellation, and payment authorization across various services.",,False
https://github.com/HasinthakaPiyumal/AI-Pattern-Mining-Project/tree/main/notebooks/result/ms_repo_callgraph_clusters/ftgo-application_java/cluster_110.java,"This Spring `@Configuration` class defines the core components for an accounting service, specifically setting up an Event Sourcing-based `AggregateRepository` for `Account` entities using Eventuate's aggregate store. It also registers the `AccountingService` bean and integrates with Eventuate Tram for command production, indicating its role in a microservice architecture.",,False
https://github.com/HasinthakaPiyumal/AI-Pattern-Mining-Project/tree/main/notebooks/result/ms_repo_callgraph_clusters/ftgo-application_java/cluster_108.java,"This Java class defines a `PersonName` value object, encapsulating a person's first and last name. It provides a constructor for initialization and standard getters for accessing these components, likely serving as a common data structure within the `ftgo` application.",,False
https://github.com/HasinthakaPiyumal/AI-Pattern-Mining-Project/tree/main/notebooks/result/ms_repo_callgraph_clusters/ftgo-application_java/cluster_83.java,"This Java class defines a Plain Old Java Object (POJO) named `AwsLambdaError` to encapsulate and represent error responses originating from AWS Lambda functions. It stores common error attributes like type, code, request ID, and a descriptive message for structured error handling within the `ftgo-restaurantservice`.",,False
https://github.com/HasinthakaPiyumal/AI-Pattern-Mining-Project/tree/main/notebooks/result/ms_repo_callgraph_clusters/ftgo-application_java/cluster_98.java,"This `Identity` class is a Plain Old Java Object (POJO) designed to encapsulate and transfer comprehensive AWS-related identity and authentication information, such as Cognito IDs, account details, and API caller attributes, within the `ftgo` restaurant service. It serves purely as a data structure, providing standard getters and setters for these properties.",,False
https://github.com/HasinthakaPiyumal/AI-Pattern-Mining-Project/tree/main/notebooks/result/ms_repo_callgraph_clusters/ftgo-application_java/cluster_16.java,"This Java class defines `OrderCreatedEvent`, a data transfer object (DTO) representing the creation of a new order within a microservice architecture. It encapsulates core order information like details, delivery address, and restaurant name, utilizing Apache Commons Lang for robust `equals`, `hashCode`, and `toString` implementations.",,False
https://github.com/HasinthakaPiyumal/AI-Pattern-Mining-Project/tree/main/notebooks/result/ms_repo_callgraph_clusters/ftgo-application_java/cluster_50.java,"This Java class, `RequestContext`, functions as a data transfer object (DTO) to encapsulate various metadata attributes of an incoming request. It specifically models the context provided by AWS API Gateway or Lambda, including details like `accountId`, `resourceId`, `stage`, `requestId`, and `httpMethod`, for use within the `ftgo.restaurantservice` application.",,False
https://github.com/HasinthakaPiyumal/AI-Pattern-Mining-Project/tree/main/notebooks/result/ms_repo_callgraph_clusters/ftgo-application_java/cluster_64.java,"This Java class provides a builder-pattern utility for constructing `APIGatewayProxyResponseEvent` objects, simplifying the creation of AWS Lambda responses for API Gateway. It intelligently handles various body types, including JSON serialization for objects and Base64 encoding for binary data, while setting standard HTTP properties.",,False
https://github.com/HasinthakaPiyumal/AI-Pattern-Mining-Project/tree/main/notebooks/result/ms_repo_callgraph_clusters/ftgo-application_java/cluster_124.java,"This Java file defines Cucumber step definitions for component testing the `OrderService` within a microservice architecture. It uses Eventuate Tram Sagas' testing utilities to stub interactions with dependent services (consumer, kitchen, accounting) and verifies the `OrderService`'s HTTP API calls, state transitions, and published domain events during the order creation saga.",,False
https://github.com/HasinthakaPiyumal/AI-Pattern-Mining-Project/tree/main/notebooks/result/ms_repo_callgraph_clusters/ftgo-application_java/cluster_133.java,"This Spring `GenericFilterBean` intercepts HTTP responses to inject the current Zipkin trace ID into a `ZIPKIN-TRACE-ID` header. It leverages `brave.Tracer` to retrieve the trace context, enhancing distributed tracing visibility for client applications.",,False
https://github.com/HasinthakaPiyumal/AI-Pattern-Mining-Project/tree/main/notebooks/result/ms_repo_callgraph_clusters/ftgo-application_java/cluster_160.java,"This Spring `@Configuration` class sets up the domain layer for a Kitchen Service, enabling JPA repositories, transaction management, and component scanning. It defines `KitchenService` and a `TicketDomainEventPublisher` bean, integrating with an event-driven architecture via `DomainEventPublisher` and Tram events.",,False
https://github.com/HasinthakaPiyumal/AI-Pattern-Mining-Project/tree/main/notebooks/result/ms_repo_callgraph_clusters/ftgo-application_java/cluster_52.java,"This Java class serves as a Plain Old Java Object (POJO) to encapsulate detailed request context information, likely mirroring the structure provided by AWS API Gateway or Lambda events. It stores attributes such as account ID, resource path, HTTP method, API ID, and request ID for an incoming request within the `ftgo-restaurantservice` application.",,False
https://github.com/HasinthakaPiyumal/AI-Pattern-Mining-Project/tree/main/notebooks/result/ms_repo_callgraph_clusters/ftgo-application_java/cluster_78.java,"This Java class defines a Plain Old Java Object (POJO) that models the complete structure of an incoming request from AWS API Gateway. It encapsulates all relevant request details, including HTTP method, path, headers, query/path/stage parameters, body, and request context, providing standard getters/setters and a utility for safe path parameter access.",,False
https://github.com/HasinthakaPiyumal/AI-Pattern-Mining-Project/tree/main/notebooks/result/ms_repo_callgraph_clusters/ftgo-application_java/cluster_137.java,"This `Result` class encapsulates the outcome of an operation, holding a list of `DomainEvent`s and a boolean `allowed` status. It utilizes a static `Builder` pattern for construction, which allows adding events and explicitly setting the `allowed` status to `false` before building the final `Result` object.",,False
https://github.com/HasinthakaPiyumal/AI-Pattern-Mining-Project/tree/main/notebooks/result/ms_repo_callgraph_clusters/ftgo-application_java/cluster_40.java,"This Spring `@ConfigurationProperties` class externalizes the configuration for consumer service destinations, specifically binding the `consumerServiceUrl` property from `consumer.destinations` in application configuration files. It serves as a simple data holder for a critical service URL, ensuring it's not null.",,False
https://github.com/HasinthakaPiyumal/AI-Pattern-Mining-Project/tree/main/notebooks/result/ms_repo_callgraph_clusters/ftgo-application_java/cluster_48.java,"This code defines several Java Plain Old Java Objects (POJOs) that serve as Data Transfer Objects (DTOs) for an application interacting with AWS services. Specifically, `RequestContext` and `Identity` encapsulate detailed information about incoming AWS API Gateway/Lambda requests and user identity (likely from Cognito), while `GetAccountResponse` is a simple DTO for an accounting service's response.",,False
https://github.com/HasinthakaPiyumal/AI-Pattern-Mining-Project/tree/main/notebooks/result/ms_repo_callgraph_clusters/ftgo-application_java/cluster_141.java,"This code defines domain events and data structures for managing order revisions and total changes within an order service. It includes `OrderRevisionProposed` and `OrderRevised` events, both carrying revision details and updated order totals, alongside a `LineItemQuantityChange` data class for tracking monetary deltas.",,False
https://github.com/HasinthakaPiyumal/AI-Pattern-Mining-Project/tree/main/notebooks/result/ms_repo_callgraph_clusters/ftgo-application_java/cluster_74.java,"This Java class defines a data model for requests originating from AWS API Gateway, encapsulating all standard components like headers, query/path parameters, and the request body. It serves as a structured input object for AWS Lambda functions integrated with API Gateway.",,False
https://github.com/HasinthakaPiyumal/AI-Pattern-Mining-Project/tree/main/notebooks/result/ms_repo_callgraph_clusters/ftgo-application_java/cluster_55.java,"This Java class, `RequestContext`, functions as a data transfer object (DTO) specifically designed to encapsulate various attributes of an AWS API Gateway request context, including account ID, resource path, HTTP method, and request ID. It provides standard getters and setters for accessing and modifying these request-specific details.",,False
https://github.com/HasinthakaPiyumal/AI-Pattern-Mining-Project/tree/main/notebooks/result/ms_repo_callgraph_clusters/ftgo-application_java/cluster_99.java,"This Java class, `Identity`, functions as a data transfer object (DTO) to encapsulate various identity-related attributes, primarily focusing on AWS Cognito details and general request information such as `accountId`, `sourceIp`, and `userArn`. It utilizes the standard JavaBean pattern with private fields and public getters/setters to store this contextual identity data, likely extracted from an AWS request.",,False
https://github.com/HasinthakaPiyumal/AI-Pattern-Mining-Project/tree/main/notebooks/result/ms_repo_callgraph_clusters/ftgo-application_java/cluster_162.java,"This Spring `@Configuration` class defines a `EventuateSwaggerConfig` bean, specifically configuring Swagger documentation for an Eventuate-based application. It provides the base package ""net.chrisrichardson.ftgo"" to guide Swagger in scanning for API endpoints.",,False
https://github.com/HasinthakaPiyumal/AI-Pattern-Mining-Project/tree/main/notebooks/result/ms_repo_callgraph_clusters/ftgo-application_java/cluster_102.java,"This `Identity` class functions as a Plain Old Java Object (POJO) within the `ftgo-restaurantservice` to encapsulate various AWS-specific (e.g., Cognito) and general request identity attributes. It provides standard getters and setters for accessing these encapsulated string values, serving primarily as a data transfer object.",,False
https://github.com/HasinthakaPiyumal/AI-Pattern-Mining-Project/tree/main/notebooks/result/ms_repo_callgraph_clusters/ftgo-application_java/cluster_63.java,"This Java class, `RequestContext`, functions as a data transfer object (DTO) specifically designed to encapsulate various attributes of an AWS API Gateway request, such as the account ID, resource path, HTTP method, and request ID. It provides standard getters and setters for accessing this contextual information, likely for use within an AWS Lambda function or similar serverless environment.",,False
https://github.com/HasinthakaPiyumal/AI-Pattern-Mining-Project/tree/main/notebooks/result/ms_repo_callgraph_clusters/ftgo-application_java/cluster_117.java,"This `GetOrdersResponse` class is a Data Transfer Object (DTO) used in a CQRS order history web service to encapsulate a list of individual order responses and a `startKey`, likely for pagination or cursor-based result retrieval. It provides standard getters, setters, and constructors for managing this response data.",,False
https://github.com/HasinthakaPiyumal/AI-Pattern-Mining-Project/tree/main/notebooks/result/ms_repo_callgraph_clusters/ftgo-application_java/cluster_115.java,"This collection of Spring Boot integration tests validates the message-driven interactions and core functionalities of several microservices (Accounting, Order, Kitchen, Consumer) within the `ftgo` application. The tests extensively utilize the Eventuate Tram framework to simulate event publishing, send commands between services, and assert command replies, often demonstrating distributed saga patterns in a controlled test environment.",,False
https://github.com/HasinthakaPiyumal/AI-Pattern-Mining-Project/tree/main/notebooks/result/ms_repo_callgraph_clusters/ftgo-application_java/cluster_146.java,"This Java class is an immutable value object, `LineItemQuantityChange`, designed to encapsulate the financial impact of altering a line item's quantity within an order. It specifically stores the order's total before the change, the new total after the change, and the monetary difference (delta).",,False
https://github.com/HasinthakaPiyumal/AI-Pattern-Mining-Project/tree/main/notebooks/result/ms_repo_callgraph_clusters/ftgo-application_java/cluster_67.java,"This collection of code implements core functionalities for a restaurant and order management system. It provides a Spring REST API and AWS Lambda handlers for restaurant CRUD operations, and defines distributed sagas using Eventuate Tram for complex order lifecycle management, including creation, revision, and cancellation across various microservices.",,False
https://github.com/HasinthakaPiyumal/AI-Pattern-Mining-Project/tree/main/notebooks/result/ms_repo_callgraph_clusters/ftgo-application_java/cluster_4.java,"This code defines data transfer objects, domain entities, and commands for a microservices application spanning Order, Kitchen, Restaurant, Delivery, Consumer, and API Gateway services. It heavily utilizes Apache Commons Lang for boilerplate `equals`, `hashCode`, and `toString` implementations, and includes comprehensive end-to-end tests demonstrating inter-service communication within an event-driven architecture.",,False
https://github.com/HasinthakaPiyumal/AI-Pattern-Mining-Project/tree/main/notebooks/result/ms_repo_callgraph_clusters/ftgo-application_java/cluster_77.java,"This Java class, `ApiGatewayRequest`, functions as a Plain Old Java Object (POJO) to model the complete structure of an incoming request from AWS API Gateway. It encapsulates all request details such as HTTP method, path, headers, query/path parameters, body, and request context, providing standard getters/setters and a utility method for safe path parameter retrieval.",,False
https://github.com/HasinthakaPiyumal/AI-Pattern-Mining-Project/tree/main/notebooks/result/ms_repo_callgraph_clusters/ftgo-application_java/cluster_138.java,"This `Result` class encapsulates the outcome of a domain operation, storing a list of generated `DomainEvent`s and a boolean flag indicating if the operation was `allowed`. It utilizes a static nested `Builder` pattern for fluent construction, enabling the accumulation of events and explicit setting of the `allowed` status.",,False
https://github.com/HasinthakaPiyumal/AI-Pattern-Mining-Project/tree/main/notebooks/result/ms_repo_callgraph_clusters/ftgo-application_java/cluster_17.java,"This file defines two distinct data structures: `OrderCreatedEvent`, a domain event encapsulating details when an order is created, and `GetOrderResponse`, a Data Transfer Object (DTO) for conveying specific order history information, such as status and restaurant name, typically for a web API. Both classes are simple POJOs with constructors, getters, and setters, with `OrderCreatedEvent` also providing reflection-based `equals`, `hashCode`, and `toString` implementations.",,False
https://github.com/HasinthakaPiyumal/AI-Pattern-Mining-Project/tree/main/notebooks/result/ms_repo_callgraph_clusters/ftgo-application_java/cluster_66.java,"This Java class provides a builder-pattern utility for constructing `APIGatewayProxyResponseEvent` objects, simplifying the creation of AWS Lambda responses for API Gateway. It flexibly handles various body types (raw string, JSON object, or Base64-encoded binary data) and includes helper methods for common error responses and JSON headers.",,False
https://github.com/HasinthakaPiyumal/AI-Pattern-Mining-Project/tree/main/notebooks/result/ms_repo_callgraph_clusters/ftgo-application_java/cluster_105.java,"This Spring `@Configuration` class defines and registers a `CommonJsonMapperInitializer` as a Spring bean. Its primary function is to ensure that a shared JSON mapper initializer, likely responsible for consistent JSON serialization/deserialization configurations across common modules, is available within the application context.",,False
https://github.com/HasinthakaPiyumal/AI-Pattern-Mining-Project/tree/main/notebooks/result/ms_repo_callgraph_clusters/ftgo-application_java/cluster_136.java,"This abstract `OrderCommand` class serves as a base for commands exchanged between Saga participants in the `ftgo-order-service`, providing a common `orderId` field for all order-related commands within the Eventuate Tram framework.",,False
https://github.com/HasinthakaPiyumal/AI-Pattern-Mining-Project/tree/main/notebooks/result/ms_repo_callgraph_clusters/ftgo-application_java/cluster_14.java,"This code defines JPA `@Embeddable` value objects for `OrderLineItem` and `MenuItem`, representing components of an order and restaurant menu, respectively, used across different microservices. It also includes a test class demonstrating custom JSON serialization and deserialization for the `Money` value object, ensuring it's handled as a simple string.",,False
https://github.com/HasinthakaPiyumal/AI-Pattern-Mining-Project/tree/main/notebooks/result/ms_repo_callgraph_clusters/ftgo-application_java/cluster_94.java,"This `Identity` class is a data transfer object (DTO) designed to store comprehensive AWS Cognito and general request identity details, such as `cognitoIdentityPoolId`, `userArn`, and `sourceIp`. It utilizes the standard JavaBean pattern with private fields and public accessors to encapsulate this information.",,False
https://github.com/HasinthakaPiyumal/AI-Pattern-Mining-Project/tree/main/notebooks/result/ms_repo_callgraph_clusters/ftgo-application_java/cluster_32.java,"This code defines two data transfer objects (DTOs) for a restaurant service: `CreateRestaurantRequest` for initiating restaurant creation, and `RestaurantCreated` as a domain event signaling a restaurant has been successfully created. Both classes encapsulate a restaurant's name, address, and menu, with `RestaurantCreated` notably enforcing non-null constraints for its address and menu upon instantiation.",,False
https://github.com/HasinthakaPiyumal/AI-Pattern-Mining-Project/tree/main/notebooks/result/ms_repo_callgraph_clusters/ftgo-application_java/cluster_41.java,"This `OrderDetails` class serves as a data container, aggregating comprehensive information about an order by combining core `OrderInfo` with optional `TicketInfo`, `DeliveryInfo`, and `BillInfo`. It utilizes Apache Commons Lang for `equals`, `hashCode`, and `toString` implementations, and provides a static factory method to construct instances from a `Tuple4` of aggregated data.",,False
https://github.com/HasinthakaPiyumal/AI-Pattern-Mining-Project/tree/main/notebooks/result/ms_repo_callgraph_clusters/ftgo-application_java/cluster_18.java,"This code defines a microservices-based food delivery application, employing an event-driven architecture with Eventuate Tram and sagas to manage distributed transactions across services for order processing, kitchen operations, and delivery scheduling, while also maintaining a CQRS-based order history.",,False
https://github.com/HasinthakaPiyumal/AI-Pattern-Mining-Project/tree/main/notebooks/result/ms_repo_callgraph_clusters/ftgo-application_java/cluster_119.java,"This Java class, `CourierAvailability`, functions as a simple data transfer object within a delivery service API. It encapsulates a single boolean value representing a courier's availability status, providing standard constructors, a getter, and a setter for this property.",,False
https://github.com/HasinthakaPiyumal/AI-Pattern-Mining-Project/tree/main/notebooks/result/ms_repo_callgraph_clusters/ftgo-application_java/cluster_3.java,"This code defines a microservices architecture for a food delivery application, encompassing services for order, restaurant, kitchen, delivery, accounting, and consumer management. It heavily leverages an event-driven approach with Eventuate Tram for event sourcing, distributed sagas to orchestrate complex workflows, and CQRS for querying order history.",,False
https://github.com/HasinthakaPiyumal/AI-Pattern-Mining-Project/tree/main/notebooks/result/ms_repo_callgraph_clusters/ftgo-application_java/cluster_8.java,"This collection of Java classes defines data transfer objects (DTOs) and commands for a microservices application, primarily focused on order processing and financial authorization. It leverages the `io.eventuate.tram.commands.common.Command` interface to facilitate inter-service communication for operations like authorizing, revising, and reversing order payments, typically including consumer ID, order ID, and order total.",,False
https://github.com/HasinthakaPiyumal/AI-Pattern-Mining-Project/tree/main/notebooks/result/ms_repo_callgraph_clusters/ftgo-application_java/cluster_76.java,"This Java class defines a Plain Old Java Object (POJO) that models the structure of an incoming request payload from AWS API Gateway, specifically for proxy integration. It encapsulates all relevant request details like HTTP method, headers, query/path parameters, and body, providing standard getters/setters and a utility method for safe path parameter retrieval.",,False
https://github.com/HasinthakaPiyumal/AI-Pattern-Mining-Project/tree/main/notebooks/result/ms_repo_callgraph_clusters/ftgo-application_java/cluster_147.java,"This Spring configuration class defines the `OrderService` and its dependencies, primarily orchestrating complex business processes like order creation, cancellation, and revision using the Saga pattern. It configures specific Saga implementations (`CreateOrderSaga`, `CancelOrderSaga`, `ReviseOrderSaga`) that interact with various microservice proxies for distributed transaction management via `io.eventuate.tram`.",,False
https://github.com/HasinthakaPiyumal/AI-Pattern-Mining-Project/tree/main/notebooks/result/ms_repo_callgraph_clusters/ftgo-application_java/cluster_75.java,"This Java class, `ApiGatewayRequest`, serves as a Plain Old Java Object (POJO) to model and deserialize incoming requests from AWS API Gateway, encapsulating all request details like HTTP method, headers, query/path parameters, and body. It provides standard getters/setters and a utility method for safely retrieving path parameters using `Optional`.",,False
https://github.com/HasinthakaPiyumal/AI-Pattern-Mining-Project/tree/main/notebooks/result/ms_repo_callgraph_clusters/ftgo-application_java/cluster_5.java,"This code defines the data model, events, and commands for a distributed food delivery application, primarily focusing on order management, consumer validation, and kitchen/restaurant interactions. It extensively uses Apache Commons Lang for boilerplate `equals`/`hashCode`/`toString` methods and implements a Saga pattern (e.g., `CreateOrderSagaState`) to orchestrate complex, multi-service order creation workflows.",,False
https://github.com/HasinthakaPiyumal/AI-Pattern-Mining-Project/tree/main/notebooks/result/ms_repo_callgraph_clusters/ftgo-application_java/cluster_43.java,"This Spring `@ConfigurationProperties` class externalizes and manages the URLs for the `orderService` and `orderHistoryService`, binding them from configuration properties prefixed with ""order.destinations"". It provides a centralized and type-safe way for an API Gateway to access these microservice endpoints.",,False
https://github.com/HasinthakaPiyumal/AI-Pattern-Mining-Project/tree/main/notebooks/result/ms_repo_callgraph_clusters/ftgo-application_java/cluster_71.java,"This Java class, `ApiGatewayRequest`, functions as a data transfer object (DTO) specifically designed to model and encapsulate the entire structure of an incoming request from AWS API Gateway. It provides standard getters/setters for accessing request details like HTTP method, paths, headers, and body, along with a utility method for safely retrieving path parameters.",,False
https://github.com/HasinthakaPiyumal/AI-Pattern-Mining-Project/tree/main/notebooks/result/ms_repo_callgraph_clusters/ftgo-application_java/cluster_0.java,"This code defines core domain objects like `Money` for precise financial calculations and `OrderLineItem` for order details, alongside a `ValidatingJSONMapper` that enforces JSON schema validation during serialization and deserialization. Extensive JUnit tests ensure the correctness of these components, particularly focusing on `Money` operations and JSON data integrity.",,False
https://github.com/HasinthakaPiyumal/AI-Pattern-Mining-Project/tree/main/notebooks/result/ms_repo_callgraph_clusters/ftgo-application_java/cluster_51.java,"This Java class defines a Plain Old Java Object (POJO) designed to encapsulate various attributes of an AWS API Gateway request context, including account ID, resource ID, stage, request ID, and HTTP method. It serves as a data transfer object for passing request-specific metadata within an AWS-based service.",,False
https://github.com/HasinthakaPiyumal/AI-Pattern-Mining-Project/tree/main/notebooks/result/ms_repo_callgraph_clusters/ftgo-application_java/cluster_80.java,"This Java class defines a Plain Old Java Object (POJO) that models the complete structure of an incoming request from AWS API Gateway, specifically for proxy integrations. It encapsulates all request components such as HTTP method, path, headers, query/path parameters, body, and request context, providing standard getters and setters along with a utility method for safely retrieving path parameters.",,False
https://github.com/HasinthakaPiyumal/AI-Pattern-Mining-Project/tree/main/notebooks/result/ms_repo_callgraph_clusters/piggymetrics_java/cluster_11.java,"This Java enum defines various `TimePeriod` constants (e.g., YEAR, MONTH, DAY), each storing a `baseRatio` representing its duration relative to a `DAY`. It provides methods to retrieve these ratios as `BigDecimal` for precise calculations and designates `DAY` as the default base unit for statistical computations.",,False
https://github.com/HasinthakaPiyumal/AI-Pattern-Mining-Project/tree/main/notebooks/result/ms_repo_callgraph_clusters/piggymetrics_java/cluster_9.java,"This code configures a Spring Security OAuth2 authentication and authorization system, with `auth-service` acting as an Authorization Server managing in-memory clients (using `NoOpPasswordEncoder` for secrets) and authenticating users with `BCryptPasswordEncoder`. Other services function as Resource Servers, validating tokens via a custom `CustomUserInfoTokenServices` to extract detailed client and scope information for fine-grained access control.",,False
https://github.com/HasinthakaPiyumal/AI-Pattern-Mining-Project/tree/main/notebooks/result/ms_repo_callgraph_clusters/piggymetrics_java/cluster_10.java,"This Spring Boot microservice, part of the Piggymetrics application, processes and stores daily financial statistics for user accounts. It converts raw income, expense, and saving data into normalized `DataPoint` objects, handling currency exchange rates and time period conversions, and exposes these statistics via a secured REST API.",,False
https://github.com/HasinthakaPiyumal/AI-Pattern-Mining-Project/tree/main/notebooks/result/ms_repo_callgraph_clusters/piggymetrics_java/cluster_1.java,"This code comprises a comprehensive suite of unit and integration tests for the Piggymetrics microservices, including Auth, Account, Statistics, and Notification services. It extensively utilizes Spring Boot's testing framework, JUnit, Mockito, and MockMvc to validate application context loading, REST API endpoints, data persistence, and client-side resilience with Hystrix fallbacks.",,False
https://github.com/HasinthakaPiyumal/AI-Pattern-Mining-Project/tree/main/notebooks/result/ms_repo_callgraph_clusters/piggymetrics_java/cluster_20.java,"This `ItemMetric` class defines a data structure within the Piggymetrics statistics domain, representing a financial item's metric (title and amount) that has been normalized to a base currency and time period. Notably, its `equals` and `hashCode` implementations are based solely on the case-insensitive `title` field.",,False
https://github.com/HasinthakaPiyumal/AI-Pattern-Mining-Project/tree/main/notebooks/result/ms_repo_callgraph_clusters/piggymetrics_java/cluster_29.java,"This code configures Spring Boot applications as OAuth2 Resource Servers, securing their endpoints and enabling authenticated inter-service communication. It sets up client credentials for outgoing Feign requests and `OAuth2RestTemplate` calls, while the `account` service specifically uses `CustomUserInfoTokenServices` for validating incoming access tokens.",,False
https://github.com/HasinthakaPiyumal/AI-Pattern-Mining-Project/tree/main/notebooks/result/ms_repo_callgraph_clusters/piggymetrics_java/cluster_18.java,"This code file primarily contains JUnit tests for various services across the Piggymetrics microservices architecture, including authentication, statistics, account management, and notification. It extensively utilizes Mockito for mocking dependencies and verifying interactions, ensuring the robust functionality of user creation, financial data processing, account updates, and email notification delivery.",,False
https://github.com/HasinthakaPiyumal/AI-Pattern-Mining-Project/tree/main/notebooks/result/ms_repo_callgraph_clusters/piggymetrics_java/cluster_3.java,"This is a basic Spring Boot integration test for the `com.piggymetrics.gateway` application, primarily verifying that the application context loads successfully. It contains placeholder test methods (`contextLoads`, `fire`) that currently perform no specific assertions.",,False
https://github.com/HasinthakaPiyumal/AI-Pattern-Mining-Project/tree/main/notebooks/result/ms_repo_callgraph_clusters/piggymetrics_java/cluster_8.java,"This code defines several core data model classes for the Piggymetrics application, including an `ExchangeRatesContainer` for currency statistics, a `DataPointId` for time-series data identification, and a `Recipient` entity for notification settings. These POJOs utilize standard Java bean patterns, along with annotations for JSON serialization, MongoDB persistence, and input validation, reflecting their use across different microservices.",,False
https://github.com/HasinthakaPiyumal/AI-Pattern-Mining-Project/tree/main/notebooks/result/ms_repo_callgraph_clusters/piggymetrics_java/cluster_27.java,"This Java enum, `Frequency`, defines predefined notification intervals (WEEKLY, MONTHLY, QUARTERLY), each explicitly mapped to a specific number of days. It provides utility methods to retrieve the day count for a frequency and to find a frequency enum by its associated day count, throwing an `IllegalArgumentException` if no match is found.",,False
https://github.com/HasinthakaPiyumal/AI-Pattern-Mining-Project/tree/main/notebooks/result/ms_repo_callgraph_clusters/crypto_crawler_python/cluster_50.py,"This `ConnectionPool` class orchestrates asynchronous HTTP GET and POST requests using `gevent` for concurrency and `requests.Session` for communication. It efficiently processes batches of 'work units' by spawning greenlets, then robustly handles their responses, including custom parsing and error logging.",,False
https://github.com/HasinthakaPiyumal/AI-Pattern-Mining-Project/tree/main/notebooks/result/ms_repo_callgraph_clusters/crypto_crawler_python/cluster_8.py,"This code defines a `RedisConnection` class designed to establish and manage a connection to a Redis server. Upon instantiation, it initializes an internal `_redis.StrictRedis` client using the provided host and port, encapsulating the connection details for subsequent Redis operations.",,False
https://github.com/HasinthakaPiyumal/AI-Pattern-Mining-Project/tree/main/notebooks/result/ms_repo_callgraph_clusters/crypto_crawler_python/cluster_37.py,"This Python file provides a collection of functions for interacting with multiple cryptocurrency exchange APIs, including Poloniex, Binance, Kraken, and Bittrex. Its main functionality involves fetching account balances, retrieving order history and open orders, and executing buy/sell trades, all while utilizing a centralized `send_post_request_with_header` utility for API communication, error handling, and integrated logging.",,False
https://github.com/HasinthakaPiyumal/AI-Pattern-Mining-Project/tree/main/notebooks/result/ms_repo_callgraph_clusters/crypto_crawler_python/cluster_24.py,"This code defines data models for cryptocurrency exchange information, including an `OrderState` for tracking open/closed orders and a robust `OrderBook` for managing bid/ask levels. The `OrderBook` class features factory methods to parse data from multiple exchanges (e.g., Poloniex, Binance) and implements complex logic for applying real-time updates, ensuring sorted order and correct sequence ID handling.",,False
https://github.com/HasinthakaPiyumal/AI-Pattern-Mining-Project/tree/main/notebooks/result/ms_repo_callgraph_clusters/crypto_crawler_python/cluster_29.py,"This Python code provides a robust framework for managing and updating cryptocurrency exchange order books, featuring an `OrderBook` class capable of parsing data from multiple exchanges (e.g., Poloniex, Huobi, Binance) and efficiently applying real-time bid/ask updates using binary search to maintain sorted order. It also includes dedicated WebSocket clients for live market data subscriptions and utilities for system process management.",,False
https://github.com/HasinthakaPiyumal/AI-Pattern-Mining-Project/tree/main/notebooks/result/ms_repo_callgraph_clusters/crypto_crawler_python/cluster_13.py,"This Python code defines a `WorkUnit` class designed to encapsulate the parameters for an HTTP request, such as its URL, method, and POST details. It also manages the asynchronous result of such a request, providing convenient property-based access to the future's value, its JSON content, and the HTTP status code.",,False
https://github.com/HasinthakaPiyumal/AI-Pattern-Mining-Project/tree/main/notebooks/result/ms_repo_callgraph_clusters/crypto_crawler_python/cluster_39.py,"This Python code provides a framework for deploying and managing various background services by running them within `GNU Screen` sessions and windows. It defines specific deployment functions for different services (e.g., Telegram notifier, order processing) and a generalized function, all consistently utilizing `create_screen`, `create_screen_window`, and `run_command_in_screen` to launch processes.",,False
https://github.com/HasinthakaPiyumal/AI-Pattern-Mining-Project/tree/main/notebooks/result/ms_repo_callgraph_clusters/crypto_crawler_python/cluster_51.py,"This `ConnectionPool` class orchestrates batched, asynchronous HTTP GET and POST requests using `gevent` and `requests`. It concurrently fetches data, then centrally processes responses by attempting to parse them into specific objects via a provided method, logging any parsing failures.",,False
https://github.com/HasinthakaPiyumal/AI-Pattern-Mining-Project/tree/main/notebooks/result/ms_repo_callgraph_clusters/crypto_crawler_python/cluster_46.py,"This Python code defines `connect_to_cache`, a function that initializes a global `LOCAL_CACHE` variable with an instance of `MemoryCache` using specified host and port parameters. It serves as a centralized utility to establish and retrieve a memory-based cache connection.",,False
https://github.com/HasinthakaPiyumal/AI-Pattern-Mining-Project/tree/main/notebooks/result/ms_repo_callgraph_clusters/crypto_crawler_python/cluster_32.py,"This Python file defines the `ArbitrageConfig` class, which serves as a comprehensive data structure for managing all parameters necessary to configure and launch an arbitrage trading strategy between two exchanges for a specific currency pair. It includes utility methods for generating log file names, window names, and command-line arguments based on these encapsulated settings.",,False
https://github.com/HasinthakaPiyumal/AI-Pattern-Mining-Project/tree/main/notebooks/result/ms_repo_callgraph_clusters/crypto_crawler_python/cluster_0.py,"This `ConnectionPool` class provides a mechanism for making concurrent HTTP GET and POST requests using `requests` and `gevent`, processing `WorkUnit` objects in batches. It asynchronously fetches data, then centrally processes responses by attempting to parse them into specific objects or logging detailed error messages.",,False
https://github.com/HasinthakaPiyumal/AI-Pattern-Mining-Project/tree/main/notebooks/result/ms_repo_callgraph_clusters/crypto_crawler_python/cluster_19.py,"This Python code provides two utility functions, `ts_to_string_utc` and `ts_to_string_local`, to convert a Unix timestamp (seconds since epoch) into a human-readable string, formatted either in UTC or the local timezone respectively, leveraging Python's `time` module.",,False
https://github.com/HasinthakaPiyumal/AI-Pattern-Mining-Project/tree/main/notebooks/result/ms_repo_callgraph_clusters/crypto_crawler_python/cluster_26.py,"This Python code implements a cryptocurrency arbitrage trading system that aggregates and processes real-time order book data from multiple exchanges (e.g., Poloniex, Binance) using both WebSocket subscriptions and asynchronous REST API calls. It employs a modular, exchange-agnostic design with daemon threads and message queues for continuous monitoring, efficient order book updates, and robust order management.",,False
https://github.com/HasinthakaPiyumal/AI-Pattern-Mining-Project/tree/main/notebooks/result/ms_repo_callgraph_clusters/crypto_crawler_python/cluster_49.py,"This Python function, `adjust_maximum_volume_by_trading_cap`, ensures a given trading volume does not exceed a maximum limit specified by a `deal_cap` object. It returns the original volume if it's within the cap or if the `deal_cap` explicitly indicates no maximum limit.",,False
https://github.com/HasinthakaPiyumal/AI-Pattern-Mining-Project/tree/main/notebooks/result/ms_repo_callgraph_clusters/crypto_crawler_python/cluster_17.py,"This Python file provides utility functions to map string names of cryptocurrency exchanges and currency pairs to their corresponding constant IDs. It uses dictionary lookups for efficient, case-insensitive resolution of these names into predefined `EXCHANGE` and `CURRENCY_PAIR` enum-like values.",,False
https://github.com/HasinthakaPiyumal/AI-Pattern-Mining-Project/tree/main/notebooks/result/ms_repo_callgraph_clusters/crypto_crawler_python/cluster_2.py,"This `ConnectionPool` class orchestrates asynchronous HTTP GET and POST requests using `gevent` for concurrency and `requests.Session` for network operations. It efficiently batches `WorkUnit` objects, executes their requests, and then processes the responses, attempting to parse them via a `WorkUnit`-defined method while handling errors and logging.",,False
https://github.com/HasinthakaPiyumal/AI-Pattern-Mining-Project/tree/main/notebooks/result/ms_repo_callgraph_clusters/crypto_crawler_python/cluster_25.py,"This code defines an `OrderState` class that encapsulates and manages the state of open and closed orders for a specific exchange at a given timestamp, providing methods to query their counts while ensuring data integrity through deep copying of order lists.",,False
https://github.com/HasinthakaPiyumal/AI-Pattern-Mining-Project/tree/main/notebooks/result/ms_repo_callgraph_clusters/crypto_crawler_python/cluster_1.py,"This code file defines data models and processing logic for a cryptocurrency arbitrage trading system, specializing in ingesting and standardizing real-time trade and order book data from multiple exchanges (Binance, Kraken, Bittrex, Poloniex, Huobi). It features efficient order book management, trade reconciliation, balance tracking, and comprehensive logging for operational oversight.",,False
https://github.com/HasinthakaPiyumal/AI-Pattern-Mining-Project/tree/main/notebooks/result/ms_repo_callgraph_clusters/crypto_crawler_python/cluster_41.py,"This function validates a `min_volume` against a `deal_cap`'s minimum volume capacity. It specifically sets `min_volume` to -1 if it falls below the threshold defined by `deal_cap.get_min_volume_cap()`, effectively marking it as invalid or insufficient.",,False
https://github.com/HasinthakaPiyumal/AI-Pattern-Mining-Project/tree/main/notebooks/result/ms_repo_callgraph_clusters/crypto_crawler_python/cluster_31.py,"This code defines a dispatcher function, `parse_update_by_exchanges`, which dynamically routes order book delta updates to the appropriate exchange-specific parsing function (e.g., Poloniex, Huobi, Binance) using a dictionary lookup based on the provided `exchange_id`. It effectively implements a strategy pattern to handle diverse data formats from multiple cryptocurrency exchanges.",,False
https://github.com/HasinthakaPiyumal/AI-Pattern-Mining-Project/tree/main/notebooks/result/ms_repo_callgraph_clusters/crypto_crawler_python/cluster_30.py,"This code defines an `OrderBook` class for managing cryptocurrency exchange order book data, featuring exchange-specific parsing from various platforms and efficient, sorted updates using binary search. An `ArbitrageListener` then leverages this to implement a real-time arbitrage trading strategy, continuously syncing order books from multiple exchanges, processing live updates with sequence ID validation, and identifying trading opportunities.",,False
https://github.com/HasinthakaPiyumal/AI-Pattern-Mining-Project/tree/main/notebooks/result/ms_repo_callgraph_clusters/crypto_crawler_python/cluster_21.py,"The `MessageQueue` class implements a Redis-backed message queuing system, leveraging Redis list commands (`rpush`, `lpop`, `lpush`) to manage messages for various topics. It supports adding timestamped messages, retrieving them, and specifically handles serialization/deserialization of Python objects using `pickle` for certain message types like 'orders'.",,False
https://github.com/HasinthakaPiyumal/AI-Pattern-Mining-Project/tree/main/notebooks/result/ms_repo_callgraph_clusters/crypto_crawler_python/cluster_43.py,"This code provides WebSocket client implementations for subscribing to real-time order book data from Poloniex and Huobi cryptocurrency exchanges. It manages connections, sends heartbeats, parses exchange-specific messages into order book updates, and dispatches them via a callback, primarily to facilitate arbitrage detection.",,False
https://github.com/HasinthakaPiyumal/AI-Pattern-Mining-Project/tree/main/notebooks/result/ms_repo_callgraph_clusters/crypto_crawler_python/cluster_33.py,"This `ArbitrageConfig` class serves as a dedicated configuration object for an arbitrage trading strategy, encapsulating all necessary parameters such as exchange IDs, currency pairs, thresholds, and timeouts. It provides methods to initialize from arguments, generate descriptive string representations, and construct command-line execution strings for an arbitrage script.",,False
https://github.com/HasinthakaPiyumal/AI-Pattern-Mining-Project/tree/main/notebooks/result/ms_repo_callgraph_clusters/crypto_crawler_python/cluster_18.py,"This Python code defines a simple `sleep_for` function that wraps `time.sleep` to pause execution for a specified duration. It serves as a basic utility node, likely within a larger ""Cluster 18"" system, designed to introduce controlled delays in a workflow.",,False
https://github.com/HasinthakaPiyumal/AI-Pattern-Mining-Project/tree/main/notebooks/result/ms_repo_callgraph_clusters/crypto_crawler_python/cluster_7.py,"This Python file defines data models and extensive parsing logic for various cryptocurrency exchange data types, including candlesticks, trade history, tickers, and order books, supporting multiple platforms like Poloniex, Kraken, and Binance. It also features an `ArbitrageListener` class that orchestrates real-time order book synchronization, balance management, and the identification of arbitrage opportunities.",,False
https://github.com/HasinthakaPiyumal/AI-Pattern-Mining-Project/tree/main/notebooks/result/ms_repo_callgraph_clusters/crypto_crawler_python/cluster_12.py,"This Python code defines `IteratorFile`, a class that adapts a string-yielding iterator into a file-like object conforming to `io.TextIOBase`. It achieves this by buffering iterator output into an internal `io.StringIO` instance to support standard `read` operations with specified lengths and state management.",,False
https://github.com/HasinthakaPiyumal/AI-Pattern-Mining-Project/tree/main/notebooks/result/ms_repo_callgraph_clusters/crypto_crawler_python/cluster_28.py,"This code defines a `Trade` class that standardizes cryptocurrency trade data, featuring numerous class methods to parse and convert raw trade information from various exchange APIs (e.g., Kraken, Binance, Bittrex, Poloniex, Huobi) and database sources into a consistent object representation. Its primary function is to abstract away exchange-specific data formats into a unified `Trade` object for further processing.",,False
https://github.com/HasinthakaPiyumal/AI-Pattern-Mining-Project/tree/main/notebooks/result/ms_repo_callgraph_clusters/crypto_crawler_python/cluster_6.py,"This code provides utility functions for diverse file operations, including appending lists, timestamped logging, and CSV writing. It also features an `IteratorFile` class to adapt string iterators into file-like objects and a `CommonSettings` class for managing and loading application configurations from external files.",,False
https://github.com/HasinthakaPiyumal/AI-Pattern-Mining-Project/tree/main/notebooks/result/ms_repo_callgraph_clusters/crypto_crawler_python/cluster_34.py,"This `TradePair` class models a pair of financial deals, calculating the net profit by considering individual deal volumes, prices, and exchange-specific fees. It serves to represent and track paired trading strategies, such as arbitrage, providing a comprehensive overview of the combined trade and its profitability.",,False
https://github.com/HasinthakaPiyumal/AI-Pattern-Mining-Project/tree/main/notebooks/result/ms_repo_callgraph_clusters/train-ticket_python/cluster_0.py,"This Tornado web handler (`GetVoucherHandler`) manages travel vouchers, serving as an API endpoint to retrieve or create them. It first queries a MySQL database for an existing voucher by order ID; if none is found, it fetches order details from an external order microservice and then persists a new voucher record into the database.",,False
https://github.com/HasinthakaPiyumal/AI-Pattern-Mining-Project/tree/main/notebooks/result/ms_repo_callgraph_clusters/train-ticket_python/cluster_3.py,"This code defines a utility function to discover and collect paths of 'ts-' prefixed directories within the current working directory, likely for build processes. It also includes a `VirtualService` class, designed to programmatically construct Istio `VirtualService` YAML configurations for defining weighted HTTP routing to different service subsets.",,False
https://github.com/HasinthakaPiyumal/AI-Pattern-Mining-Project/tree/main/notebooks/result/ms_repo_callgraph_clusters/train-ticket_python/cluster_2.py,"This code defines a `make_app` function that initializes a Tornado web application. Its primary function is to expose a single `/getVoucher` endpoint, handled by `GetVoucherHandler`, likely for retrieving or processing voucher-related requests.",,False
https://github.com/HasinthakaPiyumal/AI-Pattern-Mining-Project/tree/main/notebooks/result/ms_repo_callgraph_clusters/train-ticket_python/cluster_5.py,"This code defines a Flask API endpoint (`/api/v1/avatar`) that receives a base64-encoded image via a POST request, decodes it into an OpenCV image, and then passes it to an external `check` function for processing. It also includes a utility function to convert a base64 string directly into an OpenCV image and save it to disk.",,False
https://github.com/HasinthakaPiyumal/AI-Pattern-Mining-Project/tree/main/notebooks/result/ms_repo_callgraph_clusters/train-ticket_python/cluster_6.py,"This Python function detects human faces in an input image using an external detector, then iteratively extracts each face by manually copying pixel data, saves each as a separate JPG file, and returns the base64 encoded string of only the *first* detected face.",,False
https://github.com/HasinthakaPiyumal/AI-Pattern-Mining-Project/tree/main/notebooks/result/ms_repo_callgraph_clusters/DeathStarBench_python/cluster_50.py,"This Python code defines a `Client` class that serves as a remote procedure call (RPC) client for a social graph service. It provides methods to manage user follow relationships (get followers/followees, follow/unfollow by ID or username) and insert users, employing a distinct `send_` and `recv_` pattern for each operation, typical of a Thrift client implementation.",,False
https://github.com/HasinthakaPiyumal/AI-Pattern-Mining-Project/tree/main/notebooks/result/ms_repo_callgraph_clusters/DeathStarBench_python/cluster_8.py,"This Python file implements an Apache Thrift client for a remote service, providing methods like `WritePlot` and `ReadPlot` to interact with 'plots' using a clear send/receive pattern for RPC message serialization and deserialization. It handles protocol-level communication, argument/result marshalling, and exception handling typical of Thrift-generated clients.",,False
https://github.com/HasinthakaPiyumal/AI-Pattern-Mining-Project/tree/main/notebooks/result/ms_repo_callgraph_clusters/DeathStarBench_python/cluster_37.py,"This code defines an Apache Thrift client (`Client` class) specifically for interacting with a remote service's `ComposeText` operation. It implements the standard Thrift request-response pattern, using `send_ComposeText` to serialize and transmit parameters and `recv_ComposeText` to deserialize and process the service's response, including handling potential application exceptions.",,False
https://github.com/HasinthakaPiyumal/AI-Pattern-Mining-Project/tree/main/notebooks/result/ms_repo_callgraph_clusters/DeathStarBench_python/cluster_24.py,"This Python code implements a Thrift client for an RPC service, enabling the management of ""cast information"" through dedicated methods to write new details and retrieve existing records. It adheres to the Thrift protocol by separating the sending and receiving logic for each remote procedure call, handling message serialization and deserialization.",,False
https://github.com/HasinthakaPiyumal/AI-Pattern-Mining-Project/tree/main/notebooks/result/ms_repo_callgraph_clusters/DeathStarBench_python/cluster_9.py,"This Python code defines a Thrift client (`Client` class) responsible for interacting with a remote service to write and read ""plot"" data. It implements remote procedure calls using distinct `send_` and `recv_` methods for each operation, handling message serialization/deserialization and application-level exceptions.",,False
https://github.com/HasinthakaPiyumal/AI-Pattern-Mining-Project/tree/main/notebooks/result/ms_repo_callgraph_clusters/DeathStarBench_python/cluster_59.py,"This Python code defines a Thrift client (`Client` class) for a user timeline service, providing methods to remotely `WriteUserTimeline` and `ReadUserTimeline`. It implements the client-side RPC logic, handling message serialization, deserialization, and exception handling over a network protocol.",,False
https://github.com/HasinthakaPiyumal/AI-Pattern-Mining-Project/tree/main/notebooks/result/ms_repo_callgraph_clusters/DeathStarBench_python/cluster_29.py,"This Python code defines a `Client` class, likely generated for an Apache Thrift or similar RPC framework, which provides methods to upload various data types like text, ratings, and IDs to a remote service. It employs a distinct `send_` and `recv_` method pair for each RPC call, handling message serialization, network flushing, and response deserialization with built-in exception management.",,False
https://github.com/HasinthakaPiyumal/AI-Pattern-Mining-Project/tree/main/notebooks/result/ms_repo_callgraph_clusters/DeathStarBench_python/cluster_13.py,"This code defines a `ServiceException` class, inheriting from `TException`, to represent custom exceptions within Thrift services. It provides methods for serializing and deserializing `errorCode` and `message` attributes using Thrift protocols, with a notable immutable version included that prevents modification after instantiation.",,False
https://github.com/HasinthakaPiyumal/AI-Pattern-Mining-Project/tree/main/notebooks/result/ms_repo_callgraph_clusters/DeathStarBench_python/cluster_38.py,"This Python code defines a `Client` class that implements an RPC client for a `ComposeMedia` service method. It utilizes a send-receive pattern, serializing request arguments and deserializing responses (including exceptions) over a protocol, strongly resembling a Thrift client implementation.",,False
https://github.com/HasinthakaPiyumal/AI-Pattern-Mining-Project/tree/main/notebooks/result/ms_repo_callgraph_clusters/DeathStarBench_python/cluster_48.py,"This Python code defines a `Client` class that acts as a client for a social graph service, providing methods to retrieve followers/followees, follow/unfollow users (by ID or username), and insert new users. It implements these operations using a Thrift-style RPC pattern, with each remote call explicitly separated into `send_` and `recv_` methods for message serialization and deserialization.",,False
https://github.com/HasinthakaPiyumal/AI-Pattern-Mining-Project/tree/main/notebooks/result/ms_repo_callgraph_clusters/DeathStarBench_python/cluster_4.py,"This Python file contains Thrift-generated code, defining the data structures and RPC method signatures for a distributed service. It outlines a comprehensive API for managing movie information, user accounts, reviews, social media posts, and user interactions like following and timeline management, including their serialization and deserialization logic.",,False
https://github.com/HasinthakaPiyumal/AI-Pattern-Mining-Project/tree/main/notebooks/result/ms_repo_callgraph_clusters/DeathStarBench_python/cluster_39.py,"This code defines a Thrift client (`Client` class) designed to interact with a remote URL service. It provides methods like `ComposeUrls` and `GetExtendedUrls` to send requests and receive responses, handling message serialization, deserialization, and exceptions via distinct `send_` and `recv_` protocol operations.",,False
https://github.com/HasinthakaPiyumal/AI-Pattern-Mining-Project/tree/main/notebooks/result/ms_repo_callgraph_clusters/DeathStarBench_python/cluster_42.py,"This code defines an Apache Thrift client (`Client` class) for interacting with a remote service that manages ""posts."" It provides methods to `StorePost`, `ReadPost`, and `ReadPosts`, utilizing distinct `send_` and `recv_` pairs for request serialization, response deserialization, and handling Thrift-specific application exceptions.",,False
https://github.com/HasinthakaPiyumal/AI-Pattern-Mining-Project/tree/main/notebooks/result/ms_repo_callgraph_clusters/DeathStarBench_python/cluster_51.py,"This Python code defines an Apache Thrift client (`Client` class) for a social graph service, providing methods to manage user relationships such as retrieving followers/followees, following/unfollowing users (by ID or username), and inserting new users. It employs a distinct `send_` and `recv_` method pattern for each remote procedure call, handling message serialization, network communication, and exception handling.",,False
https://github.com/HasinthakaPiyumal/AI-Pattern-Mining-Project/tree/main/notebooks/result/ms_repo_callgraph_clusters/DeathStarBench_python/cluster_46.py,"This code defines an immutable `ServiceException` class, inheriting from `TException`, specifically designed for Apache Thrift. It provides robust serialization and deserialization methods (`read` and `write`) to transmit structured exception data, including an `errorCode` and `message`, across Thrift services.",,False
https://github.com/HasinthakaPiyumal/AI-Pattern-Mining-Project/tree/main/notebooks/result/ms_repo_callgraph_clusters/DeathStarBench_python/cluster_0.py,"This Python code defines a Thrift client, implementing methods like `UploadText`, `UploadRating`, and `UploadUserId` to send various data types to a remote service. It follows the typical Thrift RPC pattern, encapsulating message serialization, transmission, and response handling (including exceptions) within distinct `send_` and `recv_` pairs for each operation.",,False
https://github.com/HasinthakaPiyumal/AI-Pattern-Mining-Project/tree/main/notebooks/result/ms_repo_callgraph_clusters/DeathStarBench_python/cluster_19.py,"This Python code defines a Thrift client for a remote service, implementing various RPC methods to upload and register data such as movie IDs, ratings, text, and user IDs. It utilizes the standard Thrift pattern, with distinct `send_` and `recv_` functions for each operation to handle message serialization, deserialization, and exception handling over a network protocol.",,False
https://github.com/HasinthakaPiyumal/AI-Pattern-Mining-Project/tree/main/notebooks/result/ms_repo_callgraph_clusters/DeathStarBench_python/cluster_35.py,"This Python code defines an Apache Thrift client, specifically designed to interact with a remote service for managing user home timelines. It provides methods like `ReadHomeTimeline` and `WriteHomeTimeline`, utilizing distinct `send_` and `recv_` functions for robust message serialization, deserialization, and error handling.",,False
https://github.com/HasinthakaPiyumal/AI-Pattern-Mining-Project/tree/main/notebooks/result/ms_repo_callgraph_clusters/DeathStarBench_python/cluster_26.py,"This code defines a `Client` class that serves as an RPC client for a remote service, specifically enabling the upload and retrieval of user reviews. It implements a Thrift-like protocol, separating message sending and receiving logic for each operation and handling potential application exceptions.",,False
https://github.com/HasinthakaPiyumal/AI-Pattern-Mining-Project/tree/main/notebooks/result/ms_repo_callgraph_clusters/DeathStarBench_python/cluster_36.py,"This Python code defines an Apache Thrift client (`Client` class) for a remote service, enabling operations to `ReadHomeTimeline` and `WriteHomeTimeline`. It employs a distinct `send_` and `recv_` method pattern for each operation to handle message serialization, network transmission, and response deserialization.",,False
https://github.com/HasinthakaPiyumal/AI-Pattern-Mining-Project/tree/main/notebooks/result/ms_repo_callgraph_clusters/DeathStarBench_python/cluster_3.py,"This Python file provides a collection of client-side scripts for a microservices architecture, primarily focused on generating synthetic load and interacting with various services (e.g., movie information, user reviews, social graph) using Apache Thrift. It also includes utilities for ingesting external data from APIs like TMDb, analyzing system traces with pandas, and dynamically configuring TLS settings for different backend components.",,False
https://github.com/HasinthakaPiyumal/AI-Pattern-Mining-Project/tree/main/notebooks/result/ms_repo_callgraph_clusters/DeathStarBench_python/cluster_49.py,"This Python code defines a Thrift client (`Client` class) for a social graph service, providing methods to manage user relationships such as retrieving followers/followees, following/unfollowing users by ID or username, and inserting new users. It utilizes a distinct `send_` and `recv_` pattern for each remote procedure call, handling message serialization, deserialization, and exception handling over a network protocol.",,False
https://github.com/HasinthakaPiyumal/AI-Pattern-Mining-Project/tree/main/notebooks/result/ms_repo_callgraph_clusters/DeathStarBench_python/cluster_62.py,"This code defines `print_info_resp`, a function that iterates through a dictionary of video information and calls an external `print_info` function for each video ID and its corresponding data. Notably, the `print_info_resp` function is redundantly defined twice with identical content.",,False
https://github.com/HasinthakaPiyumal/AI-Pattern-Mining-Project/tree/main/notebooks/result/ms_repo_callgraph_clusters/DeathStarBench_python/cluster_40.py,"This code defines an Apache Thrift client that facilitates remote procedure calls (RPC) to a service. It provides methods to `ComposeUrls` and `GetExtendedUrls`, utilizing distinct `send_` and `recv_` functions for each call to handle message serialization, deserialization, and exception handling over a network protocol.",,False
https://github.com/HasinthakaPiyumal/AI-Pattern-Mining-Project/tree/main/notebooks/result/ms_repo_callgraph_clusters/DeathStarBench_python/cluster_2.py,"This Python file is Thrift-generated code defining data structures and RPC method signatures for a distributed service, likely a social media or movie review platform. It encapsulates the arguments and results for various operations like user authentication, movie and review management, timeline interactions, and media handling, including their serialization and deserialization logic.",,False
https://github.com/HasinthakaPiyumal/AI-Pattern-Mining-Project/tree/main/notebooks/result/ms_repo_callgraph_clusters/DeathStarBench_python/cluster_15.py,"This Python code defines a `Client` class that serves as an Apache Thrift client for user management and creator composition services. It provides methods like `RegisterUser`, `Login`, `UploadUser`, and `ComposeCreator`, each implemented with a `send_` and `recv_` pattern to handle request serialization and response/exception deserialization over a network protocol.",,False
https://github.com/HasinthakaPiyumal/AI-Pattern-Mining-Project/tree/main/notebooks/result/ms_repo_callgraph_clusters/DeathStarBench_python/cluster_25.py,"This code defines a Thrift client (`Client` class) for interacting with a remote service to manage ""cast information."" It provides methods to `WriteCastInfo` (create/update cast details) and `ReadCastInfo` (retrieve cast details), utilizing a standard Thrift RPC pattern with distinct `send_` and `recv_` functions for each operation.",,False
https://github.com/HasinthakaPiyumal/AI-Pattern-Mining-Project/tree/main/notebooks/result/ms_repo_callgraph_clusters/DeathStarBench_python/cluster_1.py,"This Python code defines the client and server-side stubs for a distributed RPC service, likely generated by Apache Thrift. It provides a comprehensive set of functionalities for a social media or movie review platform, including user authentication, content management (movies, reviews, plots, cast), and social interactions like posting and managing timelines.",,False
https://github.com/HasinthakaPiyumal/AI-Pattern-Mining-Project/tree/main/notebooks/result/ms_repo_callgraph_clusters/DeathStarBench_python/cluster_41.py,"This Python code defines an Apache Thrift client (`Client` class) designed to interact with a remote service for managing ""posts."" It implements the standard Thrift client pattern, featuring distinct `send_` and `recv_` methods for each remote procedure call (e.g., `StorePost`, `ReadPost`, `ReadPosts`), handling message serialization, deserialization, and application-level exceptions.",,False
https://github.com/HasinthakaPiyumal/AI-Pattern-Mining-Project/tree/main/notebooks/result/ms_repo_callgraph_clusters/DeathStarBench_python/cluster_57.py,"This Python code defines a Thrift client for the 'ComposePost' service, handling the serialization and deserialization of post composition requests and responses using a distinct `send_` and `recv_` pattern for RPC communication. It manages message framing, argument writing, and exception handling for remote post creation.",,False
https://github.com/HasinthakaPiyumal/AI-Pattern-Mining-Project/tree/main/notebooks/result/ms_repo_callgraph_clusters/DeathStarBench_python/cluster_53.py,"This Python code defines a Thrift client (`Client` class) for a social graph service, providing methods to interact with remote procedures. It enables operations such as retrieving followers and followees, following/unfollowing users by ID or username, and inserting new users, utilizing a distinct `send_` and `recv_` method pair for each RPC call.",,False
https://github.com/HasinthakaPiyumal/AI-Pattern-Mining-Project/tree/main/notebooks/result/ms_repo_callgraph_clusters/DeathStarBench_python/cluster_44.py,"This code defines an immutable `ServiceException` class, inheriting from `TException`, to represent custom service errors with an `errorCode` and `message`. It provides robust serialization and deserialization methods (`read`, `write`) for interoperability within the Apache Thrift framework, ensuring consistent error handling across services.",,False
https://github.com/HasinthakaPiyumal/AI-Pattern-Mining-Project/tree/main/notebooks/result/ms_repo_callgraph_clusters/DeathStarBench_python/cluster_45.py,"This code defines an immutable `ServiceException` class, inheriting from `TException`, which encapsulates an error code and message. Its primary functionality involves custom `read` and `write` methods for efficient serialization and deserialization using the Apache Thrift protocol.",,False
https://github.com/HasinthakaPiyumal/AI-Pattern-Mining-Project/tree/main/notebooks/result/ms_repo_callgraph_clusters/DeathStarBench_python/cluster_30.py,"This Python code defines a `Client` class that serves as a client-side interface for an Apache Thrift-like RPC system. It provides methods to upload various data types such as text, ratings, movie IDs, unique IDs, and user IDs, utilizing distinct `send_` and `recv_` functions for each remote operation to handle message serialization and deserialization.",,False
https://github.com/HasinthakaPiyumal/AI-Pattern-Mining-Project/tree/main/notebooks/result/ms_repo_callgraph_clusters/DeathStarBench_python/cluster_5.py,"This Python code defines Apache Thrift-generated data structures and RPC method arguments/results for a distributed social media and movie review application. It specifies the communication contracts for services handling user registration and login, movie information (plots, casts, ratings), user and movie reviews, and social media timeline operations (composing and reading posts, managing followers).",,False
https://github.com/HasinthakaPiyumal/AI-Pattern-Mining-Project/tree/main/notebooks/result/ms_repo_callgraph_clusters/DeathStarBench_python/cluster_20.py,"This Python file implements a Thrift client for interacting with a remote service to manage movie data. It defines RPC methods like `UploadMovieId` and `RegisterMovieId`, utilizing a distinct send-receive pattern for message serialization, deserialization, and robust exception handling.",,False
https://github.com/HasinthakaPiyumal/AI-Pattern-Mining-Project/tree/main/notebooks/result/ms_repo_callgraph_clusters/DeathStarBench_python/cluster_21.py,"This Python file defines an Apache Thrift client for a review service, providing methods to `StoreReview` and `ReadReviews` by handling the serialization, deserialization, and RPC communication protocols. It specifically implements the client-side logic for sending requests and receiving responses, including error handling for service exceptions.",,False
https://github.com/HasinthakaPiyumal/AI-Pattern-Mining-Project/tree/main/notebooks/result/ms_repo_callgraph_clusters/DeathStarBench_python/cluster_55.py,"This Python code defines a `Client` class that implements the client-side interface for a remote service, providing methods for user registration, login, and retrieving user-related information. It utilizes a consistent `send_MethodName`/`recv_MethodName` pattern to handle the serialization and deserialization of messages for RPC communication, strongly indicative of an Apache Thrift client implementation.",,False
https://github.com/HasinthakaPiyumal/AI-Pattern-Mining-Project/tree/main/notebooks/result/ms_repo_callgraph_clusters/DeathStarBench_python/cluster_43.py,"This Python code implements an Apache Thrift client, providing methods like `StorePost`, `ReadPost`, and `ReadPosts` to interact with a remote service for managing posts. It handles the underlying Thrift message serialization, deserialization, and exception handling for these RPC calls.",,False
https://github.com/HasinthakaPiyumal/AI-Pattern-Mining-Project/tree/main/notebooks/result/ms_repo_callgraph_clusters/DeathStarBench_python/cluster_33.py,"This Python code defines a `checkDate` function that validates if an input string matches a date format by applying a globally defined regular expression, `dateRegx`. It specifically uses the `re.match` method to check for the pattern at the beginning of the string, returning `True` if a match is found.",,False
https://github.com/HasinthakaPiyumal/AI-Pattern-Mining-Project/tree/main/notebooks/result/ms_repo_callgraph_clusters/DeathStarBench_python/cluster_60.py,"This Python code defines a client-side interface for an RPC service, specifically enabling the composition of user mentions. It utilizes a Thrift-like protocol to serialize and send requests (e.g., `ComposeUserMentions_args`) and deserialize responses, including handling potential service exceptions.",,False
https://github.com/HasinthakaPiyumal/AI-Pattern-Mining-Project/tree/main/notebooks/result/ms_repo_callgraph_clusters/DeathStarBench_python/cluster_52.py,"This Python code defines an Apache Thrift RPC client (`Client` class) for a social graph service. It provides methods to manage user relationships, including retrieving followers/followees, following/unfollowing users (by ID or username), and inserting new users, utilizing distinct `send_` and `recv_` methods for each remote call.",,False
https://github.com/HasinthakaPiyumal/AI-Pattern-Mining-Project/tree/main/notebooks/result/ms_repo_callgraph_clusters/DeathStarBench_python/cluster_22.py,"This Python code defines an Apache Thrift client for a review service, enabling remote operations to store new reviews and retrieve existing ones. It implements distinct `send_` and `recv_` methods for each RPC call, handling message serialization, deserialization, and exception management according to the Thrift protocol.",,False
https://github.com/HasinthakaPiyumal/AI-Pattern-Mining-Project/tree/main/notebooks/result/ms_repo_callgraph_clusters/DeathStarBench_python/cluster_64.py,"This code repeatedly defines an identical `make_date` function, which retrieves the current date using `datetime.now()` and formats it into a 'YYYY-MM-DD' string. The most notable pattern is the multiple, identical redefinitions of this single function.",,False
https://github.com/HasinthakaPiyumal/AI-Pattern-Mining-Project/tree/main/notebooks/result/ms_repo_callgraph_clusters/DeathStarBench_python/cluster_58.py,"This Python file defines a Thrift client for a user timeline service, enabling remote calls to write new posts to a user's timeline and read specific ranges of posts. It employs a distinct `send_` and `recv_` method pattern for handling RPC message serialization, transmission, and response processing, including exception handling.",,False
https://github.com/HasinthakaPiyumal/AI-Pattern-Mining-Project/tree/main/notebooks/result/ms_repo_callgraph_clusters/DeathStarBench_python/cluster_10.py,"This Python code defines a Thrift RPC client (`Client` class) for a movie information service. It provides methods like `WriteMovieInfo`, `ReadMovieInfo`, and `UpdateRating` to interact with a remote server, handling message serialization/deserialization and exception management for these operations.",,False
https://github.com/HasinthakaPiyumal/AI-Pattern-Mining-Project/tree/main/notebooks/result/ms_repo_callgraph_clusters/DeathStarBench_python/cluster_7.py,"This code defines a `Client` class that functions as an RPC client for a movie review service, enabling the upload of new reviews and the retrieval of existing ones. It utilizes a distinct `send_` and `recv_` method pattern for each operation, characteristic of client stubs generated by frameworks like Apache Thrift.",,False
https://github.com/HasinthakaPiyumal/AI-Pattern-Mining-Project/tree/main/notebooks/result/ms_repo_callgraph_clusters/DeathStarBench_python/cluster_12.py,"This Python code defines a Thrift client (`Client` class) for a movie information service. It provides methods to remotely write new movie details, read existing movie information, and update movie ratings, utilizing a `send_` and `recv_` pattern for RPC message handling and serialization.",,False
https://github.com/HasinthakaPiyumal/AI-Pattern-Mining-Project/tree/main/notebooks/result/ms_repo_callgraph_clusters/DeathStarBench_python/cluster_28.py,"This Python code defines an Apache Thrift client (`Client` class) designed to interact with a remote service by uploading various data types, including text, ratings, movie IDs, unique IDs, and user IDs. It employs the standard Thrift RPC pattern, separating each remote call into distinct `send_` and `recv_` methods for message serialization, deserialization, and exception handling.",,False
https://github.com/HasinthakaPiyumal/AI-Pattern-Mining-Project/tree/main/notebooks/result/ms_repo_callgraph_clusters/DeathStarBench_python/cluster_27.py,"This Python code defines a `Client` class, likely for an Apache Thrift RPC system, that facilitates remote interaction with a service. Its primary functions are to `UploadUserReview` with specific user and review details and `ReadUserReviews` for a given user within a specified range, using a distinct `send_` and `recv_` pattern for message serialization and deserialization.",,False
https://github.com/HasinthakaPiyumal/AI-Pattern-Mining-Project/tree/main/notebooks/result/ms_repo_callgraph_clusters/DeathStarBench_python/cluster_6.py,"This Python code defines an Apache Thrift client (`Client` class) for a movie review service, providing methods to remotely `UploadMovieReview` and `ReadMovieReviews`. It implements the client-side RPC communication pattern, handling message serialization, request sending, and response reception with integrated exception handling.",,False
https://github.com/HasinthakaPiyumal/AI-Pattern-Mining-Project/tree/main/notebooks/result/ms_repo_callgraph_clusters/DeathStarBench_python/cluster_63.py,"This Python code defines a `MyDaprClient` that connects to the Dapr Runtime via gRPC, configuring the channel with API tokens and custom interceptors. It then conditionally initializes an HTTP client for Dapr method invocations if specified by runtime settings, otherwise relying on the established gRPC stub.",,False
https://github.com/HasinthakaPiyumal/AI-Pattern-Mining-Project/tree/main/notebooks/result/ms_repo_callgraph_clusters/DeathStarBench_python/cluster_34.py,"This Python function `thumbnailId` generates a standardized thumbnail filename by processing a given `video_id`. It extracts the base ID by removing a file extension if present (e.g., `video.mp4` becomes `video`), handling edge cases like `"".mp4""`, and then formats it as `tn-base_id.jpeg`.",,False
https://github.com/HasinthakaPiyumal/AI-Pattern-Mining-Project/tree/main/notebooks/result/ms_repo_callgraph_clusters/DeathStarBench_python/cluster_47.py,"This Python code defines a Thrift client for a social network-like service, providing methods to manage user relationships (get followers/followees, follow/unfollow by ID or username) and insert new users through explicit `send_` and `recv_` RPC calls. Each operation follows a distinct request-response pattern, handling message serialization, deserialization, and potential application exceptions.",,False
https://github.com/HasinthakaPiyumal/AI-Pattern-Mining-Project/tree/main/notebooks/result/ms_repo_callgraph_clusters/DeathStarBench_python/cluster_61.py,"This Python code defines a client-side component for an RPC system, primarily implementing the `ComposeUniqueId` method. It uses a `send_` and `recv_` pattern, typical of frameworks like Apache Thrift, to serialize arguments, send requests, and deserialize responses or exceptions from a remote service.",,False
https://github.com/HasinthakaPiyumal/AI-Pattern-Mining-Project/tree/main/notebooks/result/ms_repo_callgraph_clusters/RepoGenesis_python/cluster_8.py,"This Flask application defines a set of RESTful API endpoints, including a health check, an `/echo` endpoint that processes and validates JSON messages, and a `/sum` endpoint that calculates the sum of two integer query parameters. It consistently employs robust input validation and error handling across all routes.",,False
https://github.com/HasinthakaPiyumal/AI-Pattern-Mining-Project/tree/main/notebooks/result/ms_repo_callgraph_clusters/RepoGenesis_python/cluster_14.py,"This code defines multiple `pytest_collection_modifyitems` hooks, which dynamically add pytest markers to test items. It categorizes tests by adding specific markers like `auth`, `upload`, `storage`, `api`, `integration`, and `slow` based on keywords found within the test names or node IDs.",,False
https://github.com/HasinthakaPiyumal/AI-Pattern-Mining-Project/tree/main/notebooks/result/ms_repo_callgraph_clusters/RepoGenesis_python/cluster_13.py,"This extensive Python file serves as a comprehensive integration test suite, utilizing `pytest` and the `requests` library to validate the functionality, error handling, and performance of numerous distinct API services. It covers a wide range of endpoints including task management, file conversion, user authentication, content management, user interaction tracking, email services, and chat rooms.",,False
https://github.com/HasinthakaPiyumal/AI-Pattern-Mining-Project/tree/main/notebooks/result/ms_repo_callgraph_clusters/RepoGenesis_python/cluster_16.py,"This code defines a `pytest` fixture that provides an `APIClient` class, designed to simplify making HTTP requests (GET, POST, PUT, DELETE) to a specified base URL. The client utilizes `requests.Session` for persistent connections and automatically sets the `Content-Type` header to `application/json` for data payloads.",,False
https://github.com/HasinthakaPiyumal/AI-Pattern-Mining-Project/tree/main/notebooks/result/ms_repo_callgraph_clusters/RepoGenesis_python/cluster_4.py,"This Python file serves as a comprehensive testing and analysis toolkit, primarily containing numerous Pytest-based integration test suites for diverse API services like user management, file conversion, RBAC, and file storage. It also includes utility functions for static code analysis, such as searching for API implementations, counting tests and lines of code, and parsing repository metadata for evaluation purposes.",,False
https://github.com/HasinthakaPiyumal/AI-Pattern-Mining-Project/tree/main/notebooks/result/ms_repo_callgraph_clusters/RepoGenesis_python/cluster_17.py,"This code file exclusively defines multiple `pytest_configure` hooks, each registering various custom markers for pytest. Its primary purpose is to declare different test categories like 'slow', 'integration', 'unit', 'api', 'auth', 'upload', and 'security', enabling granular test selection and organization within a pytest test suite.",,False
https://github.com/HasinthakaPiyumal/AI-Pattern-Mining-Project/tree/main/notebooks/result/ms_repo_callgraph_clusters/RepoGenesis_python/cluster_2.py,"This code defines `ensure_event_loop`, a utility function that guarantees an `asyncio` event loop is active in the current thread. It robustly checks for a running or existing loop, creating and setting a new one only if no loop is found, to satisfy libraries that expect one.",,False
https://github.com/HasinthakaPiyumal/AI-Pattern-Mining-Project/tree/main/notebooks/result/ms_repo_callgraph_clusters/RepoGenesis_python/cluster_15.py,"This Python file defines a suite of utility functions to automate various development tasks, primarily focused on orchestrating different `pytest` test runs (e.g., unit, integration, smoke, coverage, parallel, specific modules) and also includes functions for code linting with `flake8` and formatting with `black`. Each function constructs and executes a specific command-line instruction via a `run_command` helper.",,False
https://github.com/HasinthakaPiyumal/AI-Pattern-Mining-Project/tree/main/notebooks/result/ms_repo_callgraph_clusters/RepoGenesis_python/cluster_18.py,"This Python function, `validate_uuid`, validates if an input string is a well-formed UUID by attempting to parse it into a `uuid.UUID` object within a try-except block. It returns `True` for valid UUID strings and `False` if a `ValueError` indicates an invalid format.",,False
https://github.com/HasinthakaPiyumal/AI-Pattern-Mining-Project/tree/main/notebooks/result/ms_repo_callgraph_clusters/Chatbot_python/cluster_4.py,"This code defines a Streamlit interface for uploading text files and interacting with a chatbot, which then uses a FastAPI backend to process user questions against the uploaded documents via an `answer_question` function. It effectively creates a document-based conversational AI system where users can query their uploaded content.",,False
https://github.com/HasinthakaPiyumal/AI-Pattern-Mining-Project/tree/main/notebooks/result/ms_repo_callgraph_clusters/Chatbot_python/cluster_0.py,"This code defines FastAPI endpoints for a service managing ""collections,"" featuring a function to fetch them from an external chatbot API and another endpoint to retrieve them from a local database via an ORM. The presence of multiple root endpoints suggests it's a compilation of related API definitions from different service contexts (AI, chatbot, document management).",,False
https://github.com/HasinthakaPiyumal/AI-Pattern-Mining-Project/tree/main/notebooks/result/ms_repo_callgraph_clusters/Chatbot_python/cluster_3.py,"This Python generator function, `stream_response`, simulates a word-by-word text stream by splitting an input string and yielding each word with a small time delay, effectively creating a 'typewriter' or 'streaming' display effect.",,False
https://github.com/HasinthakaPiyumal/AI-Pattern-Mining-Project/tree/main/notebooks/result/ms_repo_callgraph_clusters/Chatbot_python/cluster_2.py,"This Python code defines a FastAPI backend for a Retrieval Augmented Generation (RAG) conversational AI system. It manages user conversation history in Redis, retrieves relevant documents from an external service, and then uses an LLM service (e.g., Gemma) to generate context-aware answers to user questions.",,False
https://github.com/HasinthakaPiyumal/AI-Pattern-Mining-Project/tree/main/notebooks/result/ms_repo_callgraph_clusters/Chatbot_python/cluster_5.py,"This FastAPI application provides endpoints for uploading, saving, and retrieving text documents. It processes uploaded `.txt` files, converts their content into embeddable documents, and stores them in a PostgreSQL vector database (`PGVector`) for efficient semantic retrieval.",,False
https://github.com/HasinthakaPiyumal/AI-Pattern-Mining-Project/tree/main/notebooks/result/ms_repo_callgraph_clusters/Hands-on-Microservices-with-Python_python/cluster_0.py,"This Python file defines client classes (`ProductClient`, `OrderClient`, `UserClient`) that serve as an API gateway, making HTTP requests to respective microservices for product, order, and user management. It encapsulates operations like fetching product data, managing shopping carts and checkout, and handling user authentication and creation, often utilizing JSON payloads and API key authorization.",,False
https://github.com/HasinthakaPiyumal/AI-Pattern-Mining-Project/tree/main/notebooks/result/ms_repo_callgraph_clusters/Hands-on-Microservices-with-Python_python/cluster_2.py,"This Flask frontend code defines routes for an e-commerce application, managing product display, user logout, adding items to a shopping cart, and order confirmation. It leverages `ProductClient` and `OrderClient` for backend interactions and uses Flask's session to maintain user and order state.",,False
https://github.com/HasinthakaPiyumal/AI-Pattern-Mining-Project/tree/main/notebooks/result/ms_repo_callgraph_clusters/microservices-demo_python/cluster_0.py,"This Python function, `service_row`, constructs a dashboard `Row` object for a specified service, displaying its title and two panels. These panels are dynamically generated by separate functions to visualize the service's QPS and latency graphs, indicating a modular approach to building monitoring or analytics dashboards.",,False
https://github.com/HasinthakaPiyumal/AI-Pattern-Mining-Project/tree/main/notebooks/result/ms_repo_callgraph_clusters/microservices-demo_python/cluster_1.py,"This Python code defines functions to generate Grafana-compatible graph configurations for monitoring service performance. It specifically creates graphs for Queries Per Second (QPS) by status code and request latency (50th, 99th percentiles, and mean) by constructing parameterized Prometheus query language (PromQL) expressions.",,False
