file,code_summary,label
https://github.com/HasinthakaPiyumal/AI-Pattern-Mining-Project/tree/main/notebooks/result/ms_repo_callgraph_clusters/train-ticket_java/cluster_81.java,"This Java file is a JUnit 4 test class (`VerifyCodeServiceImplTest`) that unit tests the `VerifyCodeServiceImpl`. It utilizes anonymous inner classes to mock `HttpServletRequest` and `HttpServletResponse` objects, providing minimal implementations that mostly return nulls, to verify the functionality of `getImageCode` and `verifyCode` methods.",Other
https://github.com/HasinthakaPiyumal/AI-Pattern-Mining-Project/tree/main/notebooks/result/ms_repo_callgraph_clusters/train-ticket_java/cluster_23.java,"This Spring Boot `@ConfigurationProperties` class externalizes configuration for Spring Cloud Sleuth, specifically allowing users to enable/disable Sleuth and configure the use of 128-bit trace IDs via `spring.sleuth.enabled` and `spring.sleuth.traceId128` properties.",Other
https://github.com/HasinthakaPiyumal/AI-Pattern-Mining-Project/tree/main/notebooks/result/ms_repo_callgraph_clusters/train-ticket_java/cluster_20.java,"This code defines a `User` JPA entity that implements Spring Security's `UserDetails` for persistent user management, including roles. It also provides a `JWTUtil` class responsible for validating and parsing JWTs to extract user details and create Spring Security `Authentication` objects for token-based authentication.",Microservices Security
https://github.com/HasinthakaPiyumal/AI-Pattern-Mining-Project/tree/main/notebooks/result/ms_repo_callgraph_clusters/train-ticket_java/cluster_172.java,"This code defines a custom Spring `AsyncConfigurer` (`LTACus`) that acts as a decorator, primarily to instrument or customize the `Executor` used for `@Async` methods. It wraps the delegate's `Executor` with a new `LTExec` instance, likely for monitoring or tracing, while delegating the `AsyncUncaughtExceptionHandler` directly.",Microservices Observerbility
https://github.com/HasinthakaPiyumal/AI-Pattern-Mining-Project/tree/main/notebooks/result/ms_repo_callgraph_clusters/train-ticket_java/cluster_156.java,"This code configures a Spring AOP advisor and interceptor to enable distributed tracing. It automatically creates or continues tracing spans, logs events, and adds tags for methods, classes, or arguments annotated with `@NewSpan` or `@ContinueSpan`, integrating with a `Chainer` for monitoring.",Microservices Observerbility
https://github.com/HasinthakaPiyumal/AI-Pattern-Mining-Project/tree/main/notebooks/result/ms_repo_callgraph_clusters/train-ticket_java/cluster_134.java,"The `ChainKeys` class is a Spring Boot `@ConfigurationProperties` component that centralizes and allows customization of the default keys/tags used by Spring Cloud Sleuth for distributed tracing. It defines specific string keys for various monitoring contexts, including HTTP requests, messages, Hystrix commands, asynchronous operations, and MVC controllers.",Other
https://github.com/HasinthakaPiyumal/AI-Pattern-Mining-Project/tree/main/notebooks/result/ms_repo_callgraph_clusters/train-ticket_java/cluster_130.java,"This Spring Boot `@ConfigurationProperties` class (`spring.sleuth.keys`) serves as a central configuration point for defining default string keys used in various monitoring contexts like HTTP, Message, Hystrix, Async, and MVC. It organizes these keys using nested static classes, enabling customization for a distributed tracing system like Spring Cloud Sleuth.",Other
https://github.com/HasinthakaPiyumal/AI-Pattern-Mining-Project/tree/main/notebooks/result/ms_repo_callgraph_clusters/spring-petclinic_java/cluster_17.java,"This file is an integration test suite for the Spring PetClinic application's data access layer. It uses Spring Boot's `@DataJpaTest` to verify CRUD operations and data retrieval for `Owner`, `Pet`, `PetType`, `Vet`, and `Visit` entities, ensuring the correct functionality of the repository interfaces and transactional behavior.",Microservices Test
https://github.com/HasinthakaPiyumal/AI-Pattern-Mining-Project/tree/main/notebooks/result/ms_repo_callgraph_clusters/spring-petclinic_java/cluster_16.java,"This code defines a Spring `Validator` for `Pet` objects, specifically validating form data by ensuring the `name`, `type` (for new pets), and `birthDate` fields are present. It explicitly implements the `Validator` interface to apply these rules, opting for programmatic validation over Bean Validation annotations.",Other
https://github.com/HasinthakaPiyumal/AI-Pattern-Mining-Project/tree/main/notebooks/result/ms_repo_callgraph_clusters/spring-boot-based-microservices_java/cluster_22.java,"This Spring Boot REST controller, `MetricsController`, provides endpoints under `/api/metrics` specifically for manual testing of custom Micrometer metrics (request counter and timer) and various error handling scenarios, including simulated delays, runtime exceptions, and HTTP status exceptions. It initializes custom metrics using `@PostConstruct` and demonstrates logging at different levels.",Other
https://github.com/HasinthakaPiyumal/AI-Pattern-Mining-Project/tree/main/notebooks/result/ms_repo_callgraph_clusters/spring-boot-based-microservices_java/cluster_18.java,"This `Course` class serves as a JPA entity for a microservice's domain model, defining course attributes like title, author, and price with Jakarta Bean Validation constraints, and leveraging Spring Data auditing for automatic creation/modification timestamps and optimistic locking.",Domain-driven design
https://github.com/HasinthakaPiyumal/AI-Pattern-Mining-Project/tree/main/notebooks/result/ms_repo_callgraph_clusters/sample.plantsbywebsphere_java/cluster_36.java,"This Java class defines a JPA entity bean, `Supplier`, which maps to the `SUPPLIER` database table and represents supplier information with fields like `supplierID`, `name`, and address details. It includes named queries for retrieving all suppliers and for bulk deletion of all supplier records.",Domain-driven design
https://github.com/HasinthakaPiyumal/AI-Pattern-Mining-Project/tree/main/notebooks/result/ms_repo_callgraph_clusters/sample.daytrader7_java/cluster_78.java,"This JSF managed bean (`@Named(""tradeconfig"")`) provides a web-based interface for configuring the DayTrader sample application, allowing users to dynamically update runtime parameters like operation modes, user/quote limits, and tracing. It also facilitates administrative tasks such as resetting trade data and building or populating the application's database.",Other
https://github.com/HasinthakaPiyumal/AI-Pattern-Mining-Project/tree/main/notebooks/result/ms_repo_callgraph_clusters/sample.daytrader7_java/cluster_56.java,"This code defines a ""Ping"" service for the DayTrader sample application, demonstrating various Java EE patterns. It features a stateful EJB (`PingEJBLocal`) that returns an incrementing hit count, which is then wrapped by a CDI decorator (`PingEJBLocalDecorator`) and potentially intercepted by a CDI interceptor (`PingInterceptor`), alongside a basic data bean (`PingBean`).",Other
https://github.com/HasinthakaPiyumal/AI-Pattern-Mining-Project/tree/main/notebooks/result/ms_repo_callgraph_clusters/sample.daytrader7_java/cluster_40.java,"This `TradeConfig` class centralizes all configuration and runtime parameters for the DayTrader sample application, defining operational modes, database settings, and UI types. It also provides a comprehensive suite of static utility methods for generating random trade-related data (users, quotes, prices) and simulating workload scenarios, notably employing a ""card deck"" algorithm for user selection.",Microservices Test
https://github.com/HasinthakaPiyumal/AI-Pattern-Mining-Project/tree/main/notebooks/result/ms_repo_callgraph_clusters/Retail-Banking-System_java/cluster_21.java,This code file contains Spring Boot test classes for two distinct microservices within a Retail Banking System: an Authentication-MS and a Transaction-MS. It primarily focuses on validating the application context and overall integration of these backend services.,Service Implementation
https://github.com/HasinthakaPiyumal/AI-Pattern-Mining-Project/tree/main/notebooks/result/ms_repo_callgraph_clusters/RepoGenesis_java/cluster_8.java,"This Java code is an ordered integration test suite for a `ChatGatewayApplication`, utilizing Spring Boot Test and RestAssured to perform end-to-end API validation. It systematically simulates user interactions such as registration, login, status updates, private and group messaging, and group management, asserting expected HTTP responses and data structures.",Microservices Test
https://github.com/HasinthakaPiyumal/AI-Pattern-Mining-Project/tree/main/notebooks/result/ms_repo_callgraph_clusters/RepoGenesis_java/cluster_2.java,"This collection of Java JUnit 5 integration tests systematically validates the REST APIs of several distinct web applications (built with Spark, Javalin, and Micronaut). Each test suite covers comprehensive CRUD operations and domain-specific functionalities, such as user authentication, dashboard management, task tracking, online judge features, and CI/CD pipeline interactions, primarily using Unirest or RestAssured for HTTP requests.",Microservices Test
https://github.com/HasinthakaPiyumal/AI-Pattern-Mining-Project/tree/main/notebooks/result/ms_repo_callgraph_clusters/piggymetrics_java/cluster_7.java,"This code defines the core services for user authentication and financial account management within a microservice architecture. It implements user creation with BCrypt password hashing and Spring Security integration for authentication, alongside RESTful endpoints to create, retrieve, and update user financial accounts (incomes, expenses, savings) persisted in MongoDB.",Microservices Security
https://github.com/HasinthakaPiyumal/AI-Pattern-Mining-Project/tree/main/notebooks/result/ms_repo_callgraph_clusters/piggymetrics_java/cluster_28.java,"This `CustomUserInfoTokenServices` class implements Spring Security's `ResourceServerTokenServices` to validate OAuth2 access tokens by fetching user details from a configured user info endpoint. It specifically extends the default behavior by extracting the calling service's `clientId` and `scope` from the user info response, providing richer context for downstream security checks.",Microservices Test
https://github.com/HasinthakaPiyumal/AI-Pattern-Mining-Project/tree/main/notebooks/result/ms_repo_callgraph_clusters/piggymetrics_java/cluster_2.java,"This code comprises a collection of Spring Boot integration tests for various `piggymetrics` microservices, each designed to verify that its respective application context loads successfully. The tests primarily use an empty `contextLoads()` method, serving as a basic sanity check for service startup across the microservice architecture.",Microservices Test
https://github.com/HasinthakaPiyumal/AI-Pattern-Mining-Project/tree/main/notebooks/result/ms_repo_callgraph_clusters/micronaut-microservices-poc_java/cluster_48.java,"This class defines a singleton `PolicySearchCommandBus`, specializing the generic `MicronautCommandBus` to handle command dispatching specifically within the policy search domain. It serves as an infrastructure adapter, leveraging a `Registry` to manage and execute commands relevant to the policy search service.",Other
https://github.com/HasinthakaPiyumal/AI-Pattern-Mining-Project/tree/main/notebooks/result/ms_repo_callgraph_clusters/jpetstore-6_java/cluster_5.java,"This code implements the core catalog, shopping cart, and order management functionalities of the JPetStore application, enabling users to browse products, manage their cart, and complete purchases. It employs a layered architecture utilizing Spring for services, MyBatis for data persistence, and Stripes for the web presentation, with extensive JUnit 5 tests validating functionality.",Service Implementation
https://github.com/HasinthakaPiyumal/AI-Pattern-Mining-Project/tree/main/notebooks/result/ms_repo_callgraph_clusters/jpetstore-6_java/cluster_43.java,"This Java file contains Selenide-based automated integration tests for the JPetStore web application. It systematically verifies various user flows, such as user registration, login, product browsing, cart management, and order placement, by simulating browser interactions and asserting UI states.",Microservices Test
https://github.com/HasinthakaPiyumal/AI-Pattern-Mining-Project/tree/main/notebooks/result/ms_repo_callgraph_clusters/jpetstore-6_java/cluster_39.java,"This code defines the `Product` and `Category` domain model classes for the JPetStore application, acting as simple data structures to encapsulate entity properties like ID, name, and description. These standard POJOs implement `Serializable` and provide basic getters/setters, notably trimming whitespace from their respective ID fields during assignment.",Domain-driven design
https://github.com/HasinthakaPiyumal/AI-Pattern-Mining-Project/tree/main/notebooks/result/ms_repo_callgraph_clusters/jpetstore-6_java/cluster_18.java,"This `CatalogActionBean` is a Stripes web action component for the JPetStore application, responsible for managing the display and search functionality of the product catalog. It retrieves categories, products, and items using a `CatalogService` and forwards to appropriate JSP views, maintaining state across user sessions.",Service Implementation
https://github.com/HasinthakaPiyumal/AI-Pattern-Mining-Project/tree/main/notebooks/result/ms_repo_callgraph_clusters/jpetstore-6_java/cluster_16.java,"This code defines the `CatalogActionBean`, a Stripes web controller responsible for managing the display and search functionality of the JPetStore catalog. It handles requests to view categories, products, and individual items, leveraging a `CatalogService` for data retrieval and using Spring for dependency injection, with `Item` being a core domain object representing a product variant.",Service Implementation
https://github.com/HasinthakaPiyumal/AI-Pattern-Mining-Project/tree/main/notebooks/result/ms_repo_callgraph_clusters/ita-challenges-backend_java/cluster_30.java,"This file contains integration tests for an `ErrorResponseBuilder` class, verifying its functionality to construct detailed `APIErrorResponse` objects from various Spring Web and validation exceptions. It ensures the builder correctly extracts error details, sets appropriate HTTP statuses, and uses externalized messages from `core-messages.properties` for user-friendly error descriptions.",Microservices Test
https://github.com/HasinthakaPiyumal/AI-Pattern-Mining-Project/tree/main/notebooks/result/ms_repo_callgraph_clusters/Hands-on-Microservices-with-Python_python/cluster_1.py,"This Flask code defines frontend routes for user authentication and order processing. It manages user login, session state, and form validation, interacting with `UserClient` and `OrderClient` to authenticate users, retrieve user/order details, and finalize purchases.",Microservices Security
https://github.com/HasinthakaPiyumal/AI-Pattern-Mining-Project/tree/main/notebooks/result/ms_repo_callgraph_clusters/ftgo-application_java/cluster_96.java,"This `Identity` class is a Plain Old Java Object (POJO) designed to encapsulate comprehensive identity information, primarily focusing on AWS Cognito details and general request attributes like source IP, user agent, and API key. It serves as a data structure, following the standard JavaBean pattern with private fields and public getters/setters.",Microservices Security
https://github.com/HasinthakaPiyumal/AI-Pattern-Mining-Project/tree/main/notebooks/result/ms_repo_callgraph_clusters/ftgo-application_java/cluster_89.java,"This `Identity` class serves as a Plain Old Java Object (POJO) or Data Transfer Object (DTO) to encapsulate various identity-related attributes, primarily those derived from AWS Cognito and API Gateway request contexts, for use within the `ftgo-restaurantservice`. It provides standard getters and setters for details like Cognito IDs, account ID, caller information, and user agent.",Microservices Security
https://github.com/HasinthakaPiyumal/AI-Pattern-Mining-Project/tree/main/notebooks/result/ms_repo_callgraph_clusters/ftgo-application_java/cluster_69.java,"This code provides utility classes, `ApiGatewayRequest` and `ApiGatewayResponse`, designed to simplify handling AWS API Gateway proxy requests and responses within a Lambda function. `ApiGatewayResponse` notably uses a builder pattern to construct `APIGatewayProxyResponseEvent` objects, supporting automatic JSON serialization for objects and Base64 encoding for binary response bodies.",Other
https://github.com/HasinthakaPiyumal/AI-Pattern-Mining-Project/tree/main/notebooks/result/ms_repo_callgraph_clusters/ftgo-application_java/cluster_58.java,"This Java class, `RequestContext`, functions as a data transfer object (DTO) to encapsulate various attributes of an incoming request, specifically those commonly found in AWS API Gateway or Lambda event contexts. It provides standard getters and setters for accessing details like `accountId`, `resourceId`, `stage`, `requestId`, `httpMethod`, and `apiId`.",Domain-driven design
https://github.com/HasinthakaPiyumal/AI-Pattern-Mining-Project/tree/main/notebooks/result/ms_repo_callgraph_clusters/ftgo-application_java/cluster_57.java,"This Java class, `RequestContext`, functions as a data transfer object (DTO) specifically designed to encapsulate various attributes of an AWS API Gateway or Lambda request, such as `accountId`, `resourcePath`, `httpMethod`, and `apiId`. It provides standard getter and setter methods for accessing and modifying this contextual information.",Domain-driven design
https://github.com/HasinthakaPiyumal/AI-Pattern-Mining-Project/tree/main/notebooks/result/ms_repo_callgraph_clusters/ftgo-application_java/cluster_47.java,"This Spring `@Configuration` class defines the domain layer for a restaurant service, setting up the `RestaurantService` and its `RestaurantRepository` using Spring Data JPA. It also imports configurations for event publishing and common utilities, suggesting an event-driven microservice architecture.",Service Implementation
https://github.com/HasinthakaPiyumal/AI-Pattern-Mining-Project/tree/main/notebooks/result/ms_repo_callgraph_clusters/ftgo-application_java/cluster_28.java,"This code file aggregates various Java components from a microservices application, defining core data models like `Order`, `Delivery`, and `Address`, alongside domain logic for order lifecycle management using event sourcing. It also includes gRPC client/server implementations for order operations, DynamoDB configuration for order history, and utility classes for data mapping and testing, reflecting a Domain-Driven Design approach.",Domain-driven design
https://github.com/HasinthakaPiyumal/AI-Pattern-Mining-Project/tree/main/notebooks/result/ms_repo_callgraph_clusters/ftgo-application_java/cluster_150.java,"This Java class, `TramCommandsAndEventsIntegrationData`, provides dynamically generated, timestamp-suffixed string identifiers for various command and event channels, aggregate destinations, and dispatchers. It serves as integration data, likely for configuring a messaging or event-driven framework (e.g., Tram Sagas) within a microservices architecture, possibly for testing or unique instance identification.",EDA
https://github.com/HasinthakaPiyumal/AI-Pattern-Mining-Project/tree/main/notebooks/result/ms_repo_callgraph_clusters/ftgo-application_java/cluster_15.java,"This extensive Java codebase implements a microservices-based food delivery application (FTGO), defining domain models, REST/gRPC APIs, and business logic for core services like Order, Restaurant, Kitchen, Delivery, and Consumer. It leverages an event-driven architecture with sagas for inter-service coordination, JPA for transactional persistence, and DynamoDB for a CQRS-based order history read model.",Domain-driven design
https://github.com/HasinthakaPiyumal/AI-Pattern-Mining-Project/tree/main/notebooks/result/ms_repo_callgraph_clusters/ftgo-application_java/cluster_139.java,"This `Result` class encapsulates a list of `DomainEvent` objects and a boolean `allowed` status, representing the outcome of an operation. It employs a static nested `Builder` pattern for fluent construction, allowing events to be added and the `allowed` status to be set (notably, both `pending()` and `allowed()` builder methods currently set `allowed` to `false`).",Domain-driven design
https://github.com/HasinthakaPiyumal/AI-Pattern-Mining-Project/tree/main/notebooks/result/ms_repo_callgraph_clusters/ftgo-application_java/cluster_135.java,"This Java class, `BeginReviseOrderCommand`, functions as a command object within a saga participant context to initiate the revision of an existing order. It specifically encapsulates the `orderId` and the `OrderRevision` details required to begin the update process.",Saga
https://github.com/HasinthakaPiyumal/AI-Pattern-Mining-Project/tree/main/notebooks/result/ms_repo_callgraph_clusters/ftgo-application_java/cluster_113.java,"This Spring configuration establishes the messaging infrastructure for the accounting service, leveraging Eventuate Tram to define and manage event consumers and command handlers. It specifically configures dispatchers for domain events and commands, and integrates with sagas to process replies related to `Account` entities within an event-driven architecture.",EDA
https://github.com/HasinthakaPiyumal/AI-Pattern-Mining-Project/tree/main/notebooks/result/ms_repo_callgraph_clusters/DeathStarBench_python/cluster_54.py,"This Python code defines an Apache Thrift client (`Client` class) for a user management service. It implements methods for user registration (with or without a pre-defined ID), login, and retrieving user-related information, utilizing a distinct `send_` and `recv_` pattern for each remote procedure call.",Service Implementation
https://github.com/HasinthakaPiyumal/AI-Pattern-Mining-Project/tree/main/notebooks/result/ms_repo_callgraph_clusters/DeathStarBench_python/cluster_23.py,"This Python code defines an Apache Thrift RPC client within the `Client` class, specifically implementing the `ReadPage` operation. It handles sending requests with movie ID and review range parameters to a remote service and synchronously processes the received page data or any service-level exceptions.",Service Implementation
https://github.com/HasinthakaPiyumal/AI-Pattern-Mining-Project/tree/main/notebooks/result/ms_repo_callgraph_clusters/DeathStarBench_python/cluster_17.py,"This Python code defines an Apache Thrift client for user management, providing methods for user registration (with or without a pre-assigned ID), user login, and uploading user data by ID or username. It implements a clear send/receive pattern for each remote procedure call, handling message serialization/deserialization and exception handling via Thrift's protocol.",Microservices Security
https://github.com/HasinthakaPiyumal/AI-Pattern-Mining-Project/tree/main/notebooks/result/ms_repo_callgraph_clusters/DeathStarBench_python/cluster_11.py,"This Python code defines an Apache Thrift client for a movie information service. It provides methods to remotely write new movie details, read existing movie information, and update movie ratings, handling the underlying RPC message serialization and deserialization.",Service Implementation
https://github.com/HasinthakaPiyumal/AI-Pattern-Mining-Project/tree/main/notebooks/result/ms_repo_callgraph_clusters/crypto_crawler_python/cluster_48.py,"This Python snippet defines `get_message_queue`, a function that provides a cached or singleton access point to a message queue. It ensures that a connection is established via `connect_to_message_queue` only once, reusing the existing `MESSAGE_QUEUE` instance for subsequent calls.",EDA
https://github.com/HasinthakaPiyumal/AI-Pattern-Mining-Project/tree/main/notebooks/result/ms_repo_callgraph_clusters/crypto_crawler_python/cluster_40.py,"This code defines two nearly identical functions, `check_all_combinations` and `check_all_combinations_list`, which generate all ordered pairs (permutations) from a given list of tickers. For each ticker pair, they apply a provided `predicate` function with a specified `threshold`, accumulating and returning any results where the predicate evaluates as true.",Other
https://github.com/HasinthakaPiyumal/AI-Pattern-Mining-Project/tree/main/notebooks/result/ms_repo_callgraph_clusters/acmeair_java/cluster_67.java,"The `StatResult` class serves as a data transfer object for statistical metrics (min, max, average, sum, count). It provides a static utility method, `getStatistics`, which calculates these statistics from a list of `Double` values, notably **excluding the first and last elements** of the input list from its computations.",Other
https://github.com/HasinthakaPiyumal/AI-Pattern-Mining-Project/tree/main/notebooks/result/ms_repo_callgraph_clusters/acmeair_java/cluster_60.java,"This `WXSSessionManager` class provides a singleton utility for the AcmeAir application, managing client connections and sessions to an IBM WebSphere eXtreme Scale (WXS) data grid. It dynamically configures WXS client connections by loading settings from JNDI, environment variables (including VCAP_SERVICES), or system properties, and integrates with transaction managers for session management.",Other
https://github.com/HasinthakaPiyumal/AI-Pattern-Mining-Project/tree/main/notebooks/result/ms_repo_callgraph_clusters/acmeair_java/cluster_4.java,"This `BookingImpl` class is a serializable entity representing a flight booking in the Acme Air application, specifically designed for WebSphere eXtreme Scale (WXS). It encapsulates booking details, including composite primary keys for the booking and flight, the booking date, and references to associated customer and flight objects, along with standard accessors and equality logic.",Domain-driven design
https://github.com/HasinthakaPiyumal/AI-Pattern-Mining-Project/tree/main/notebooks/result/ms_repo_callgraph_clusters/piggymetrics_java/cluster_0.java,"This code defines a Spring Cloud microservices architecture for a ""Piggymetrics"" application, orchestrating multiple services like an API Gateway (Zuul), Eureka Discovery, Config Server, OAuth2 authorization, and Hystrix monitoring. It integrates domain-specific services for account, statistics, and notifications, leveraging Feign clients and custom MongoDB converters.",Other
https://github.com/HasinthakaPiyumal/AI-Pattern-Mining-Project/tree/main/notebooks/result/ms_repo_callgraph_clusters/saigonparking_java/cluster_6.java,"This code defines a gRPC microservices framework for ""SaigonParking,"" leveraging server and client interceptors for robust JWT-based authentication, authorization, and secure internal service communication. It also integrates service discovery, MapStruct for enum mapping, and custom SQL functions across various service configurations.",Microservices Security
https://github.com/HasinthakaPiyumal/AI-Pattern-Mining-Project/tree/main/notebooks/result/ms_repo_callgraph_clusters/spring-boot-based-microservices_java/cluster_23.java,"This Spring WebFlux composite microservice aggregates course and review details by concurrently calling separate `course-service` and `review-service` endpoints. It exposes a REST API that fetches this combined data, securing inter-service communication using an OAuth2 JWT token.",Service Implementation
https://github.com/HasinthakaPiyumal/AI-Pattern-Mining-Project/tree/main/notebooks/result/ms_repo_callgraph_clusters/springboot-kafka-microservices_java/cluster_7.java,"This code defines Spring `@Repository` classes (`OrderRedis`, `ProductRedis`, `PaymentRedis`) for caching and managing `Order`, `Product`, and `Payment` entities in Redis using hash operations with a 1-hour expiration. Additionally, it includes global exception handlers (`GlobalException`, `ValidationExceptionHandler`) that use Spring's `@ControllerAdvice` to provide consistent `ApiResponse` structures for various errors, such as validation failures and resource not found exceptions.",Other
https://github.com/HasinthakaPiyumal/AI-Pattern-Mining-Project/tree/main/notebooks/result/ms_repo_callgraph_clusters/spring-boot-based-microservices_java/cluster_0.java,"This Spring Boot microservices application provides RESTful APIs for managing courses and reviews, with a composite service aggregating data from both. It secures all services and the API Gateway using Spring Security's OAuth2 Resource Server with JWTs, extracting roles from claims for fine-grained authorization and leveraging Spring WebFlux for reactive processing.",Microservices Security
https://github.com/HasinthakaPiyumal/AI-Pattern-Mining-Project/tree/main/notebooks/result/ms_repo_callgraph_clusters/crypto_crawler_python/cluster_20.py,"This `MessageQueue` class implements a Redis-backed message queue, leveraging Redis lists for storage. It supports both FIFO and LIFO message handling, automatically timestamps general messages, and uses `pickle` for serializing and deserializing specific ""order"" objects.",EDA
https://github.com/HasinthakaPiyumal/AI-Pattern-Mining-Project/tree/main/notebooks/result/ms_repo_callgraph_clusters/saigonparking_java/cluster_43.java,"This code defines the main entry points for six distinct Spring Boot microservices (Auth, ParkingLot, User, Booking, Mail, Contact) that collectively form the ""Saigon Parking"" application. Each service is configured for both standalone execution and WAR deployment, consistently utilizing `@SpringBootApplication` and `@EnableScheduling`.",API Gateway
https://github.com/HasinthakaPiyumal/AI-Pattern-Mining-Project/tree/main/notebooks/result/ms_repo_callgraph_clusters/DeathStarBench_python/cluster_31.py,"This code defines a comprehensive set of client-side utilities and Dapr-enabled microservices for a distributed application, primarily handling media processing (video scaling, thumbnailing, scene/face/object detection) and social media features (posts, timelines, user interactions, sentiment analysis). It extensively leverages Dapr for state management, pub/sub messaging, and service invocation, integrating `ffmpeg` and `opencv` for media manipulation and employing worker pools with priority queues for asynchronous, performance-monitored processing.",Other
https://github.com/HasinthakaPiyumal/AI-Pattern-Mining-Project/tree/main/notebooks/result/ms_repo_callgraph_clusters/piggymetrics_java/cluster_6.java,"This code defines several Spring Boot microservices (Auth, Statistics, Account, Notification) for the Piggymetrics application, managing user authentication, financial statistics, account details, and notification settings. It exposes REST APIs, enforces access control with `@PreAuthorize`, and uses Spring Cloud Feign clients with Hystrix fallbacks for resilient inter-service communication.",Microservices Security
https://github.com/HasinthakaPiyumal/AI-Pattern-Mining-Project/tree/main/notebooks/result/ms_repo_callgraph_clusters/ita-challenges-backend_java/cluster_40.java,"This code configures broad Cross-Origin Resource Sharing (CORS) access for multiple Spring Boot services (user, challenge, auth), allowing all origins and HTTP methods. Additionally, it provides a generic `DocumentToDtoConverter` utility that leverages ModelMapper for mapping various challenge-related database documents to their respective DTOs, including custom type mappings and a `LocalDateTime` to `String` converter.",Other
https://github.com/HasinthakaPiyumal/AI-Pattern-Mining-Project/tree/main/notebooks/result/ms_repo_callgraph_clusters/ita-challenges-backend_java/cluster_3.java,"This reactive Spring Boot microservice backend manages a coding challenge platform, providing comprehensive functionality for user authentication (GitHub OAuth, JWT), challenge lifecycle (CRUD, filtering, solutions, resources, tags), and user-challenge interactions (bookmarks, favorites). It extensively utilizes Project Reactor for non-blocking operations, caching for performance, and inter-service communication via WebClient.",Microservices Security
https://github.com/HasinthakaPiyumal/AI-Pattern-Mining-Project/tree/main/notebooks/result/ms_repo_callgraph_clusters/piggymetrics_java/cluster_26.java,"This code defines domain models for financial statistics, including currency exchange rates and daily account data points, which are persisted in MongoDB. It features client-side logic with a fallback for fetching external exchange rates, demonstrating caching behavior and currency conversion, all thoroughly tested with unit and integration tests.",Domain-driven design
https://github.com/HasinthakaPiyumal/AI-Pattern-Mining-Project/tree/main/notebooks/result/ms_repo_callgraph_clusters/Retail-Banking-System_java/cluster_20.java,"This code defines a comprehensive, centralized exception handling framework for a multi-microservice Retail Banking System. It leverages Spring's `@RestControllerAdvice` and `@ExceptionHandler` to consistently manage various custom exceptions (e.g., `MinimumBalanceException`, `AccessDeniedException`) and return structured error responses across services like Account, Authentication, Rules, and Transaction.",Other
https://github.com/HasinthakaPiyumal/AI-Pattern-Mining-Project/tree/main/notebooks/result/ms_repo_callgraph_clusters/spring-boot-based-microservices_java/cluster_8.java,"This code implements a set of Spring Boot microservices for managing courses and their associated reviews, including a composite service to fetch combined data. It utilizes Spring WebFlux for reactive programming and secures its REST APIs with OAuth2 JWTs, extracting roles from `realm_access` and `resource_access` claims for fine-grained authorization.",Service Implementation
https://github.com/HasinthakaPiyumal/AI-Pattern-Mining-Project/tree/main/notebooks/result/ms_repo_callgraph_clusters/train-ticket_python/cluster_4.py,"This Python code defines a Tornado web handler (`GetVoucherHandler`) that manages travel vouchers. It retrieves voucher details from a local MySQL database or, if a voucher doesn't exist for a given order, fetches order information from external microservices (either `ts-order-service` or `ts-order-other-service` based on order type and environment variables) before persisting and returning the newly created voucher.",Service Implementation
https://github.com/HasinthakaPiyumal/AI-Pattern-Mining-Project/tree/main/notebooks/result/ms_repo_callgraph_clusters/ita-challenges-backend_java/cluster_5.java,"This extensive Java Spring WebFlux codebase implements a reactive backend for a challenge platform, managing challenges, user interactions (favorites, bookmarks, solutions), and associated resources. It features robust GitHub OAuth authentication, centralized error handling, and comprehensive testing, leveraging Project Reactor for asynchronous operations and MongoDB for persistence.",Backends for Frontends
https://github.com/HasinthakaPiyumal/AI-Pattern-Mining-Project/tree/main/notebooks/result/ms_repo_callgraph_clusters/springboot-kafka-microservices_java/cluster_9.java,"This code defines core security and API gateway components for a microservices application, including custom Spring Security handlers for access denied and unauthorized requests, and Spring Cloud Gateway filters for JWT authentication and role/permission-based authorization. It also integrates Cloudinary for asynchronous image upload and resizing, utilizing a common `ApiResponse` DTO for standardized JSON error responses across services.",Microservices Security
https://github.com/HasinthakaPiyumal/AI-Pattern-Mining-Project/tree/main/notebooks/result/ms_repo_callgraph_clusters/springboot-kafka-microservices_java/cluster_20.java,"This code defines Spring components for a microservices application, primarily managing product data with CRUD operations, dynamic searching, and image uploads via Cloudinary, while extensively utilizing Redis for caching product, order, and payment entities. It also includes JWT utilities for token validation and authorization claim extraction, indicating a focus on performance and security within a distributed system.",Service Implementation
https://github.com/HasinthakaPiyumal/AI-Pattern-Mining-Project/tree/main/notebooks/result/ms_repo_callgraph_clusters/crypto_crawler_python/cluster_35.py,"This Python file implements a multi-exchange cryptocurrency interaction system, featuring a robust `OrderBook` class for managing and incrementally updating market depth from various exchange formats. It unifies functions for fetching market data, executing trades, and managing API keys across multiple exchanges, employing dispatcher patterns and asynchronous processing, and includes comprehensive unit tests for these functionalities.",Service Implementation
https://github.com/HasinthakaPiyumal/AI-Pattern-Mining-Project/tree/main/notebooks/result/ms_repo_callgraph_clusters/micronaut-microservices-poc_java/cluster_50.java,"This collection of Micronaut Java files implements data access and API endpoints for various microservices, managing entities like policies, products, and policy accounts. It prominently features reactive programming with RxJava for asynchronous operations, utilizing both MongoDB and in-memory mock repositories, alongside Micronaut Data JPA for persistence contracts.",Service Implementation
https://github.com/HasinthakaPiyumal/AI-Pattern-Mining-Project/tree/main/notebooks/result/ms_repo_callgraph_clusters/train-ticket_java/cluster_1.java,"This code defines a collection of Spring Boot microservices, exemplified by user administration and authentication services, designed for a distributed system. It leverages Spring Cloud for service discovery and client-side load balancing, implements JWT for security, and includes a custom component for distributed tracing.",Microservices Security
https://github.com/HasinthakaPiyumal/AI-Pattern-Mining-Project/tree/main/notebooks/result/ms_repo_callgraph_clusters/piggymetrics_java/cluster_24.java,"This file defines two Spring Boot microservices for the Piggymetrics application: `StatisticsApplication` and `NotificationServiceApplication`. Both are configured as OAuth2 clients, integrate with a discovery service, and utilize Feign for inter-service communication, while also providing custom MongoDB converters for their respective domain-specific data types (`DataPointId` and `Frequency`).",Service Implementation
https://github.com/HasinthakaPiyumal/AI-Pattern-Mining-Project/tree/main/notebooks/result/ms_repo_callgraph_clusters/saigonparking_java/cluster_3.java,"This code implements a suite of gRPC services for a ""SaigonParking"" system, providing comprehensive functionalities for user authentication, authorization, and the management of parking lots and bookings. It integrates real-time WebSocket communication via RabbitMQ for dynamic updates and utilizes gRPC interceptors for secure, role-based access control across services.",Service Implementation
https://github.com/HasinthakaPiyumal/AI-Pattern-Mining-Project/tree/main/notebooks/result/ms_repo_callgraph_clusters/ita-challenges-backend_java/cluster_7.java,"This code represents a microservice ecosystem for an ""ITA Challenges"" platform, handling challenge management, user interactions like solutions and favorites, and GitHub-based authentication. It extensively uses reactive programming with Spring WebFlux, MongoDB for persistence, and features a centralized error handling module alongside aggregated OpenAPI documentation for its various services.",Service Implementation
https://github.com/HasinthakaPiyumal/AI-Pattern-Mining-Project/tree/main/notebooks/result/ms_repo_callgraph_clusters/ita-challenges-backend_java/cluster_31.java,"This code primarily implements JWT (JSON Web Token) services for token generation, validation, and claim extraction, alongside multiple distinct global exception handlers and error response builders. These handlers are tailored for different microservices (authentication, user, challenge, and a general error core), demonstrating a modular approach to security and error management within a microservice architecture.",Microservices Security
https://github.com/HasinthakaPiyumal/AI-Pattern-Mining-Project/tree/main/notebooks/result/ms_repo_callgraph_clusters/ftgo-application_java/cluster_38.java,"This code configures the FTGO API Gateway, primarily using Spring Cloud Gateway to define routing rules for `/consumers` and `/orders` endpoints to their respective backend microservices. It also establishes a reactive endpoint for fetching specific order details, integrating data from multiple internal services.",API Gateway
https://github.com/HasinthakaPiyumal/AI-Pattern-Mining-Project/tree/main/notebooks/result/ms_repo_callgraph_clusters/micronaut-microservices-poc_java/cluster_15.java,"This microservices system manages insurance policies, handling their creation from offers, termination, and pricing, supported by services for authentication, dashboard reporting, payment accounts, and policy search. It employs Command-Query Responsibility Segregation (CQRS) and an event-driven architecture with Kafka for inter-service communication and building dedicated read models.",CQRS
https://github.com/HasinthakaPiyumal/AI-Pattern-Mining-Project/tree/main/notebooks/result/ms_repo_callgraph_clusters/spring-boot-based-microservices_java/cluster_7.java,"This file defines a collection of Spring Boot microservices, including an API Gateway, a Course service (connecting to PostgreSQL), a Review service (connecting to MongoDB), and a Course Composite service. It exemplifies a microservices architecture where each service is a standalone Spring Boot application, handling specific domain logic and data persistence.",Service Implementation
https://github.com/HasinthakaPiyumal/AI-Pattern-Mining-Project/tree/main/notebooks/result/ms_repo_callgraph_clusters/springboot-kafka-microservices_java/cluster_38.java,"This collection of Spring Boot microservice files implements an e-commerce system, managing orders, products, and payments through an event-driven architecture with Kafka, caching with Redis, and integrating with PayPal and Cloudinary, all secured by Spring Security with JWT for role-based access.",EDA
https://github.com/HasinthakaPiyumal/AI-Pattern-Mining-Project/tree/main/notebooks/result/ms_repo_callgraph_clusters/train-ticket_java/cluster_8.java,"This code defines Spring Security configurations for multiple microservices, establishing a consistent security model across them. It primarily implements JWT-based authentication with stateless sessions, BCrypt password encoding, and broad CORS allowances, while defining granular role-based access control for specific API endpoints.",Microservices Security
https://github.com/HasinthakaPiyumal/AI-Pattern-Mining-Project/tree/main/notebooks/result/ms_repo_callgraph_clusters/springboot-kafka-microservices_java/cluster_23.java,"This code defines components for a microservices architecture, implementing Feign interceptors to propagate authentication tokens and cookies, and Spring Cloud Gateway filters for JWT-based authentication and role-based access control. It also includes an email service responsible for sending templated order confirmation emails, dynamically fetching product details from another service.",Microservices Security
https://github.com/HasinthakaPiyumal/AI-Pattern-Mining-Project/tree/main/notebooks/result/ms_repo_callgraph_clusters/saigonparking_java/cluster_22.java,"These Spring `@Configuration` classes define the core infrastructure for the `auth` and `user` microservices within the `saigonparking` application. They establish common beans like `BCryptPasswordEncoder` and `SaigonParkingClientInterceptor`, while also configuring service-specific components such as authentication for the `auth` service and a gRPC server interceptor with detailed exception mapping for the `user` service.",Microservices Security
https://github.com/HasinthakaPiyumal/AI-Pattern-Mining-Project/tree/main/notebooks/result/ms_repo_callgraph_clusters/crypto_crawler_python/cluster_11.py,"This Python file defines data models for cryptocurrency exchange data, specifically `Candle`, `TradeHistory`, `Ticker`, and `OrderBook`, each with class methods to parse data from multiple exchange-specific JSON formats. It also includes HMAC signing functions for API authentication and sophisticated logic for managing and updating order book entries, including sequence ID checks and efficient bid/ask manipulation.",Domain-driven design
https://github.com/HasinthakaPiyumal/AI-Pattern-Mining-Project/tree/main/notebooks/result/ms_repo_callgraph_clusters/piggymetrics_java/cluster_4.java,"This code defines the main Spring Boot application entry points for four Piggymetrics microservices: Auth, Statistics, Account, and Notification. These services form a Spring Cloud ecosystem, leveraging service discovery, OAuth2 for security, Feign for inter-service communication, and specific features like circuit breakers and scheduled tasks.",Service Implementation
https://github.com/HasinthakaPiyumal/AI-Pattern-Mining-Project/tree/main/notebooks/result/ms_repo_callgraph_clusters/train-ticket_java/cluster_39.java,"This Spring service manages train ticket orders, providing functionalities for creation, retrieval, modification, cancellation, and querying of order details and sold ticket statistics. It uses Spring Data JPA for persistence and `RestTemplate` for inter-service communication, with a notable pattern of two almost identical service implementations (`OrderServiceImpl` and `OrderOtherServiceImpl`) possibly indicating redundancy or a multi-context design.",Service Implementation
https://github.com/HasinthakaPiyumal/AI-Pattern-Mining-Project/tree/main/notebooks/result/ms_repo_callgraph_clusters/sample.plantsbywebsphere_java/cluster_55.java,"This Java class, `LoginInfo`, functions as a JSF backing bean designed to store user login credentials and messages for a web page. It utilizes Java Bean Validation annotations to enforce specific format requirements for the email field and length constraints for the password.",Backends for Frontends
https://github.com/HasinthakaPiyumal/AI-Pattern-Mining-Project/tree/main/notebooks/result/ms_repo_callgraph_clusters/train-ticket_java/cluster_18.java,"This Spring `@ControllerAdvice` class provides global exception handling, specifically catching `UserOperationException` instances and returning an HTTP 500 (Internal Server Error) status with the exception's message. It centralizes error responses for user-related operational failures across the application.",Other
https://github.com/HasinthakaPiyumal/AI-Pattern-Mining-Project/tree/main/notebooks/result/ms_repo_callgraph_clusters/crypto_crawler_python/cluster_15.py,"This `MessageQueue` class implements a Redis-backed message queue, utilizing Redis lists for both FIFO and LIFO operations. It features timestamping for general messages and serialization (pickling) for specific data like orders, with support for blocking retrieval.",EDA
https://github.com/HasinthakaPiyumal/AI-Pattern-Mining-Project/tree/main/notebooks/result/ms_repo_callgraph_clusters/ita-challenges-backend_java/cluster_4.java,"This Spring `@Service` acts as a facade within the `itachallenge-auth` module, providing JWT token generation, validation, and claim extraction by delegating all operations to an underlying `IJwtService`. It simplifies access to core JWT functionalities for the authentication service.",Microservices Security
https://github.com/HasinthakaPiyumal/AI-Pattern-Mining-Project/tree/main/notebooks/result/ms_repo_callgraph_clusters/train-ticket_java/cluster_11.java,"This code defines Spring Security configurations for multiple microservices, implementing stateless, JWT-based authentication and authorization using a custom `JWTFilter`. It configures a `BCryptPasswordEncoder`, enables broad CORS access, disables CSRF and basic authentication, and sets specific role-based access controls for various service endpoints while allowing public access to API documentation.",Microservices Security
https://github.com/HasinthakaPiyumal/AI-Pattern-Mining-Project/tree/main/notebooks/result/ms_repo_callgraph_clusters/train-ticket_java/cluster_2.java,"This code file comprises numerous Spring Boot microservices, each handling distinct functionalities such as user authentication, order management, payment processing, and travel planning. It extensively utilizes Spring Cloud for service discovery and client-side load balancing, exposing RESTful APIs and featuring comprehensive unit tests for each component.",Service Implementation
https://github.com/HasinthakaPiyumal/AI-Pattern-Mining-Project/tree/main/notebooks/result/ms_repo_callgraph_clusters/Retail-Banking-System_java/cluster_2.java,"This code implements JWT-based authentication for a Spring Boot application. It provides a `JwtUtil` for generating, validating, and parsing JSON Web Tokens, and a `JwtRequestFilter` that intercepts incoming requests to extract and validate JWTs from the Authorization header, subsequently setting the user's authentication in the Spring Security context.",Microservices Security
https://github.com/HasinthakaPiyumal/AI-Pattern-Mining-Project/tree/main/notebooks/result/ms_repo_callgraph_clusters/train-ticket_java/cluster_0.java,"This code defines the main application classes for multiple Spring Boot microservices within the ""train-ticket"" system, such as `AdminUserApplication` and `PaymentApplication`. Each service is consistently configured for service discovery, client-side load-balanced inter-service communication via `RestTemplate`, API documentation with Swagger, AOP, and asynchronous execution.",Service Discovery Pattern
https://github.com/HasinthakaPiyumal/AI-Pattern-Mining-Project/tree/main/notebooks/result/ms_repo_callgraph_clusters/ftgo-application_java/cluster_109.java,"This Spring `@Configuration` class defines the core domain beans for an accounting service, specifically providing an `AccountingService` instance and an `AggregateRepository` for `Account` entities. It leverages Eventuate's event-sourcing framework to manage `Account` state and commands.",Service Implementation
https://github.com/HasinthakaPiyumal/AI-Pattern-Mining-Project/tree/main/notebooks/result/ms_repo_callgraph_clusters/ita-challenges-backend_java/cluster_20.java,"This code defines various MongoDB document models for a challenge-based platform, encompassing users, challenges, solutions, and user interactions like bookmarks and favorites. It also includes Mongock-driven database migration scripts for schema evolution and initial data population, featuring reactive MongoDB operations and comprehensive rollback mechanisms.",Database with Microservices
https://github.com/HasinthakaPiyumal/AI-Pattern-Mining-Project/tree/main/notebooks/result/ms_repo_callgraph_clusters/saigonparking_java/cluster_31.java,"This Spring component defines HTML email templates for Saigon Parking's account activation and password reset functionalities, dynamically embedding the application's domain to construct the respective action links. It exposes these formatted string templates as Spring beans for easy injection and use in mail services.",Other
https://github.com/HasinthakaPiyumal/AI-Pattern-Mining-Project/tree/main/notebooks/result/ms_repo_callgraph_clusters/springboot-kafka-microservices_java/cluster_0.java,"This code defines a suite of Spring Boot microservices, encompassing a Eureka service registry, an API Gateway, and various domain-specific services like identity, order, product, payment, and email. It implements a microservices architecture, leveraging Spring Cloud for service discovery and inter-service communication via Feign clients.",Service Implementation
https://github.com/HasinthakaPiyumal/AI-Pattern-Mining-Project/tree/main/notebooks/result/ms_repo_callgraph_clusters/springboot-kafka-microservices_java/cluster_8.java,"This Spring Data JPA repository manages `AttributeValue` entities, providing standard CRUD operations and a custom method to retrieve all attribute values associated with a specific `productVariantId`. It leverages Spring Data's query derivation to simplify database interactions for product variant attributes.",Database with Microservices
https://github.com/HasinthakaPiyumal/AI-Pattern-Mining-Project/tree/main/notebooks/result/ms_repo_callgraph_clusters/spring-boot-based-microservices_java/cluster_4.java,"This code configures multiple Spring WebFlux microservices as OAuth2 Resource Servers, implementing JWT validation and extracting user roles from `realm_access` and `resource_access` claims for fine-grained authorization. It also includes a `Review` microservice that provides RESTful CRUD operations for reviews, featuring transactional business logic and custom exception handling.",Microservices Security
https://github.com/HasinthakaPiyumal/AI-Pattern-Mining-Project/tree/main/notebooks/result/ms_repo_callgraph_clusters/saigonparking_java/cluster_30.java,"This codebase implements core services for managing parking lots and their employees, focusing on CRUD operations, availability checks, and real-time communication. It extensively uses RabbitMQ for inter-service messaging and managing transient client connectivity via auto-delete queues/exchanges, complemented by gRPC for synchronous service interactions.",Service Implementation
https://github.com/HasinthakaPiyumal/AI-Pattern-Mining-Project/tree/main/notebooks/result/ms_repo_callgraph_clusters/springboot-kafka-microservices_java/cluster_16.java,"This code implements a Spring Boot product service responsible for managing product data, including CRUD operations, image uploads to Cloudinary, and advanced searching using JPA Specifications. It integrates Redis for caching product information, employing read-through and write-through strategies to optimize data retrieval, and includes comprehensive unit tests for its core functionalities.",Service Implementation
https://github.com/HasinthakaPiyumal/AI-Pattern-Mining-Project/tree/main/notebooks/result/ms_repo_callgraph_clusters/saigonparking_java/cluster_42.java,"This code defines a suite of Spring Boot microservices for a parking application, encompassing user authentication, user/parking lot/booking management, and email notifications. It extensively utilizes gRPC for inter-service communication, RabbitMQ for asynchronous messaging and dynamic queue management, AWS S3 for storage, and WebSockets for real-time user connectivity.",Service Implementation
https://github.com/HasinthakaPiyumal/AI-Pattern-Mining-Project/tree/main/notebooks/result/ms_repo_callgraph_clusters/train-ticket_java/cluster_4.java,"This extensive collection of Java Spring Boot microservices implements a comprehensive train ticket booking system, managing functionalities like user accounts, train schedules, routes, seat allocation, order processing, payments, rebooking, and cancellations. It heavily utilizes RESTful inter-service communication via `RestTemplate` and `DiscoveryClient`, asynchronous messaging with RabbitMQ for notifications and deliveries, and a clear separation of concerns, often differentiating logic for high-speed (G/D) versus other train types.",Service Implementation
https://github.com/HasinthakaPiyumal/AI-Pattern-Mining-Project/tree/main/notebooks/result/ms_repo_callgraph_clusters/ita-challenges-backend_java/cluster_17.java,"This code primarily implements a reactive microservice for managing coding challenges, their solutions, and associated metadata like languages and tags. It provides REST endpoints for challenge CRUD operations, filtering, retrieving related challenges, and integrates user interaction features like favorites and bookmarks, all built using Project Reactor for non-blocking operations and comprehensive testing.",Service Implementation
https://github.com/HasinthakaPiyumal/AI-Pattern-Mining-Project/tree/main/notebooks/result/ms_repo_callgraph_clusters/ftgo-application_java/cluster_29.java,"This code defines core Spring Boot configurations for two microservices, a restaurant service and an order service, establishing their main application entry points and web layers. Both services consistently configure a primary `ObjectMapper` bean using `JSonMapper` for standardized JSON serialization, with the order service also enabling always-on distributed tracing.",Service Implementation
https://github.com/HasinthakaPiyumal/AI-Pattern-Mining-Project/tree/main/notebooks/result/ms_repo_callgraph_clusters/train-ticket_java/cluster_9.java,"This code defines Spring Security configurations for multiple microservices, establishing a stateless, JWT-based authentication and role-based authorization system. Each service configures a BCrypt password encoder, a permissive CORS policy, and specific access rules for its API endpoints, while allowing public access to Swagger UI.",Microservices Security
https://github.com/HasinthakaPiyumal/AI-Pattern-Mining-Project/tree/main/notebooks/result/ms_repo_callgraph_clusters/micronaut-microservices-poc_java/cluster_19.java,"This abstract class implements the Specification design pattern, providing a reusable and composable framework for defining and validating business rules. It allows checking if an object satisfies specific criteria, capturing detailed error information on failure, and combining multiple specifications using logical AND, OR, and NOT operations.",Other
https://github.com/HasinthakaPiyumal/AI-Pattern-Mining-Project/tree/main/notebooks/result/ms_repo_callgraph_clusters/train-ticket_java/cluster_33.java,"This Spring Boot application implements a RESTful notification service, exposing endpoints to handle various order lifecycle events such as preservation, creation, changes, and cancellations. It processes these events through a service layer, likely dispatching emails, and includes unit tests that mock email sending to verify its core logic.",EDA
https://github.com/HasinthakaPiyumal/AI-Pattern-Mining-Project/tree/main/notebooks/result/ms_repo_callgraph_clusters/ita-challenges-backend_java/cluster_8.java,"This code represents a collection of Spring Boot microservices for a reactive challenge platform, handling challenge management, user interactions like bookmarks and favorites, and solution submissions. It utilizes Spring Data MongoDB, Mongock for database migrations, and features extensive unit and integration testing with a strong emphasis on reactive programming (WebFlux/Reactor).",Service Implementation
https://github.com/HasinthakaPiyumal/AI-Pattern-Mining-Project/tree/main/notebooks/result/ms_repo_callgraph_clusters/train-ticket_java/cluster_10.java,"This collection of Spring Security configurations defines the authentication and authorization rules for various microservices, implementing stateless JWT-based security. Each service specifies its own endpoint access permissions, disables CSRF, configures a BCrypt password encoder, and enables broad CORS support.",Microservices Security
https://github.com/HasinthakaPiyumal/AI-Pattern-Mining-Project/tree/main/notebooks/result/ms_repo_callgraph_clusters/ita-challenges-backend_java/cluster_21.java,"This Spring `@Service`, `ChallengeJwtFacade`, acts as a facade for JWT operations within the `challenge` service, delegating to an `IJwtService` to extract all claims from a token and retrieve a user's UUID from an authentication header. It simplifies JWT interaction by providing a clear, abstracted interface for these security-related functionalities.",Microservices Security
https://github.com/HasinthakaPiyumal/AI-Pattern-Mining-Project/tree/main/notebooks/result/ms_repo_callgraph_clusters/acmeair_java/cluster_12.java,"This code file contains various service implementations for an airline application (Acme Air), managing customer accounts, flight information, and bookings. It demonstrates a pluggable data persistence layer, offering implementations for both Morphia (MongoDB) and IBM WebSphere eXtreme Scale, and includes utilities for initial data loading and performance report generation.",Database with Microservices
https://github.com/HasinthakaPiyumal/AI-Pattern-Mining-Project/tree/main/notebooks/result/ms_repo_callgraph_clusters/saigonparking_java/cluster_12.java,"This code implements core microservices for a ""Saigon Parking"" application, providing robust authentication and authorization via gRPC interceptors and JWT, managing parking lot, user, and booking data through JPA custom repositories and MapStruct. It further enables real-time interactions using WebSockets with custom handshake interceptors and asynchronous communication between services via RabbitMQ.",Service Implementation
https://github.com/HasinthakaPiyumal/AI-Pattern-Mining-Project/tree/main/notebooks/result/ms_repo_callgraph_clusters/ita-challenges-backend_java/cluster_16.java,"This Spring WebFlux service manages user submissions for programming challenges, providing functionality to retrieve all submissions by a user and to process submission actions. It handles creating new submissions, updating existing ones (with immutability checks for completed submissions), and integrates with a challenge service to update solved counts when a submission is marked as complete.",Service Implementation
https://github.com/HasinthakaPiyumal/AI-Pattern-Mining-Project/tree/main/notebooks/result/ms_repo_callgraph_clusters/saigonparking_java/cluster_44.java,"This Java code provides the backend services for a ""Saigon Parking"" application, managing user authentication via JWT, comprehensive CRUD operations for users and parking lots, and the full lifecycle of bookings and ratings. It extensively uses Spring Data JPA with custom queries for optimized data access, integrates gRPC for synchronous inter-service communication, and RabbitMQ for asynchronous event handling.",Backends for Frontends
https://github.com/HasinthakaPiyumal/AI-Pattern-Mining-Project/tree/main/notebooks/result/ms_repo_callgraph_clusters/Retail-Banking-System_java/cluster_8.java,"This code defines Spring Data JPA repositories for `Account` and `Statement` entities, enabling data retrieval by customer ID, account ID, or within a date range using custom native queries. Concurrently, it configures Spring Security for JWT-based authentication, establishing authorization rules for specific endpoints, ignoring public paths, and enforcing stateless session management.",Database with Microservices
https://github.com/HasinthakaPiyumal/AI-Pattern-Mining-Project/tree/main/notebooks/result/ms_repo_callgraph_clusters/saigonparking_java/cluster_2.java,"This code defines a microservice-based parking management system using Spring Boot, gRPC for inter-service communication, and RabbitMQ for asynchronous messaging. It features a real-time `ContactService` built with WebSockets to handle booking requests, status updates, and notifications, alongside services for authentication, user management, parking lot operations, and email delivery.",EDA
https://github.com/HasinthakaPiyumal/AI-Pattern-Mining-Project/tree/main/notebooks/result/ms_repo_callgraph_clusters/sample.plantsbywebsphere_java/cluster_62.java,"This `ShoppingBean` serves as a JSF backing bean for a web-based shopping interface, managing user interactions like adding items to a cart, displaying product details, and listing products by category. It leverages CDI to inject `CatalogMgr` and `ShoppingCartBean` for orchestrating catalog and shopping cart operations within a user's session.",Backends for Frontends
https://github.com/HasinthakaPiyumal/AI-Pattern-Mining-Project/tree/main/notebooks/result/ms_repo_callgraph_clusters/sample.daytrader7_java/cluster_15.java,"This code defines data models and JavaServer Faces (JSF) managed beans for the IBM DayTrader sample application, primarily handling user account details, stock holdings, and quotes. It leverages JPA for entity persistence and CDI/JSF for presenting financial data, calculating portfolio gains, and managing user interactions like selling stocks within a web interface.",Backends for Frontends
https://github.com/HasinthakaPiyumal/AI-Pattern-Mining-Project/tree/main/notebooks/result/ms_repo_callgraph_clusters/sample.plantsbywebsphere_java/cluster_64.java,"This JSF session-scoped backing bean (`ShoppingBean`) orchestrates the user's shopping experience, managing product browsing, displaying item details, adding products to a shopping cart, and calculating total costs. It utilizes CDI to inject `CatalogMgr` and `ShoppingCartBean` for backend inventory and cart management.",Backends for Frontends
https://github.com/HasinthakaPiyumal/AI-Pattern-Mining-Project/tree/main/notebooks/result/ms_repo_callgraph_clusters/Retail-Banking-System_java/cluster_5.java,"This collection of Java files primarily defines a Spring Boot `AccountService` microservice responsible for managing bank accounts, including creation, balance updates, and statement generation, utilizing Feign clients for inter-service communication. Additionally, it contains numerous JUnit tests for various models and service components across related microservices like Transaction, Rules, and Customer services, demonstrating a strong focus on unit testing POJOs and basic business logic.",Service Implementation
https://github.com/HasinthakaPiyumal/AI-Pattern-Mining-Project/tree/main/notebooks/result/ms_repo_callgraph_clusters/sample.plantsbywebsphere_java/cluster_52.java,"This JSF `@SessionScoped` backing bean manages user account operations, including login, registration, and profile updates, while also orchestrating the multi-step checkout process by persisting orders via `ShoppingCartBean` and sending confirmation emails through `MailerBean`. It uses `@Inject` to manage dependencies and returns specific string actions for JSF navigation.",Microservices Security
https://github.com/HasinthakaPiyumal/AI-Pattern-Mining-Project/tree/main/notebooks/result/ms_repo_callgraph_clusters/sample.plantsbywebsphere_java/cluster_16.java,"This `ShoppingBean` is a JSF `@SessionScoped` managed bean that orchestrates user interactions for an e-commerce application. It handles displaying product listings by category, showing individual product details, adding items to a shopping cart, and managing cart contents and total cost calculations, leveraging injected `CatalogMgr` and `ShoppingCartBean` services.",Service Implementation
https://github.com/HasinthakaPiyumal/AI-Pattern-Mining-Project/tree/main/notebooks/result/ms_repo_callgraph_clusters/micronaut-microservices-poc_java/cluster_18.java,"This abstract class implements the Specification design pattern, providing a foundational framework for defining and evaluating business rules against objects. It notably supports combining these rules using logical AND, OR, and NOT operations, and includes mechanisms for structured error reporting upon failure.",Other
https://github.com/HasinthakaPiyumal/AI-Pattern-Mining-Project/tree/main/notebooks/result/ms_repo_callgraph_clusters/ftgo-application_java/cluster_26.java,"This code defines `*DomainEventPublisher` classes for various aggregates (Restaurant, Order, Ticket) using the Eventuate Tram framework to publish domain events. It also provides abstract Spring Cloud Contract Verifier test bases (`*MessagingBase`) to simulate and verify the production of these events for consumer-driven contract testing.",Domain-driven design
https://github.com/HasinthakaPiyumal/AI-Pattern-Mining-Project/tree/main/notebooks/result/ms_repo_callgraph_clusters/springboot-kafka-microservices_java/cluster_39.java,"This code file contains two distinct Spring services: `PayPalService` and `EmailService`. The `PayPalService` manages interactions with the PayPal sandbox API, handling access token retrieval, fetching order capture IDs, and processing refunds using direct `HttpURLConnection` calls and manual JSON parsing. Concurrently, the `EmailService` dynamically generates and sends HTML order confirmation emails by fetching product details from an external API, loading and populating a template, and utilizing Spring's `JavaMailSender`.",Service Implementation
https://github.com/HasinthakaPiyumal/AI-Pattern-Mining-Project/tree/main/notebooks/result/ms_repo_callgraph_clusters/sample.plantsbywebsphere_java/cluster_61.java,"This JSF session-scoped backing bean (`ShoppingBean`) orchestrates the user's shopping experience in a web application, managing product display, adding items to a shopping cart, and calculating costs. It leverages CDI to inject `CatalogMgr` for product catalog access and `ShoppingCartBean` for cart management, handling user actions and preparing data for the UI.",Backends for Frontends
https://github.com/HasinthakaPiyumal/AI-Pattern-Mining-Project/tree/main/notebooks/result/ms_repo_callgraph_clusters/micronaut-microservices-poc_java/cluster_20.java,"This abstract `Specification` class implements the Specification pattern, providing a framework for defining reusable business rules that can be checked against an object. It enables logical composition of specifications (AND, OR, NOT) and includes mechanisms to capture specific error codes and parameters when a rule is not satisfied.",Other
https://github.com/HasinthakaPiyumal/AI-Pattern-Mining-Project/tree/main/notebooks/result/ms_repo_callgraph_clusters/saigonparking_java/cluster_21.java,"This code defines various custom `javax.validation` implementations for specific data formats (like license plates and UUIDs) and business logic (parking lot capacity, time flow). It also includes JPA entities for a booking system with relationships and custom sorting, and Spring `BeanPostProcessor` implementations for logging bean lifecycle events.",Backends for Frontends
https://github.com/HasinthakaPiyumal/AI-Pattern-Mining-Project/tree/main/notebooks/result/ms_repo_callgraph_clusters/sample.plantsbywebsphere_java/cluster_63.java,"This JSF `@SessionScoped` backing bean, `ShoppingBean`, orchestrates user interactions on a shopping web page, handling product catalog browsing, displaying item details, managing the shopping cart (add, recalculate), and calculating total order costs. It leverages CDI to integrate with `CatalogMgr` and `ShoppingCartBean` for core business logic.",Service Implementation
https://github.com/HasinthakaPiyumal/AI-Pattern-Mining-Project/tree/main/notebooks/result/ms_repo_callgraph_clusters/acmeair_java/cluster_5.java,"This code defines a JAX-RS RESTful API (`CustomerREST`) for managing customer profiles, enabling retrieval and updates of customer and address details. It utilizes Data Transfer Objects (`CustomerInfo`, `AddressInfo`) for client interaction and includes security validation to ensure users can only access or modify their own data.",Service Implementation
https://github.com/HasinthakaPiyumal/AI-Pattern-Mining-Project/tree/main/notebooks/result/ms_repo_callgraph_clusters/spring-boot-based-microservices_java/cluster_3.java,"This code defines Spring WebFlux Security configurations for multiple microservices, enabling OAuth2 resource server capabilities to secure API endpoints. It configures JWT decoding using a JWK Set URI and extracts user roles from both `realm_access` and `resource_access` claims within the JWT to enforce path-based authorization rules and log user roles.",Microservices Security
https://github.com/HasinthakaPiyumal/AI-Pattern-Mining-Project/tree/main/notebooks/result/ms_repo_callgraph_clusters/micronaut-microservices-poc_java/cluster_49.java,"This Micronaut application defines basic health check endpoints and a product service DTO assembler, alongside a pricing calculation domain model. It notably implements a customized JWT authentication flow that injects an 'avatar' claim into tokens and login responses, thoroughly validated through comprehensive JUnit 5 tests.",Domain-driven design
https://github.com/HasinthakaPiyumal/AI-Pattern-Mining-Project/tree/main/notebooks/result/ms_repo_callgraph_clusters/piggymetrics_java/cluster_21.java,"This collection of Spring Boot service implementations from the Piggymetrics microservices application manages user authentication, account lifecycle, daily financial statistics (including currency conversion), and scheduled email notifications. It showcases a modular architecture with distinct services interacting to provide comprehensive personal finance tracking.",Service Implementation
https://github.com/HasinthakaPiyumal/AI-Pattern-Mining-Project/tree/main/notebooks/result/ms_repo_callgraph_clusters/springboot-kafka-microservices_java/cluster_32.java,"This Spring Security configuration establishes a stateless, JWT-based authentication system for an identity service. It integrates a custom JWT filter, defines specific public endpoints for authentication and API documentation, and uses custom handlers for authentication and access errors while securing all other requests.",Microservices Security
https://github.com/HasinthakaPiyumal/AI-Pattern-Mining-Project/tree/main/notebooks/result/ms_repo_callgraph_clusters/micronaut-microservices-poc_java/cluster_4.java,This code defines DTOs for various question answer types and implements the core business logic for creating insurance offers and policies. It showcases a microservice interaction pattern where the `CreateOfferHandler` orchestrates price calculation via a `PricingClient` and then persists domain objects like `Offer` and `Policy`.,Service Implementation
https://github.com/HasinthakaPiyumal/AI-Pattern-Mining-Project/tree/main/notebooks/result/ms_repo_callgraph_clusters/micronaut-microservices-poc_java/cluster_27.java,"This collection of Java files defines domain models for insurance products, covers, and questions, utilizing BSON annotations for persistence, and includes a utility for generating synthetic policy data. It also features a Micronaut WebSocket chat service and components for a policy search read model, complete with mock repositories and JUnit tests for validation.",Service Implementation
https://github.com/HasinthakaPiyumal/AI-Pattern-Mining-Project/tree/main/notebooks/result/ms_repo_callgraph_clusters/train-ticket_java/cluster_116.java,"This extensive Java code file defines core microservices for a train ticket booking system, encompassing user authentication, ticket rebooking, and station management, alongside a custom monitoring framework. It also includes a comprehensive suite of Selenium UI tests to validate various user and administrative functionalities across the application.",Service Implementation
https://github.com/HasinthakaPiyumal/AI-Pattern-Mining-Project/tree/main/notebooks/result/ms_repo_callgraph_clusters/ita-challenges-backend_java/cluster_2.java,"This code implements and extensively tests the backend for a reactive microservices-based coding challenge platform, focusing on user authentication via GitHub OAuth and JWTs, user interaction features like favorites and bookmarks, and core challenge management including creation, retrieval, and submission handling. It heavily leverages Project Reactor for non-blocking operations and demonstrates a robust testing strategy with Mockito and Testcontainers for database interactions.",EDA
https://github.com/HasinthakaPiyumal/AI-Pattern-Mining-Project/tree/main/notebooks/result/ms_repo_callgraph_clusters/saigonparking_java/cluster_10.java,"This code defines a suite of interconnected microservices for a parking management system, handling user authentication, parking lot management, and booking processes. It extensively uses gRPC for inter-service communication, JPA with custom repository implementations (leveraging Criteria API and JPQL) for data persistence, RabbitMQ for asynchronous messaging, and WebSockets for real-time client interactions.",Service Implementation
https://github.com/HasinthakaPiyumal/AI-Pattern-Mining-Project/tree/main/notebooks/result/ms_repo_callgraph_clusters/ita-challenges-backend_java/cluster_36.java,"This Java DTO, `SwitchRoleRequest`, defines the payload for an API request to temporarily switch a user's role. It encapsulates a single `newRole` field, explicitly documented with Swagger annotations to accept only ""ADMIN"" or ""USER"" values.",Microservices Security
https://github.com/HasinthakaPiyumal/AI-Pattern-Mining-Project/tree/main/notebooks/result/ms_repo_callgraph_clusters/sample.daytrader7_java/cluster_12.java,"This code defines the JPA entity data model for a stock trading application, encompassing user accounts, profiles, stock quotes, holdings, and orders. It also provides JavaServer Faces (JSF) backing beans to manage user authentication, profile updates, quote retrieval, and trade execution, demonstrating a full-stack enterprise Java web application.",Service Implementation
https://github.com/HasinthakaPiyumal/AI-Pattern-Mining-Project/tree/main/notebooks/result/ms_repo_callgraph_clusters/train-ticket_java/cluster_12.java,"This Spring Boot microservice, `ts-wait-order-service`, manages waitlist orders by providing REST endpoints for creation and retrieval. Upon creating a new waitlist order, it spawns a `PollThread` to asynchronously and repeatedly attempt to reserve resources via an external `ts-preserve-service` until successful or a defined wait time expires.",Service Implementation
https://github.com/HasinthakaPiyumal/AI-Pattern-Mining-Project/tree/main/notebooks/result/ms_repo_callgraph_clusters/Hands-on-Microservices-with-Python_python/cluster_4.py,"This Python file defines client classes (`ProductClient`, `OrderClient`) for interacting with external `product` and `order` microservices via HTTP requests, managing product data retrieval and authenticated order operations. It also includes basic integration tests to verify the accessibility and status codes of a local Flask API's core endpoints.",Service Implementation
https://github.com/HasinthakaPiyumal/AI-Pattern-Mining-Project/tree/main/notebooks/result/ms_repo_callgraph_clusters/jpetstore-6_java/cluster_40.java,"This `Cart` class manages a collection of `CartItem` objects, representing a shopping cart in an e-commerce application. It efficiently handles adding, removing, and updating item quantities, tracks stock status, and calculates the subtotal, utilizing both a synchronized map for quick lookups and a list for ordered iteration.",Domain-driven design
https://github.com/HasinthakaPiyumal/AI-Pattern-Mining-Project/tree/main/notebooks/result/ms_repo_callgraph_clusters/springboot-kafka-microservices_java/cluster_37.java,"This code defines core components for a Spring Boot microservices application, primarily featuring an `identity-service`'s `AuthController` for user registration, authentication, and token management. It also includes controllers and services for product, category, and variant management, demonstrating extensive use of Feign clients for declarative inter-service communication across multiple services like `order-service` and `payment-service`.",Microservices Security
https://github.com/HasinthakaPiyumal/AI-Pattern-Mining-Project/tree/main/notebooks/result/ms_repo_callgraph_clusters/ftgo-application_java/cluster_37.java,"This code primarily defines and tests the `CreateOrderSaga`, a distributed transaction orchestrator that coordinates order creation across multiple microservices (Consumer, Kitchen, Accounting) using Eventuate Tram. It also includes an API Gateway proxy for the Order Service and integration tests leveraging Spring Cloud Contract for inter-service communication.",Microservices Test
https://github.com/HasinthakaPiyumal/AI-Pattern-Mining-Project/tree/main/notebooks/result/ms_repo_callgraph_clusters/piggymetrics_java/cluster_19.java,"This code defines and thoroughly tests core components of the Piggymetrics microservices, encompassing user authentication, account management, financial statistics tracking, and notification settings. It extensively utilizes Spring Boot, Spring Data MongoDB, and Mockito to implement RESTful APIs, persist data, and provide comprehensive unit and integration testing across these distinct service functionalities.",Microservices Test
https://github.com/HasinthakaPiyumal/AI-Pattern-Mining-Project/tree/main/notebooks/result/ms_repo_callgraph_clusters/ftgo-application_java/cluster_49.java,"This code defines a Spring REST controller (`AccountsController`) that provides an endpoint to retrieve account details by ID, interacting with an Eventuate `AggregateRepository`. It also includes data models (`RequestContext`, `Identity`) for parsing AWS API Gateway request context, suggesting its deployment within an AWS environment.",Domain-driven design
https://github.com/HasinthakaPiyumal/AI-Pattern-Mining-Project/tree/main/notebooks/result/ms_repo_callgraph_clusters/acmeair_java/cluster_6.java,"This codebase manages flight and customer data for an ""Acme Air"" application, featuring a `FlightLoader` to populate flight information from a CSV file. It employs an abstract service layer with concrete implementations (`FlightServiceImpl`, `CustomerServiceImpl`) for different NoSQL persistence backends, specifically MongoDB via Morphia and IBM WebSphere eXtreme Scale.",Domain-driven design
https://github.com/HasinthakaPiyumal/AI-Pattern-Mining-Project/tree/main/notebooks/result/ms_repo_callgraph_clusters/spring-petclinic_java/cluster_6.java,"This Java class defines the `Owner` entity for a Spring PetClinic application, extending `Person` to include address, city, and telephone details with validation. It establishes a one-to-many relationship with `Pet` entities, providing methods to manage pets and associate visits with them.",Domain-driven design
https://github.com/HasinthakaPiyumal/AI-Pattern-Mining-Project/tree/main/notebooks/result/ms_repo_callgraph_clusters/sample.daytrader7_java/cluster_22.java,"This code provides core functionality for the IBM WebSphere DayTrader sample application, featuring Message-Driven Beans (`DTBroker3MDB`, `DTStreamer3MDB`) that asynchronously process JMS trade orders and market data updates, with some updates streamed to WebSockets. It also defines the application's JPA-based domain model (e.g., Account, Quote, Order) and includes utility classes for configuration, logging, and performance monitoring.",EDA
https://github.com/HasinthakaPiyumal/AI-Pattern-Mining-Project/tree/main/notebooks/result/ms_repo_callgraph_clusters/crypto_crawler_python/cluster_23.py,"This file defines a `ProcessDetails` class to encapsulate process command and ID, aiming to derive a `pair_id` from the command string, though its `_parse_cmd` method is currently an unimplemented placeholder. A significant structural issue is present with a duplicate `__init__` function defined globally outside the class.",CQRS
https://github.com/HasinthakaPiyumal/AI-Pattern-Mining-Project/tree/main/notebooks/result/ms_repo_callgraph_clusters/spring-petclinic_java/cluster_12.java,"This code defines core domain model entities for a PetClinic application, including the `Owner` class with its associated `Pet`s, utilizing JPA for persistence and validation. It also features a JUnit test (`I18nPropertiesSyncTest`) that rigorously checks for hard-coded strings in HTML/Java files and ensures all internationalization property files are synchronized.",Domain-driven design
https://github.com/HasinthakaPiyumal/AI-Pattern-Mining-Project/tree/main/notebooks/result/ms_repo_callgraph_clusters/sample.daytrader7_java/cluster_52.java,"This `AccountDataBean` class is a JPA entity for the DayTrader sample application, representing a user's trading account with attributes like balance, login/logout counts, and creation dates. It establishes relationships with `OrderDataBean`, `HoldingDataBean`, and `AccountProfileDataBean`, and includes business logic for account login/logout operations.",Domain-driven design
https://github.com/HasinthakaPiyumal/AI-Pattern-Mining-Project/tree/main/notebooks/result/ms_repo_callgraph_clusters/sample.daytrader7_java/cluster_16.java,"This JavaServer Faces (JSF) managed bean, `TradeAppJSF`, provides core user authentication and profile management functionalities for the DayTrader sample application. It handles user login, registration, profile updates, and logout by interacting with a `TradeAction` service and managing session state.",Microservices Security
https://github.com/HasinthakaPiyumal/AI-Pattern-Mining-Project/tree/main/notebooks/result/ms_repo_callgraph_clusters/sample.daytrader7_java/cluster_24.java,"This JSF managed bean (`@Named(""tradeapp"")`) provides core user authentication and profile management functionalities for the DayTrader sample application, handling user login, registration, profile updates, and logout. It delegates business logic to a `TradeAction` service and manages user sessions, including invalidating the HTTP session and performing servlet request logout.",Microservices Security
https://github.com/HasinthakaPiyumal/AI-Pattern-Mining-Project/tree/main/notebooks/result/ms_repo_callgraph_clusters/spring-petclinic_java/cluster_25.java,"This code defines several Spring PetClinic components, primarily implementing web controllers for managing owner and vet entities, featuring CRUD operations, paginated search, and both HTML and JSON/XML views. It also includes comprehensive JUnit 5 tests for validating form inputs and formatting data types.",Backends for Frontends
https://github.com/HasinthakaPiyumal/AI-Pattern-Mining-Project/tree/main/notebooks/result/ms_repo_callgraph_clusters/sample.daytrader7_java/cluster_3.java,"This code implements the core business logic for the DayTrader sample application, simulating an online stock brokerage by managing user accounts, stock trading, portfolios, and market data. It features a flexible architecture supporting both EJB and direct JDBC implementations, utilizes JMS for asynchronous order processing, and provides a web interface with real-time market updates via WebSockets.",Service Implementation
https://github.com/HasinthakaPiyumal/AI-Pattern-Mining-Project/tree/main/notebooks/result/ms_repo_callgraph_clusters/spring-petclinic_java/cluster_4.java,"This Spring Data JPA `@Entity` defines the `Owner` domain object for a PetClinic application, extending `Person` to manage an owner's address, contact information, and a collection of their `Pet` objects, including methods for pet retrieval and visit management. It uses `@OneToMany` with `CascadeType.ALL` for pet association and includes validation annotations for data integrity.",Domain-driven design
https://github.com/HasinthakaPiyumal/AI-Pattern-Mining-Project/tree/main/notebooks/result/ms_repo_callgraph_clusters/sample.daytrader7_java/cluster_32.java,"This JSF managed bean (`@Named(""accountdata"")`) serves as a view model for displaying a user's financial account summary in the DayTrader application. It retrieves account details, holdings, and both open and closed orders from a `TradeAction` service, then calculates and exposes financial metrics like total holdings, gain, and gain percentage for presentation in a web UI.",Backends for Frontends
https://github.com/HasinthakaPiyumal/AI-Pattern-Mining-Project/tree/main/notebooks/result/ms_repo_callgraph_clusters/sample.daytrader7_java/cluster_53.java,"This Java class, `AccountDataBean`, functions as a JPA entity within the DayTrader sample application, representing a user's trading account. It defines persistent fields such as account balance, login/logout counts, and timestamps, establishes relationships with associated orders, holdings, and an account profile, and encapsulates core business logic for account login and logout operations.",Domain-driven design
https://github.com/HasinthakaPiyumal/AI-Pattern-Mining-Project/tree/main/notebooks/result/ms_repo_callgraph_clusters/spring-petclinic_java/cluster_28.java,"This collection of Spring PetClinic files implements a web controller (`PetController`) for managing pet details (add/edit) for owners, incorporating form handling, validation, and persistence. It also defines the `Vet` domain entity, provides unit tests for pet validation and type formatting, and features integration tests for the application's database and web endpoints using Testcontainers.",Domain-driven design
https://github.com/HasinthakaPiyumal/AI-Pattern-Mining-Project/tree/main/notebooks/result/ms_repo_callgraph_clusters/RepoGenesis_python/cluster_9.py,"This code provides utilities for detecting Java and Python repository types and automating their deployment testing. It manages external processes to install dependencies, execute `start.sh` scripts, monitor server startup by parsing output, and robustly terminate processes and clean up ports.",Other
https://github.com/HasinthakaPiyumal/AI-Pattern-Mining-Project/tree/main/notebooks/result/ms_repo_callgraph_clusters/sample.daytrader7_java/cluster_58.java,"This class serves as a static, thread-safe buffer within the DayTrader application, maintaining a list of the five most recent stock change `javax.jms.Message` objects. It provides methods to add new stock changes (enforcing the 5-item limit) and to serialize these changes into a `javax.json.JsonObject` for WebSocket communication.",Other
https://github.com/HasinthakaPiyumal/AI-Pattern-Mining-Project/tree/main/notebooks/result/ms_repo_callgraph_clusters/Retail-Banking-System_java/cluster_22.java,"This code file defines core data input models, `RulesInput` and `AccountInput`, used within a Retail Banking System's Transaction and Rules microservices. It includes associated unit tests for these models and leverages `NotNull` annotations, indicating a focus on robust data validation and testing for transaction and rule processing.",Domain-driven design
https://github.com/HasinthakaPiyumal/AI-Pattern-Mining-Project/tree/main/notebooks/result/ms_repo_callgraph_clusters/micronaut-microservices-poc_java/cluster_8.java,"This `CommandHandler` is responsible for creating a new insurance policy by converting an existing offer. It validates the offer's validity, constructs a `Policy` using a `PolicyFactory`, persists it, and then publishes a `PolicyRegisteredEvent` to signal its creation.",Service Implementation
https://github.com/HasinthakaPiyumal/AI-Pattern-Mining-Project/tree/main/notebooks/result/ms_repo_callgraph_clusters/sample.daytrader7_java/cluster_0.java,"This code defines the core business logic and data model for the DayTrader stock trading sample application, providing a `TradeAction` facade that orchestrates user operations like buying, selling, and logging in. It supports configurable runtime modes (EJB3 or direct JDBC), leverages JPA entities for data persistence, and includes utilities for application configuration, logging, and database initialization/scenario simulation.",Domain-driven design
https://github.com/HasinthakaPiyumal/AI-Pattern-Mining-Project/tree/main/notebooks/result/ms_repo_callgraph_clusters/crypto_crawler_python/cluster_22.py,"This Python code provides a robust framework for real-time cryptocurrency exchange interactions, utilizing WebSocket subscriptions for market data (e.g., Poloniex, Huobi) and extensive Redis integration for caching, priority queues, and message queues. It also includes utilities for precise number handling, calculating and rounding trade volumes according to exchange rules, and detecting currency imbalances to support arbitrage strategies.",Service Implementation
https://github.com/HasinthakaPiyumal/AI-Pattern-Mining-Project/tree/main/notebooks/result/ms_repo_callgraph_clusters/micronaut-microservices-poc_java/cluster_2.java,"This code implements a flexible pricing engine where the `Tariff` entity orchestrates price calculations by applying a collection of dynamically evaluated base premium rules and discount/markup rules, defined using string-based formulas. It leverages JPA for persistence and uses factory classes to provide predefined tariff configurations for various product types like travel or house insurance.",Service Implementation
https://github.com/HasinthakaPiyumal/AI-Pattern-Mining-Project/tree/main/notebooks/result/ms_repo_callgraph_clusters/sample.daytrader7_java/cluster_25.java,"This code defines the core EJB business logic for the DayTrader sample application, `TradeSLSBBean`, which manages user accounts, executes stock buy/sell orders, and retrieves market data. It leverages JPA for persistence, JMS for asynchronous order processing and market data publishing, and includes supporting JavaBeans and utility classes for financial calculations and application configuration.",Service Implementation
https://github.com/HasinthakaPiyumal/AI-Pattern-Mining-Project/tree/main/notebooks/result/ms_repo_callgraph_clusters/RepoGenesis_python/cluster_12.py,"This Python code defines a `test_repository` function that orchestrates the testing of a given repository by first detecting its type (Java or Python). It then dispatches the testing process to a language-specific function (`test_java_repository` or `test_python_repository`), returning the test outcome and the detected repository type.",Microservices Test
https://github.com/HasinthakaPiyumal/AI-Pattern-Mining-Project/tree/main/notebooks/result/ms_repo_callgraph_clusters/sample.daytrader7_java/cluster_28.java,"This `RunStatsDataBean` class serves as a serializable data transfer object (DTO) within the DayTrader sample application. It encapsulates and provides access to various runtime statistics, including counts of trade users, stocks, logins, logouts, holdings, and different order types, primarily for monitoring and reporting application activity.",Microservices Observerbility
https://github.com/HasinthakaPiyumal/AI-Pattern-Mining-Project/tree/main/notebooks/result/ms_repo_callgraph_clusters/sample.daytrader7_java/cluster_27.java,"This code file defines the core business logic for the DayTrader sample application, implementing trading services like buying, selling, and managing accounts through direct JDBC for persistence and JMS for asynchronous order processing and real-time quote updates. It also includes web components such as servlet filters for UI alerts and login enforcement, a context listener for application initialization, and WebSocket encoders/decoders for real-time client-server communication.",Domain-driven design
https://github.com/HasinthakaPiyumal/AI-Pattern-Mining-Project/tree/main/notebooks/result/ms_repo_callgraph_clusters/ftgo-application_java/cluster_27.java,"This Spring `@Configuration` class sets up the `ConsumerService` for a microservice, enabling JPA persistence and transaction management. It specifically integrates with Eventuate Tram to participate in sagas, publish events, and dispatch commands to `ConsumerServiceCommandHandlers`.",Database with Microservices
https://github.com/HasinthakaPiyumal/AI-Pattern-Mining-Project/tree/main/notebooks/result/ms_repo_callgraph_clusters/spring-petclinic_java/cluster_29.java,"This Java code defines `BaseEntity`, a JPA `@MappedSuperclass` that provides a common, auto-generated `id` property and an `isNew()` utility method for other domain objects within the Spring PetClinic application. It serves as a foundational class for entities requiring a unique identifier, leveraging `GenerationType.IDENTITY` for database-managed ID generation.",Other
https://github.com/HasinthakaPiyumal/AI-Pattern-Mining-Project/tree/main/notebooks/result/ms_repo_callgraph_clusters/micronaut-microservices-poc_java/cluster_17.java,"This codebase configures and integrates a Micronaut application with Elasticsearch, providing a `RestHighLevelClient` for data operations and customizing JSON serialization for date/time types. It also includes reactive wrappers for Elasticsearch interactions and utilities for embedded Elasticsearch integration testing.",Other
https://github.com/HasinthakaPiyumal/AI-Pattern-Mining-Project/tree/main/notebooks/result/ms_repo_callgraph_clusters/spring-petclinic_java/cluster_20.java,"This Java code defines a `Visit` entity for a Spring PetClinic application, representing a single visit with a date and description. It leverages Spring Data JPA annotations for persistence (`@Entity`, `@Table`) and validation (`@NotBlank`, `@DateTimeFormat`), extending `BaseEntity` for common properties.",Domain-driven design
https://github.com/HasinthakaPiyumal/AI-Pattern-Mining-Project/tree/main/notebooks/result/ms_repo_callgraph_clusters/crypto_crawler_python/cluster_38.py,"This code file serves as an API client for multiple cryptocurrency exchanges (Poloniex, Huobi, Binance, Kraken, Bittrex), providing functions to fetch various market data types like tickers, OHLC charts, order books, and historical trades. It consistently uses helper functions for URL construction, sending requests, and processing JSON responses for each specific exchange and data endpoint.",Other
https://github.com/HasinthakaPiyumal/AI-Pattern-Mining-Project/tree/main/notebooks/result/ms_repo_callgraph_clusters/train-ticket_java/cluster_53.java,"This Java class defines `OutsidePaymentInfo`, an entity within an `inside_payment` service, used to encapsulate details of an external payment. It specifically stores the `orderId`, `price`, and `userId` associated with such a transaction, leveraging Lombok's `@Data` annotation to reduce boilerplate code.",Domain-driven design
https://github.com/HasinthakaPiyumal/AI-Pattern-Mining-Project/tree/main/notebooks/result/ms_repo_callgraph_clusters/train-ticket_java/cluster_30.java,"This code defines a `Serializable` Java enum `AssuranceType` to represent different types of assurances, currently only ""Traffic Accident Assurance"". It encapsulates an index, name, and price for each assurance type, providing getters and a static utility method to retrieve an assurance type by its index.",Domain-driven design
https://github.com/HasinthakaPiyumal/AI-Pattern-Mining-Project/tree/main/notebooks/result/ms_repo_callgraph_clusters/saigonparking_java/cluster_32.java,"This code defines core infrastructure for the SaigonParking application, encompassing RabbitMQ message queue constants and utilities, a JWT authentication service with user ID encryption, and several MapStruct mappers. These mappers facilitate data transformation, including gRPC calls for data enrichment, while a dedicated listener processes user-specific messages from RabbitMQ.",Microservices Security
https://github.com/HasinthakaPiyumal/AI-Pattern-Mining-Project/tree/main/notebooks/result/ms_repo_callgraph_clusters/crypto_crawler_python/cluster_3.py,This `prepare_data` function retrieves historical arbitrage order and trade data from a PostgreSQL database within a specified time range. It utilizes a `get_all_orders` helper function to fetch records from the `arbitrage_orders` and `arbitrage_trades` tables.,Database with Microservices
https://github.com/HasinthakaPiyumal/AI-Pattern-Mining-Project/tree/main/notebooks/result/ms_repo_callgraph_clusters/saigonparking_java/cluster_15.java,"These Spring `@Configuration` classes define the core setup for various SaigonParking microservices, enabling features like asynchronous processing and transaction management. They consistently configure gRPC client and server interceptors for inter-service communication and centralized exception handling, alongside service-specific beans such as password encoders or QR code writers.",Other
https://github.com/HasinthakaPiyumal/AI-Pattern-Mining-Project/tree/main/notebooks/result/ms_repo_callgraph_clusters/train-ticket_python/cluster_1.py,"This Python script automates a multi-stage build and deployment workflow. It first compiles Java projects using Maven, then iteratively builds Docker images from Dockerfiles found in designated paths, pushes them to a container registry, and includes functionality for Docker login using environment variables.",CICD
https://github.com/HasinthakaPiyumal/AI-Pattern-Mining-Project/tree/main/notebooks/result/ms_repo_callgraph_clusters/crypto_crawler_python/cluster_27.py,"This Python code implements a cryptocurrency arbitrage system, featuring an `OrderBook` class that efficiently manages real-time bid/ask data from multiple exchanges (e.g., Binance, Kraken) using binary search for updates. It also includes an `ArbitrageListener` to identify trading opportunities, utilities for fetching historical market data, and comprehensive unit tests for API integrations.",Service Implementation
https://github.com/HasinthakaPiyumal/AI-Pattern-Mining-Project/tree/main/notebooks/result/ms_repo_callgraph_clusters/sample.plantsbywebsphere_java/cluster_9.java,"This code defines core components for an e-commerce application, including JPA entities for `Customer` and `Inventory` management, and a CDI `MailerBean` responsible for sending transactional email notifications using JavaMail. It also features data transfer objects like `OrderInfo` and `EMailMessage`, which utilize Bean Validation for data integrity.",Domain-driven design
https://github.com/HasinthakaPiyumal/AI-Pattern-Mining-Project/tree/main/notebooks/result/ms_repo_callgraph_clusters/ftgo-application_java/cluster_132.java,"This Spring `@Configuration` class sets up the `OrderCommandHandlers` and registers them with a `SagaCommandDispatcher` for the ""orderService"". It integrates with the Eventuate Tram Saga framework to process commands as part of distributed transactions.",Saga
https://github.com/HasinthakaPiyumal/AI-Pattern-Mining-Project/tree/main/notebooks/result/ms_repo_callgraph_clusters/micronaut-microservices-poc_java/cluster_16.java,"This code defines a `CreatePolicyHandler` that processes `CreatePolicyCommand`s by validating an existing offer, creating and persisting a new policy, and then publishing a `PolicyRegisteredEvent` to Kafka. This demonstrates a command-handler pattern within a Micronaut microservice, leveraging event-driven architecture for cross-service communication and read model updates in other services like dashboard, payment, and policy search.",EDA
https://github.com/HasinthakaPiyumal/AI-Pattern-Mining-Project/tree/main/notebooks/result/ms_repo_callgraph_clusters/micronaut-microservices-poc_java/cluster_14.java,"This Micronaut code primarily provides in-memory mock implementations for various repositories (Offer, Policy, PolicyAccount, PolicyView) using `@Replaces` and `@Requires(env = Environment.TEST)` for testing purposes. It also includes custom JWT claims generation and bearer token rendering, extending Micronaut's security features for specific user types.",Microservices Test
https://github.com/HasinthakaPiyumal/AI-Pattern-Mining-Project/tree/main/notebooks/result/ms_repo_callgraph_clusters/micronaut-microservices-poc_java/cluster_43.java,"This Micronaut `ServerWebSocket` implements a real-time chat functionality, managing client connections and broadcasting messages to all participants within a specific chat topic. It leverages Micronaut's WebSocket annotations and a `WebSocketBroadcaster` to facilitate topic-based communication and user join/leave notifications.",EDA
https://github.com/HasinthakaPiyumal/AI-Pattern-Mining-Project/tree/main/notebooks/result/ms_repo_callgraph_clusters/spring-petclinic_java/cluster_11.java,"This Spring Boot application programmatically starts a MySQL database using Testcontainers for integration testing the PetClinic application. It leverages the `@ServiceConnection` annotation to automatically configure the application to connect to this dynamically provisioned MySQL container when the ""mysql"" profile is active.",Database with Microservices
https://github.com/HasinthakaPiyumal/AI-Pattern-Mining-Project/tree/main/notebooks/result/ms_repo_callgraph_clusters/sample.daytrader7_java/cluster_50.java,"This JSF managed bean (`@Named(""accountdata"")`) serves the DayTrader application by fetching a user's account details, holdings, and order history via a `TradeAction` service. It then calculates financial metrics like gain and gain percentage, preparing all this data for presentation on a web interface.",Service Implementation
https://github.com/HasinthakaPiyumal/AI-Pattern-Mining-Project/tree/main/notebooks/result/ms_repo_callgraph_clusters/ftgo-application_java/cluster_36.java,"This Spring Boot configuration file establishes the `ConsumerService` within a microservice architecture, configuring JPA persistence and transaction management. It specifically integrates with Eventuate Tram Sagas to enable distributed transaction participation and command dispatching for the consumer service.",Database with Microservices
https://github.com/HasinthakaPiyumal/AI-Pattern-Mining-Project/tree/main/notebooks/result/ms_repo_callgraph_clusters/spring-petclinic_java/cluster_18.java,"This Java class defines the `Visit` entity for the Spring PetClinic application, serving as a JPA entity to persist visit details such as the date and a description to a database table named ""visits"". It leverages JPA annotations for persistence, includes validation for the description, and automatically initializes the visit date to the current date.",Database with Microservices
https://github.com/HasinthakaPiyumal/AI-Pattern-Mining-Project/tree/main/notebooks/result/ms_repo_callgraph_clusters/train-ticket_java/cluster_16.java,"This code defines two distinct Java enums, `WaitListOrderStatus` and `OrderStatus`, to represent different states of orders within a train ticket system. Both enums provide integer codes and descriptive names for each status, with `WaitListOrderStatus` notably attempting to resolve status names using the `OrderStatus` enum in its `getNameByCode` utility method.",Domain-driven design
https://github.com/HasinthakaPiyumal/AI-Pattern-Mining-Project/tree/main/notebooks/result/ms_repo_callgraph_clusters/spring-petclinic_java/cluster_3.java,"This code defines the core domain model for a Spring Pet Clinic application, encompassing entities like `Owner`, `Pet`, `Visit`, `Vet`, `PetType`, and `Specialty`. It extensively uses JPA annotations (`@Entity`, `@Table`, `@OneToMany`, `@ManyToOne`, `@ManyToMany`) to map these objects to a relational database, establishing relationships and incorporating data validation rules.",Domain-driven design
https://github.com/HasinthakaPiyumal/AI-Pattern-Mining-Project/tree/main/notebooks/result/ms_repo_callgraph_clusters/springboot-kafka-microservices_java/cluster_5.java,"This code defines two distinct Java enums, `OrderStatus` and `PaymentStatus`, for an order and payment microservice respectively. It provides type-safe, enumerated states (e.g., PENDING, DELIVERED for orders; SUCCESS, FAILED for payments) each with a human-readable label, leveraging Lombok for brevity.",Domain-driven design
https://github.com/HasinthakaPiyumal/AI-Pattern-Mining-Project/tree/main/notebooks/result/ms_repo_callgraph_clusters/sample.daytrader7_java/cluster_62.java,"This `QuoteData` class serves as a data model for representing detailed stock quote information within the DayTrader sample application, specifically for JSF web presentation. It stores financial metrics like price, open, high, low, volume, and gain using `BigDecimal` for precision, and includes methods to calculate and format these values, including HTML-ready strings for web display.",Domain-driven design
https://github.com/HasinthakaPiyumal/AI-Pattern-Mining-Project/tree/main/notebooks/result/ms_repo_callgraph_clusters/ftgo-application_java/cluster_22.java,"This code defines API commands and replies for a distributed order creation saga, specifically handling ticket creation, confirmation, and cancellation within a kitchen service context. The `CreateOrderSagaState` class orchestrates the saga by managing order state and generating various inter-service commands for consumer validation, payment authorization, and kitchen operations.",Saga
https://github.com/HasinthakaPiyumal/AI-Pattern-Mining-Project/tree/main/notebooks/result/ms_repo_callgraph_clusters/sample.daytrader7_java/cluster_54.java,"This code defines the core JPA entity data model for the IBM WebSphere DayTrader sample application. It comprises `AccountDataBean`, `HoldingDataBean`, `QuoteDataBean`, `AccountProfileDataBean`, and `OrderDataBean` classes, which represent trading accounts, stock holdings, market quotes, user profiles, and trade orders, respectively, with appropriate relational mappings for persistence.",Domain-driven design
https://github.com/HasinthakaPiyumal/AI-Pattern-Mining-Project/tree/main/notebooks/result/ms_repo_callgraph_clusters/Retail-Banking-System_java/cluster_13.java,"This code file primarily consists of JUnit 5 test classes that thoroughly validate the getter, setter, and constructor functionality of various model entities like `CustomerEntity`, `CustomerDetailsResponse`, and `Account`. It also includes a `JwtUtil` service responsible for generating, extracting claims from, and validating JSON Web Tokens for authentication.",Microservices Test
https://github.com/HasinthakaPiyumal/AI-Pattern-Mining-Project/tree/main/notebooks/result/ms_repo_callgraph_clusters/ftgo-application_java/cluster_35.java,"This code cluster implements an API Gateway using Spring Cloud Gateway and WebFlux, routing requests to backend microservices and aggregating order-related data for complex responses. It also includes core domain logic for order management within an `orderservice` and a CQRS read model for order history persisted in DynamoDB, updated reactively via domain event handlers.",API Gateway
https://github.com/HasinthakaPiyumal/AI-Pattern-Mining-Project/tree/main/notebooks/result/ms_repo_callgraph_clusters/piggymetrics_java/cluster_5.java,"This code implements a Spring-scheduled notification service responsible for sending ""backup"" and ""remind"" emails to users. It asynchronously processes recipients, fetching account data from a client service for backup notifications and updating notification statuses, with robust error handling for individual recipient failures.",EDA
https://github.com/HasinthakaPiyumal/AI-Pattern-Mining-Project/tree/main/notebooks/result/ms_repo_callgraph_clusters/sample.plantsbywebsphere_java/cluster_15.java,"This code implements a core e-commerce shopping cart and order processing system, enabling users to manage items, calculate totals, and create orders. It leverages Java EE technologies like CDI for session management and JPA for transactional persistence of inventory, orders, and backorders.",Service Implementation
https://github.com/HasinthakaPiyumal/AI-Pattern-Mining-Project/tree/main/notebooks/result/ms_repo_callgraph_clusters/micronaut-microservices-poc_java/cluster_11.java,"This code implements an Elasticsearch-backed data access layer for a Micronaut application, handling policy persistence and complex sales analytics queries through aggregations and filters. It utilizes a `QueryAdapter` pattern for structured query building and includes infrastructure for data seeding and integration testing with an embedded Elasticsearch instance.",Database with Microservices
https://github.com/HasinthakaPiyumal/AI-Pattern-Mining-Project/tree/main/notebooks/result/ms_repo_callgraph_clusters/train-ticket_java/cluster_26.java,"This code defines several Java enums (e.g., `DocumentType`, `Gender`, `SeatClass`) that map integer codes to descriptive string names, providing a utility method to retrieve names by their corresponding codes. A notable pattern is the consistent structure across all enums and their duplication in different service packages, suggesting a common entity definition strategy within a microservice environment.",Other
https://github.com/HasinthakaPiyumal/AI-Pattern-Mining-Project/tree/main/notebooks/result/ms_repo_callgraph_clusters/crypto_crawler_python/cluster_45.py,"This code defines `get_priority_queue`, a function that implements lazy initialization to retrieve a priority queue instance. It efficiently reuses an existing `PRIORITY_QUEUE` connection if already established, otherwise it calls `connect_to_priority_queue` to create a new one.",Other
https://github.com/HasinthakaPiyumal/AI-Pattern-Mining-Project/tree/main/notebooks/result/ms_repo_callgraph_clusters/crypto_crawler_python/cluster_16.py,"This Python file implements core logic for an automated cryptocurrency trading system, managing exchange balances, detecting arbitrage opportunities by comparing order books, and robustly processing expired orders by canceling, re-evaluating, and re-placing them. It heavily leverages a caching mechanism to minimize API calls and utilizes message queues for efficient, asynchronous operation.",Service Implementation
https://github.com/HasinthakaPiyumal/AI-Pattern-Mining-Project/tree/main/notebooks/result/ms_repo_callgraph_clusters/RepoGenesis_python/cluster_0.py,"This Python script orchestrates the automated generation of software projects by integrating various AI code generation agents (MetaGPT, DeepCode, Qwen-Agent, MS-Agent). It processes project requirements from READMEs and dependency files, manages Git repository state for generated code, sets up isolated environments, and includes utilities for testing and evaluating the functional completeness and API coverage of the synthesized projects.",Service Implementation
https://github.com/HasinthakaPiyumal/AI-Pattern-Mining-Project/tree/main/notebooks/result/ms_repo_callgraph_clusters/saigonparking_java/cluster_5.java,"This Spring `@Configuration` class for the `contact` service initializes core infrastructure components, including gRPC client and global server interceptors with standardized exception mapping, AMQP message conversion, and WebSocket support. It centralizes the setup for asynchronous operations, transaction management, and custom authentication, along with providing a QR code writer.",EDA
https://github.com/HasinthakaPiyumal/AI-Pattern-Mining-Project/tree/main/notebooks/result/ms_repo_callgraph_clusters/sample.daytrader7_java/cluster_65.java,"This `QuoteData` class serves as a data model for representing and managing stock quote information within the DayTrader JSF web application, utilizing `BigDecimal` for precise financial calculations. It stores various metrics like price, open, high, and low, and provides methods to compute and format these values, including generating HTML strings with color-coded changes and directional arrows for web display.",Domain-driven design
https://github.com/HasinthakaPiyumal/AI-Pattern-Mining-Project/tree/main/notebooks/result/ms_repo_callgraph_clusters/crypto_crawler_python/cluster_10.py,"This code defines a `MemoryCache` class that wraps Redis operations to provide specialized caching for application data. It manages atomic counters (nonce, arbitrage IDs), stores and retrieves pickled exchange balances, and caches order book data, leveraging Redis for fast, persistent storage and atomic operations.",Other
https://github.com/HasinthakaPiyumal/AI-Pattern-Mining-Project/tree/main/notebooks/result/ms_repo_callgraph_clusters/crypto_crawler_python/cluster_42.py,"This code defines classes (`SubscriptionPoloniex`, `SubscriptionHuobi`) for establishing and maintaining real-time WebSocket connections to cryptocurrency exchanges like Poloniex and Huobi. It subscribes to specific currency pair order book updates, manages heartbeats, parses incoming market data, and dispatches processed updates to a provided callback function, likely for arbitrage or trading applications.",EDA
https://github.com/HasinthakaPiyumal/AI-Pattern-Mining-Project/tree/main/notebooks/result/ms_repo_callgraph_clusters/micronaut-microservices-poc_java/cluster_46.java,"This `ElasticClientAdapter` provides a reactive interface for interacting with an Elasticsearch cluster, enabling asynchronous indexing and searching of documents. It leverages the Elasticsearch `RestHighLevelClient` and RxJava's `Maybe` to wrap its asynchronous operations, handling success and failure callbacks.",Other
https://github.com/HasinthakaPiyumal/AI-Pattern-Mining-Project/tree/main/notebooks/result/ms_repo_callgraph_clusters/crypto_crawler_python/cluster_14.py,"This code implements a cryptocurrency arbitrage listener that continuously monitors and synchronizes order books from two exchanges to identify trading opportunities. It extensively uses Redis for inter-process communication, caching, and managing order queues, alongside comprehensive mapping functions for currency and trading pair conversions across multiple exchange APIs like Poloniex, Huobi, Binance, Kraken, and Bittrex.",Service Implementation
https://github.com/HasinthakaPiyumal/AI-Pattern-Mining-Project/tree/main/notebooks/result/ms_repo_callgraph_clusters/sample.daytrader7_java/cluster_14.java,"This JSF managed bean, `QuoteJSF`, serves as a controller for displaying stock quotes and initiating buy orders within the DayTrader sample application. It fetches quote data from a `TradeAction` EJB based on user-defined or default symbols, persisting symbol preferences in the HTTP session, and processes buy requests for selected stocks.",Backends for Frontends
https://github.com/HasinthakaPiyumal/AI-Pattern-Mining-Project/tree/main/notebooks/result/ms_repo_callgraph_clusters/crypto_crawler_python/cluster_36.py,"This Python file functions as an API client for multiple cryptocurrency exchanges (Poloniex, Huobi, Binance, Kraken, Bittrex), providing methods for account management, market data retrieval, and trade execution. It features robust logging, secure API request generation with signing and nonces, a Redis-based message queue, and includes specific logic for identifying arbitrage opportunities by comparing bid/ask prices across exchanges.",Other
https://github.com/HasinthakaPiyumal/AI-Pattern-Mining-Project/tree/main/notebooks/result/ms_repo_callgraph_clusters/sample.plantsbywebsphere_java/cluster_0.java,"This collection of Java EE beans implements the core business logic for an e-commerce application, ""PlantsByWebSphere,"" managing customer accounts, product catalog, shopping cart, order processing, back orders, supplier information, and email notifications. It extensively uses CDI and JPA for data persistence and transaction management, alongside an administrative utility for database initialization and reset.",Service Implementation
https://github.com/HasinthakaPiyumal/AI-Pattern-Mining-Project/tree/main/notebooks/result/ms_repo_callgraph_clusters/DeathStarBench_python/cluster_32.py,"This Python script uses `asyncio` and `aiohttp` to concurrently upload various data types, including movie/cast information, user registrations, follows, and composed posts, to an external service. It processes data in batches with controlled concurrency and includes utility functions for generating numerical latency buckets.",Service Implementation
https://github.com/HasinthakaPiyumal/AI-Pattern-Mining-Project/tree/main/notebooks/result/ms_repo_callgraph_clusters/sample.plantsbywebsphere_java/cluster_4.java,"This code file contains multiple Java classes forming core components of the ""PlantsByWebSphere"" sample application, a Java EE web store. It primarily manages product catalog data, customer accounts, and order processing, leveraging JPA for persistence, Servlets for request handling, and JSF for UI backing, alongside utility functions for input validation and debugging.",Service Implementation
https://github.com/HasinthakaPiyumal/AI-Pattern-Mining-Project/tree/main/notebooks/result/ms_repo_callgraph_clusters/sample.plantsbywebsphere_java/cluster_13.java,"This code defines a `ShoppingCartBean` that manages a user's shopping cart, allowing items to be added, removed, and their total cost calculated. It acts as a transactional facade, using JPA (`EntityManager`) to persist orders, update inventory levels, and create backorders, with the `Order` entity providing a comprehensive structure for storing customer purchase details.",Service Implementation
https://github.com/HasinthakaPiyumal/AI-Pattern-Mining-Project/tree/main/notebooks/result/ms_repo_callgraph_clusters/sample.daytrader7_java/cluster_93.java,"This code defines two JavaServer Faces (JSF) managed beans, `PortfolioJSF` and `AccountDataJSF`, for the DayTrader sample application. `PortfolioJSF` manages and displays a user's stock holdings, calculating portfolio value and enabling sell actions, while `AccountDataJSF` provides a comprehensive view of a user's account details, including balances, login history, and order history, by interacting with a `TradeAction` service.",Backends for Frontends
https://github.com/HasinthakaPiyumal/AI-Pattern-Mining-Project/tree/main/notebooks/result/ms_repo_callgraph_clusters/spring-petclinic_java/cluster_0.java,"This code serves as the main entry point for the Spring PetClinic application, bootstrapping it using Spring Boot's `SpringApplication.run` method. It leverages `@SpringBootApplication` for auto-configuration and `@ImportRuntimeHints` to provide necessary runtime hints, likely for GraalVM native image compilation.",Other
https://github.com/HasinthakaPiyumal/AI-Pattern-Mining-Project/tree/main/notebooks/result/ms_repo_callgraph_clusters/piggymetrics_java/cluster_12.java,"This code defines the core domain models for the Piggymetrics microservices application, including entities for user authentication, financial accounts, income/expense items, savings, exchange rates, and notification recipients. It leverages Spring Data MongoDB for persistence, Spring Security for user details, and JSR-303 validation for data integrity across its various services.",Domain-driven design
https://github.com/HasinthakaPiyumal/AI-Pattern-Mining-Project/tree/main/notebooks/result/ms_repo_callgraph_clusters/RepoGenesis_python/cluster_10.py,"This code defines two pytest fixtures (`test_user` and `test_user_2`) that create and persist distinct test user accounts in a database. Each fixture hashes the user's password, generates an access token, and returns the user object along with authentication headers, primarily for setting up authenticated contexts in API or integration tests.",Microservices Security
https://github.com/HasinthakaPiyumal/AI-Pattern-Mining-Project/tree/main/notebooks/result/ms_repo_callgraph_clusters/micronaut-microservices-poc_java/cluster_28.java,"This code comprises a suite of JUnit 5 tests for the `PolicyElasticRepository`, validating its ability to query and aggregate policy sales data from an embedded Elasticsearch instance. It specifically tests methods for calculating total sales, agent-specific sales, and sales trends over time, with various filtering and aggregation options.",Microservices Test
https://github.com/HasinthakaPiyumal/AI-Pattern-Mining-Project/tree/main/notebooks/result/ms_repo_callgraph_clusters/sample.plantsbywebsphere_java/cluster_54.java,"This `AccountBean` is a JSF session-scoped backing bean that manages user account operations, including login, registration, and profile updates, within an e-commerce application. It orchestrates the multi-step checkout process by interacting with customer management, shopping cart, and mailer services to persist orders and send confirmations.",Microservices Security
https://github.com/HasinthakaPiyumal/AI-Pattern-Mining-Project/tree/main/notebooks/result/ms_repo_callgraph_clusters/spring-petclinic_java/cluster_27.java,"This collection of Spring PetClinic application files implements core features, specifically managing `PetType` data persistence via Spring Data JPA and handling owner pet creation/updates through a Spring MVC controller. It is extensively tested with Spring Boot integration tests leveraging Testcontainers for PostgreSQL and MySQL, alongside Mockito-based unit tests for components like formatters and error handling.",Database with Microservices
https://github.com/HasinthakaPiyumal/AI-Pattern-Mining-Project/tree/main/notebooks/result/ms_repo_callgraph_clusters/train-ticket_java/cluster_42.java,"These Java classes (`QueryInfo` and `OrderInfo`) function as data transfer objects for defining flexible search criteria, allowing queries to be dynamically filtered by login ID, travel dates, purchase dates, and an order state. They employ boolean flags and dedicated `enable/disable` methods for each criterion, facilitating the construction of complex search parameters, with Lombok's `@Data` annotation simplifying boilerplate code.",Domain-driven design
https://github.com/HasinthakaPiyumal/AI-Pattern-Mining-Project/tree/main/notebooks/result/ms_repo_callgraph_clusters/Chatbot_python/cluster_1.py,"This Streamlit application provides a user interface for managing and interacting with multiple chatbot collections. It allows users to select a collection, view its chat history fetched from a backend service, and engage in new conversations, while also including a utility for splitting raw text into structured documents for ingestion.",Microservices UI
https://github.com/HasinthakaPiyumal/AI-Pattern-Mining-Project/tree/main/notebooks/result/ms_repo_callgraph_clusters/ita-challenges-backend_java/cluster_45.java,"This `SubmissionMapper` class provides a static utility method `toDto` to convert a `SubmissionDocument` into a `SubmissionDto`. It specifically maps UUIDs to string representations and an enum status to its name, utilizing a builder pattern for DTO construction to facilitate data transfer.",Other
https://github.com/HasinthakaPiyumal/AI-Pattern-Mining-Project/tree/main/notebooks/result/ms_repo_callgraph_clusters/micronaut-microservices-poc_java/cluster_33.java,"This Micronaut scheduled job, running every 8 hours, imports bank statements by delegating to `InPaymentRegistrationService` to register incoming payments from a configured directory for the current date. It leverages Micronaut's `@Scheduled` annotation for recurring execution and dependency injection for its configuration and service.",Service Implementation
https://github.com/HasinthakaPiyumal/AI-Pattern-Mining-Project/tree/main/notebooks/result/ms_repo_callgraph_clusters/saigonparking_java/cluster_8.java,"This Spring component configures RabbitMQ messaging for the 'contact' service, defining a `TopicExchange` and a `DirectMessageListenerContainer` that automatically acknowledges messages and processes them using a dedicated `SaigonParkingQueueMessageListener`.",EDA
https://github.com/HasinthakaPiyumal/AI-Pattern-Mining-Project/tree/main/notebooks/result/ms_repo_callgraph_clusters/acmeair_java/cluster_10.java,"This code defines two JAX-RS `Application` configurations for the AcmeAir web application, registering distinct sets of REST endpoints. `AppConfig` exposes `/rest/info` for configuration and loader services, while `AcmeAirApp` exposes `/rest/api` for core business functionalities like bookings, customers, flights, and login.",Other
https://github.com/HasinthakaPiyumal/AI-Pattern-Mining-Project/tree/main/notebooks/result/ms_repo_callgraph_clusters/saigonparking_java/cluster_7.java,"This Spring component configures RabbitMQ for the contact service, defining a `TopicExchange` and a `DirectMessageListenerContainer` that automatically acknowledges messages and processes them using a `SaigonParkingQueueMessageListener`. It sets up the infrastructure for asynchronous message consumption within the application.",EDA
https://github.com/HasinthakaPiyumal/AI-Pattern-Mining-Project/tree/main/notebooks/result/ms_repo_callgraph_clusters/train-ticket_java/cluster_45.java,"This code defines two nearly identical data classes, `QueryInfo` and `OrderInfo`, which serve as flexible query parameter objects. They encapsulate various filtering criteria like login ID, travel dates, bought dates, and order state, providing methods to dynamically enable or disable specific query conditions.",Domain-driven design
https://github.com/HasinthakaPiyumal/AI-Pattern-Mining-Project/tree/main/notebooks/result/ms_repo_callgraph_clusters/crypto_crawler_python/cluster_44.py,"This code defines a function `connect_to_priority_queue` that initializes and returns a `PriorityQueue` object, connecting to a specified host and port (likely a caching service). It stores this instance in a global variable `PRIORITY_QUEUE`, suggesting it's intended to be a shared, singleton-like connection for managing prioritized tasks or data.",Other
https://github.com/HasinthakaPiyumal/AI-Pattern-Mining-Project/tree/main/notebooks/result/ms_repo_callgraph_clusters/ftgo-application_java/cluster_120.java,"This code primarily defines a simple `ActionInfo` DTO and, more significantly, provides comprehensive Spring Boot integration tests for an `OrderService`. These tests validate order creation and state transitions within a microservices context, leveraging an embedded H2 database, Eventuate Tram for event-driven communication, and consumer-driven contract testing with stub runners for external service interactions.",Microservices Test
https://github.com/HasinthakaPiyumal/AI-Pattern-Mining-Project/tree/main/notebooks/result/ms_repo_callgraph_clusters/saigonparking_java/cluster_28.java,"This code defines a system for managing parking lot images, primarily storing them in and retrieving them from Amazon S3 cloud storage. It provides services to interact with S3, an `ImageUtil` for encoding/decoding image data using Google Protobuf's `ByteString` for gRPC communication, and a MapStruct mapper to facilitate image retrieval and encoding for specific parking lot IDs.",Domain-driven design
https://github.com/HasinthakaPiyumal/AI-Pattern-Mining-Project/tree/main/notebooks/result/ms_repo_callgraph_clusters/spring-petclinic_java/cluster_7.java,"This Java class defines the `Owner` domain entity for a pet clinic application, extending `Person` to store owner details like address, city, and telephone, along with a managed collection of `Pet` objects. It functions as a JPA entity with data validation, providing methods to retrieve specific pets or add visits to them.",Domain-driven design
https://github.com/HasinthakaPiyumal/AI-Pattern-Mining-Project/tree/main/notebooks/result/ms_repo_callgraph_clusters/sample.plantsbywebsphere_java/cluster_6.java,"This code defines a suite of Java EE beans and JPA entities for an e-commerce sample application, ""Plants By WebSphere,"" providing transactional facades for managing the product catalog, customer accounts, shopping carts, order processing, and inventory back orders. It heavily utilizes JPA with `EntityManager` for data persistence and CDI annotations for component lifecycle, transaction management, and security.",Transaction
https://github.com/HasinthakaPiyumal/AI-Pattern-Mining-Project/tree/main/notebooks/result/ms_repo_callgraph_clusters/micronaut-microservices-poc_java/cluster_39.java,"This code defines core domain value objects for precise financial and quantity calculations (`MonetaryAmount`, `Quantity`, `Percent`) using `BigDecimal` and JPA `@Embeddable` annotations. It also implements a flexible, rule-based pricing engine that leverages MVEL expressions for dynamic evaluation of discount/markup rules and base premium calculations, alongside JPA entities for managing various policy-related accounting entries.",Domain-driven design
https://github.com/HasinthakaPiyumal/AI-Pattern-Mining-Project/tree/main/notebooks/result/ms_repo_callgraph_clusters/micronaut-microservices-poc_java/cluster_36.java,"This Micronaut payment service includes a scheduled job that periodically imports daily bank statements from specifically formatted CSV files. It parses these files, registers incoming payments against corresponding policy accounts, and marks them as processed by renaming, with initial demo account data loaded on application startup.",Domain-driven design
https://github.com/HasinthakaPiyumal/AI-Pattern-Mining-Project/tree/main/notebooks/result/ms_repo_callgraph_clusters/train-ticket_java/cluster_32.java,"This Java class defines a `Span` object, a data structure commonly used in distributed tracing to represent a single operation or unit of work. It encapsulates identifiers (traceId, spanId, parentId), a name, and manages lists of child span IDs and associated key-value log entries.",Microservices Observerbility
https://github.com/HasinthakaPiyumal/AI-Pattern-Mining-Project/tree/main/notebooks/result/ms_repo_callgraph_clusters/spring-petclinic_java/cluster_5.java,"This code defines the core domain model for a Spring PetClinic application, including `Owner`, `Pet`, `Person`, and `BaseEntity` using Spring Data JPA for persistence and validation. It also features comprehensive Spring Boot integration and web layer tests for managing owners and vets, alongside a Spring MVC configuration for internationalization.",Domain-driven design
https://github.com/HasinthakaPiyumal/AI-Pattern-Mining-Project/tree/main/notebooks/result/ms_repo_callgraph_clusters/ftgo-application_java/cluster_107.java,"This Java class, `PersonName`, is a simple value object designed to encapsulate a person's first and last name. It provides a constructor for initialization and public getters for access, with a private no-argument constructor likely for serialization frameworks.",Domain-driven design
https://github.com/HasinthakaPiyumal/AI-Pattern-Mining-Project/tree/main/notebooks/result/ms_repo_callgraph_clusters/sample.plantsbywebsphere_java/cluster_53.java,"This JSF `@SessionScoped` backing bean, `AccountBean`, manages user account functionalities including login, registration, and profile updates. It also orchestrates the complete checkout process, handling order creation, shipping details, and sending order confirmation emails by interacting with customer, mailer, and shopping cart services.",Microservice Scaling
https://github.com/HasinthakaPiyumal/AI-Pattern-Mining-Project/tree/main/notebooks/result/ms_repo_callgraph_clusters/ftgo-application_java/cluster_30.java,"This code defines a suite of Spring Boot microservices for an `ftgo` application, including an API Gateway, Restaurant, Accounting, Order, and other core services, all leveraging Eventuate Tram for transactional messaging. It notably includes an AWS Lambda integration pattern for the Restaurant service, demonstrating how to initialize and manage Spring application contexts within Lambda request handlers for serverless deployments.",Transaction
https://github.com/HasinthakaPiyumal/AI-Pattern-Mining-Project/tree/main/notebooks/result/ms_repo_callgraph_clusters/micronaut-microservices-poc_java/cluster_1.java,"This collection of Java code defines core domain value objects like `MonetaryAmount` and `DateRange` for a financial/policy system. Its primary functionality is a dashboard service that queries and aggregates policy sales data from Elasticsearch, providing total sales, sales trends, and agent-specific sales through dedicated query adapters and handlers.",Domain-driven design
https://github.com/HasinthakaPiyumal/AI-Pattern-Mining-Project/tree/main/notebooks/result/ms_repo_callgraph_clusters/sample.daytrader7_java/cluster_9.java,"This code defines multiple Java EE WebSocket endpoints for the DayTrader sample application, showcasing different messaging types (JSON, text, binary) and communication patterns. The `MarketSummaryWebSocket` specifically provides real-time market summary data, responding to client ""update"" requests and proactively pushing stock price changes received from JMS messages via CDI events using a scheduled executor.",EDA
https://github.com/HasinthakaPiyumal/AI-Pattern-Mining-Project/tree/main/notebooks/result/ms_repo_callgraph_clusters/micronaut-microservices-poc_java/cluster_44.java,"This code implements a custom Micronaut Security authentication provider for ""Insurance Agents."" It authenticates users by retrieving agent details from a `JdbcRepository` based on login, verifying the password, and then returning an `InsuranceAgentDetails` object containing the agent's login, avatar, and available product codes upon successful authentication.",Microservices Security
https://github.com/HasinthakaPiyumal/AI-Pattern-Mining-Project/tree/main/notebooks/result/ms_repo_callgraph_clusters/saigonparking_java/cluster_29.java,"This code file defines two distinct Spring `@Configuration` classes for the `booking` and `contact` microservices of the Saigon Parking application. These configurations establish core infrastructure, including gRPC client/server interceptors with detailed exception-to-error-code mappings, transaction management, asynchronous processing, and service-specific beans like QR code generation and message queue integration.",Other
https://github.com/HasinthakaPiyumal/AI-Pattern-Mining-Project/tree/main/notebooks/result/ms_repo_callgraph_clusters/piggymetrics_java/cluster_25.java,"This Java enum `NotificationType` defines distinct notification categories, such as `BACKUP` and `REMIND`, for the `piggymetrics` notification service. Each enum constant encapsulates specific email-related metadata like subject, text, and an optional attachment identifier, providing a structured way to manage different notification content configurations.",Other
https://github.com/HasinthakaPiyumal/AI-Pattern-Mining-Project/tree/main/notebooks/result/ms_repo_callgraph_clusters/piggymetrics_java/cluster_23.java,"This code implements a notification service for the Piggymetrics application, managing user preferences for scheduled notifications like backups and reminders. It leverages Spring Data MongoDB with custom queries to efficiently identify recipients whose notification frequency has elapsed since their last notification.",EDA
https://github.com/HasinthakaPiyumal/AI-Pattern-Mining-Project/tree/main/notebooks/result/ms_repo_callgraph_clusters/ftgo-application_java/cluster_157.java,"This code defines and configures event handlers for the Delivery Service, subscribing to domain events from other microservices (Order, Kitchen, Restaurant) using the Eventuate Tram framework. It processes events like `OrderCreatedEvent` and `TicketAcceptedEvent` to orchestrate delivery creation, scheduling, and cancellation within the `DeliveryService` domain.",EDA
https://github.com/HasinthakaPiyumal/AI-Pattern-Mining-Project/tree/main/notebooks/result/ms_repo_callgraph_clusters/jpetstore-6_java/cluster_6.java,"This Spring `@Configuration` class establishes a testing environment for MyBatis mappers by configuring an in-memory HSQLDB database, complete with schema and data, along with a `SqlSessionFactory`, `DataSourceTransactionManager`, and `JdbcTemplate`. It specifically scans for mappers in `org.mybatis.jpetstore.mapper` and sets up type aliases for `org.mybatis.jpetstore.domain`.",Microservices Test
https://github.com/HasinthakaPiyumal/AI-Pattern-Mining-Project/tree/main/notebooks/result/ms_repo_callgraph_clusters/crypto_crawler_python/cluster_9.py,"This Python class implements a Redis-backed priority queue designed to manage a ""watch queue"" of orders. It stores orders in Redis sorted sets, using negative current UTC milliseconds as scores to efficiently retrieve and remove the oldest order.",Other
https://github.com/HasinthakaPiyumal/AI-Pattern-Mining-Project/tree/main/notebooks/result/ms_repo_callgraph_clusters/ita-challenges-backend_java/cluster_6.java,"This code file primarily comprises comprehensive unit and integration tests for a reactive Spring WebFlux microservice that manages programming challenges, user interactions (bookmarks, favorites), and integrations with external services like GitHub. It showcases extensive use of Project Reactor for asynchronous operations and employs `MockWebServer`, `WebTestClient`, and `Testcontainers` for robust testing of reactive data persistence and inter-service communication.",Microservices Test
https://github.com/HasinthakaPiyumal/AI-Pattern-Mining-Project/tree/main/notebooks/result/ms_repo_callgraph_clusters/sample.daytrader7_java/cluster_36.java,"This `TradeConfig` class serves as a central repository for static configuration and runtime parameters for a ""Trade"" application, defining settings like runtime mode (EJB3, JDBC), order processing, web interface, and database scaling. It also provides utility methods for generating random user IDs, stock symbols, and price changes, and for dynamically updating these configurations.",Other
https://github.com/HasinthakaPiyumal/AI-Pattern-Mining-Project/tree/main/notebooks/result/ms_repo_callgraph_clusters/sample.daytrader7_java/cluster_37.java,"This `TradeConfig` class centralizes all static configuration and runtime parameters for the IBM DayTrader sample application, defining operational modes (e.g., EJB, JDBC, sync/async), web interface types, and database scaling limits. It also includes utility methods for generating random trade data and managing workload scenarios, crucial for performance testing and demonstrations.",Other
https://github.com/HasinthakaPiyumal/AI-Pattern-Mining-Project/tree/main/notebooks/result/ms_repo_callgraph_clusters/train-ticket_java/cluster_34.java,"This code defines multiple Spring `@Configuration` classes, each responsible for declaring a single AMQP queue bean. These beans expose specific queues, named either ""email"" or ""food_delivery"", for message-driven communication across different application modules or microservices.",Other
https://github.com/HasinthakaPiyumal/AI-Pattern-Mining-Project/tree/main/notebooks/result/ms_repo_callgraph_clusters/saigonparking_java/cluster_4.java,"This Spring `WebSocketConfigurer` defines and registers eight distinct WebSocket endpoints for the ""Saigon Parking"" contact service, supporting both binary and text communication. It meticulously maps different paths, including those for QR scanner and web authentication, to specific message handlers and dedicated handshake interceptors for robust connection management.",EDA
https://github.com/HasinthakaPiyumal/AI-Pattern-Mining-Project/tree/main/notebooks/result/ms_repo_callgraph_clusters/jpetstore-6_java/cluster_44.java,"This Spring `@Configuration` class establishes a testing environment for MyBatis mappers by configuring an in-memory HSQLDB database, pre-loaded with schema and data scripts. It sets up the necessary `SqlSessionFactoryBean`, `DataSourceTransactionManager`, and `JdbcTemplate` to facilitate integration tests for data access components.",Microservices Test
https://github.com/HasinthakaPiyumal/AI-Pattern-Mining-Project/tree/main/notebooks/result/ms_repo_callgraph_clusters/sample.daytrader7_java/cluster_43.java,"This `TradeConfig` Java class acts as a central, static repository for all configuration and runtime parameters of the DayTrader sample application. It defines various settings such as runtime mode (EJB3, JDBC), order processing, web interface, database connection details, user/quote limits, and stock price behavior, while also providing utility methods for generating random test data and dynamically updating these configurations.",Other
https://github.com/HasinthakaPiyumal/AI-Pattern-Mining-Project/tree/main/notebooks/result/ms_repo_callgraph_clusters/ftgo-application_java/cluster_45.java,"This Spring Boot configuration class is specifically designed for API Gateway integration tests, explicitly forcing the use of Netty as the reactive web server. This ensures compatibility and prevents potential casting exceptions that could arise from conflicts with other test dependencies like WireMock, which might introduce Jetty.",Other
https://github.com/HasinthakaPiyumal/AI-Pattern-Mining-Project/tree/main/notebooks/result/ms_repo_callgraph_clusters/springboot-kafka-microservices_java/cluster_10.java,"This JUnit 5 test file, `ProductServiceImplTest`, unit tests the `ProductServiceImpl` class, verifying its `saveProduct` and `getProductById` methods. It uses Mockito to mock dependencies like `ProductRepository`, `ModelMapper`, `ProductRedis`, and `CloudinaryService`, covering scenarios such as successful operations, exception handling, and product retrieval from cache or database.",Microservices Test
https://github.com/HasinthakaPiyumal/AI-Pattern-Mining-Project/tree/main/notebooks/result/ms_repo_callgraph_clusters/spring-petclinic_java/cluster_9.java,"This Spring Boot integration test class validates the PetClinic application's functionality when configured with a PostgreSQL database. It leverages Testcontainers and Docker Compose to provision the database, performing both direct repository calls and REST API requests to verify application behavior.",Microservices Test
https://github.com/HasinthakaPiyumal/AI-Pattern-Mining-Project/tree/main/notebooks/result/ms_repo_callgraph_clusters/train-ticket_java/cluster_165.java,"This code configures and implements distributed tracing context propagation for messaging systems. The `HBMInject` class specifically injects trace, span, parent IDs, sampling status, and baggage items into message headers, ensuring monitoring context is propagated across message boundaries using Spring's conditional bean registration.",Microservices Observerbility
https://github.com/HasinthakaPiyumal/AI-Pattern-Mining-Project/tree/main/notebooks/result/ms_repo_callgraph_clusters/sample.daytrader7_java/cluster_30.java,"This `TradeConfig` class acts as a central static repository for all configuration and runtime parameters of the DayTrader sample application. It defines various operational modes (e.g., EJB, JDBC), database settings, UI paths, and workload scenario mixes, providing utility methods for generating random trade data and dynamically updating these settings.",Other
https://github.com/HasinthakaPiyumal/AI-Pattern-Mining-Project/tree/main/notebooks/result/ms_repo_callgraph_clusters/Hands-on-Microservices-with-Python_python/cluster_3.py,"This Flask route handles user registration, processing form submissions to validate user input, check for existing usernames via a `UserClient`, and create new user accounts. It provides user feedback using flash messages and redirects upon successful registration or re-renders the form with validation errors.",Microservices Security
https://github.com/HasinthakaPiyumal/AI-Pattern-Mining-Project/tree/main/notebooks/result/ms_repo_callgraph_clusters/train-ticket_java/cluster_6.java,"This code file contains a comprehensive suite of Spring Boot unit and integration tests for various microservices within a train ticket booking system. It extensively utilizes `MockMvc` to simulate HTTP requests against controllers and Mockito to mock service dependencies and external `RestTemplate` calls, ensuring robust validation of API endpoints and business logic.",Microservices Test
https://github.com/HasinthakaPiyumal/AI-Pattern-Mining-Project/tree/main/notebooks/result/ms_repo_callgraph_clusters/sample.daytrader7_java/cluster_34.java,"This `TradeConfig` class acts as a central, static configuration and utility hub for the IBM DayTrader sample application. It defines all runtime parameters, including operational modes, UI types, scaling limits, and financial constants, while also providing methods for generating random test data and controlling workload scenarios.",Other
https://github.com/HasinthakaPiyumal/AI-Pattern-Mining-Project/tree/main/notebooks/result/ms_repo_callgraph_clusters/sample.daytrader7_java/cluster_23.java,"This JSF session-scoped managed bean, `TradeAppJSF`, serves as a front-end controller for a trading application, handling user authentication (login, logout), registration, and profile updates. It leverages CDI to inject business logic from a `TradeAction` component and manages user session data for web-based interactions.",Microservices Security
https://github.com/HasinthakaPiyumal/AI-Pattern-Mining-Project/tree/main/notebooks/result/ms_repo_callgraph_clusters/ita-challenges-backend_java/cluster_0.java,"This integration test verifies the `TestDatabaseInitializer`'s ability to execute and roll back database changes within a real MongoDB environment. It leverages Testcontainers to provision an ephemeral MongoDB instance and asserts that a collection is created and then successfully removed after a rollback operation, utilizing reactive streams for asynchronous MongoDB interactions.",Microservices Test
https://github.com/HasinthakaPiyumal/AI-Pattern-Mining-Project/tree/main/notebooks/result/ms_repo_callgraph_clusters/sample.daytrader7_java/cluster_31.java,"This `TradeConfig` class serves as a central, static repository for all configuration and runtime parameters of the DayTrader sample application. It defines various operational modes (e.g., EJB, JDBC, synchronous/asynchronous order processing), database settings, UI types, and workload simulation parameters, along with utility methods for generating random data and managing user IDs for testing scenarios.",Other
https://github.com/HasinthakaPiyumal/AI-Pattern-Mining-Project/tree/main/notebooks/result/ms_repo_callgraph_clusters/ita-challenges-backend_java/cluster_37.java,"This DTO defines the request payload for an administrator to create a new user, utilizing Lombok for boilerplate reduction and Jakarta Bean Validation to enforce that the `username` field is not blank.",Data Model/ Domain design
https://github.com/HasinthakaPiyumal/AI-Pattern-Mining-Project/tree/main/notebooks/result/ms_repo_callgraph_clusters/sample.daytrader7_java/cluster_42.java,"This `TradeConfig` class serves as a central configuration and utility hub for the IBM DayTrader sample application, defining runtime parameters like EJB/JDBC mode, order processing, and web interface. It also provides static methods for generating random user and trade data, and managing simulated user action scenarios to drive performance testing or demonstrations.",Other
https://github.com/HasinthakaPiyumal/AI-Pattern-Mining-Project/tree/main/notebooks/result/ms_repo_callgraph_clusters/sample.daytrader7_java/cluster_35.java,"This `TradeConfig` class acts as a central, static configuration store for the DayTrader sample application, defining various runtime parameters such as operational modes (EJB, JDBC), order processing, UI preferences, and database settings. It also provides utility methods for generating random user and market data, crucial for simulating trade scenarios and managing user IDs through a ""card deck"" approach.",Other
https://github.com/HasinthakaPiyumal/AI-Pattern-Mining-Project/tree/main/notebooks/result/ms_repo_callgraph_clusters/DeathStarBench_python/cluster_56.py,"This Python code defines a `Client` class that serves as a client-side interface for user management services, including user registration, login, and retrieving user IDs. It employs a Thrift-like RPC pattern, utilizing distinct `send_` and `recv_` methods for each operation to handle message serialization, network communication, and response deserialization with integrated error handling.",Microservices Security
https://github.com/HasinthakaPiyumal/AI-Pattern-Mining-Project/tree/main/notebooks/result/ms_repo_callgraph_clusters/piggymetrics_java/cluster_16.java,"This Java class defines a `User` entity for the Piggymetrics authentication domain, serving as a Spring Data MongoDB document to store user credentials (username and password). It implements Spring Security's `UserDetails` interface, providing basic user authentication details and defaulting all account status checks (e.g., enabled, non-expired) to true, indicating a simplified user model without granular account management or roles defined within this class.",Microservices Security
https://github.com/HasinthakaPiyumal/AI-Pattern-Mining-Project/tree/main/notebooks/result/ms_repo_callgraph_clusters/spring-petclinic_java/cluster_22.java,"This JUnit test class (`ValidatorTests`) verifies the correct functioning of Bean Validation within the Spring PetClinic application. It specifically tests that a `Person` object with an empty first name correctly triggers a ""must not be blank"" constraint violation, using `LocalValidatorFactoryBean` to set up the validator.",Microservices Security
https://github.com/HasinthakaPiyumal/AI-Pattern-Mining-Project/tree/main/notebooks/result/ms_repo_callgraph_clusters/Retail-Banking-System_java/cluster_19.java,"This code consists of multiple JUnit test classes designed to thoroughly verify the `Transaction` model's getter and setter methods. It ensures proper data encapsulation by setting various properties and then asserting that the correct values are retrieved, often testing both default and parameterized constructor instantiations.",Microservices Test
https://github.com/HasinthakaPiyumal/AI-Pattern-Mining-Project/tree/main/notebooks/result/ms_repo_callgraph_clusters/spring-petclinic_java/cluster_14.java,"This code comprises a suite of Spring Boot `@WebMvcTest` classes that thoroughly test the web layer controllers of the PetClinic application. They utilize `MockMvc` to simulate HTTP requests and `MockitoBean` to mock repository dependencies, verifying controller behavior for form handling, data validation, and view rendering across owner, pet, visit, and vet management functionalities.",Microservices Test
https://github.com/HasinthakaPiyumal/AI-Pattern-Mining-Project/tree/main/notebooks/result/ms_repo_callgraph_clusters/train-ticket_java/cluster_188.java,This Spring Boot auto-configuration integrates distributed tracing into STOMP over WebSocket messaging. It achieves this by registering a custom `TCInter` interceptor on both inbound and outbound client channels to propagate tracing context (like trace and span IDs) across WebSocket messages.,Microservices Observerbility
https://github.com/HasinthakaPiyumal/AI-Pattern-Mining-Project/tree/main/notebooks/result/ms_repo_callgraph_clusters/train-ticket_java/cluster_164.java,"This Spring `@Configuration` class auto-configures components for distributed tracing within messaging systems. It conditionally provides beans for extracting and injecting tracing span information from/into `Message` objects, integrating with a `Chainer` for monitoring.",Microservices Observerbility
https://github.com/HasinthakaPiyumal/AI-Pattern-Mining-Project/tree/main/notebooks/result/ms_repo_callgraph_clusters/sample.daytrader7_java/cluster_39.java,"This `TradeConfig` class serves as a central, static configuration hub for the IBM DayTrader sample application, defining all runtime parameters such as operational modes, UI types, and database scaling limits. It also provides extensive utility methods for generating random user, stock, and trade data, crucial for simulating a dynamic trading environment and defining workload scenarios.",Other
https://github.com/HasinthakaPiyumal/AI-Pattern-Mining-Project/tree/main/notebooks/result/ms_repo_callgraph_clusters/sample.daytrader7_java/cluster_33.java,"This `TradeConfig` class acts as a central static repository for configuration and runtime parameters of a ""Trade application,"" defining operational modes (e.g., EJB, JDBC), order processing, UI, and database settings. It also provides utility methods for generating random user IDs, stock symbols, and prices, crucial for simulating trading scenarios and managing user selection.",Other
https://github.com/HasinthakaPiyumal/AI-Pattern-Mining-Project/tree/main/notebooks/result/ms_repo_callgraph_clusters/ftgo-application_java/cluster_153.java,"This Java class provides dynamically generated, unique identifiers for command/event dispatchers and inter-service communication channels (e.g., consumer, restaurant, account services) within a microservices system. These timestamp-suffixed identifiers are likely used for testing or dynamic configuration of a transactional outbox (Tram) messaging framework.",Other
https://github.com/HasinthakaPiyumal/AI-Pattern-Mining-Project/tree/main/notebooks/result/ms_repo_callgraph_clusters/train-ticket_java/cluster_19.java,"This code provides core utilities for a microservice application, including JWT token generation and validation, JSON serialization/deserialization, and HTTP cookie management. A significant portion is dedicated to implementing distributed tracing using Spring Cloud Sleuth, applying AOP for method-level tracing and interceptors for message channels, HTTP clients, and WebSockets to propagate trace context.",Microservices Security
https://github.com/HasinthakaPiyumal/AI-Pattern-Mining-Project/tree/main/notebooks/result/ms_repo_callgraph_clusters/sample.daytrader7_java/cluster_41.java,"This `TradeConfig` class serves as a central, static repository for all configuration and runtime parameters of the DayTrader sample application, defining operational modes (EJB/JDBC), UI settings, and database parameters. It also provides utility methods for generating random user and stock data, managing user ID distribution via a ""card deck"" approach, and defining workload scenarios for simulation and benchmarking.",Other
https://github.com/HasinthakaPiyumal/AI-Pattern-Mining-Project/tree/main/notebooks/result/ms_repo_callgraph_clusters/spring-petclinic_java/cluster_26.java,"This JUnit 5 unit test verifies the `CrashController`'s error handling by asserting that its `triggerException()` method correctly throws a `RuntimeException` with a specific message. It uses AssertJ to confirm the exception type and its content, demonstrating how the controller showcases exception scenarios.",Microservices Test
https://github.com/HasinthakaPiyumal/AI-Pattern-Mining-Project/tree/main/notebooks/result/ms_repo_callgraph_clusters/sample.daytrader7_java/cluster_38.java,"This `TradeConfig` class acts as a central, static configuration store for the DayTrader sample application, defining various runtime parameters such as execution modes, database settings, UI pages, and workload scenario mixes. It also provides utility methods for generating random user, stock, and price data to simulate trading activities.",Other
https://github.com/HasinthakaPiyumal/AI-Pattern-Mining-Project/tree/main/notebooks/result/ms_repo_callgraph_clusters/ftgo-application_java/cluster_126.java,"This Spring Boot integration test verifies the persistence of `Restaurant` entities using JPA. It specifically tests saving and loading `Restaurant` objects via `RestaurantRepository` within managed transactions, ensuring data integrity and correct retrieval.",Microservices Test
https://github.com/HasinthakaPiyumal/AI-Pattern-Mining-Project/tree/main/notebooks/result/ms_repo_callgraph_clusters/springboot-kafka-microservices_java/cluster_21.java,"This Spring `@Service` implementation (`UserServiceImpl`) retrieves user credentials by username from a `UserCredentialRepository`. It then maps the found `UserCredential` entity to a `UserDto` using `ModelMapper`, returning `null` if the user is not found.",Microservices Security
https://github.com/HasinthakaPiyumal/AI-Pattern-Mining-Project/tree/main/notebooks/result/ms_repo_callgraph_clusters/jpetstore-6_java/cluster_22.java,"This Stripes ActionBean, `AccountActionBean`, manages all user account-related web actions for the JPetStore application, including registration, sign-in, sign-out, and profile updates. It leverages `AccountService` and `CatalogService` to persist data and maintain user authentication and preferences within the session.",Microservices Security
https://github.com/HasinthakaPiyumal/AI-Pattern-Mining-Project/tree/main/notebooks/result/ms_repo_callgraph_clusters/jpetstore-6_java/cluster_36.java,"This code defines a `Cart` domain object for the JPetStore application, managing items, quantities, and subtotal calculations using a synchronized map and list for efficient access. It also includes a comprehensive Selenide-based integration test suite (`ScreenTransitionIT`) that simulates various user interactions and navigations within the JPetStore web UI to verify core functionalities like ordering, user management, and product browsing.",Data Model/ Domain design
https://github.com/HasinthakaPiyumal/AI-Pattern-Mining-Project/tree/main/notebooks/result/ms_repo_callgraph_clusters/jpetstore-6_java/cluster_24.java,"This `AccountActionBean` is a Stripes framework controller responsible for all user account management in the JPetStore application. It facilitates user registration, sign-in, profile updates, and sign-off, integrating with `AccountService` and `CatalogService` while maintaining session-scoped user authentication and preferences.",Microservices Security
https://github.com/HasinthakaPiyumal/AI-Pattern-Mining-Project/tree/main/notebooks/result/ms_repo_callgraph_clusters/DeathStarBench_python/cluster_16.py,"This Python code defines a Thrift client (`Client` class) for user management, implementing methods for user registration, login, and retrieving/uploading user data. It utilizes a distinct `send_` and `recv_` pattern for each remote procedure call, handling message serialization, deserialization, and application-level exception handling.",Microservices Security
https://github.com/HasinthakaPiyumal/AI-Pattern-Mining-Project/tree/main/notebooks/result/ms_repo_callgraph_clusters/ftgo-application_java/cluster_151.java,"This `TramCommandsAndEventsIntegrationData` class generates unique, timestamp-suffixed names for command/event channels and aggregate destinations across various microservices (e.g., consumer, restaurant, account). Its primary purpose is to provide distinct communication endpoints, likely for integration testing or dynamic configuration within a distributed system utilizing a reliable messaging pattern.",EDA
https://github.com/HasinthakaPiyumal/AI-Pattern-Mining-Project/tree/main/notebooks/result/ms_repo_callgraph_clusters/ftgo-application_java/cluster_154.java,"This Java class, `TramCommandsAndEventsIntegrationData`, serves as a data holder for dynamically generated, unique string identifiers. These identifiers represent command/event dispatchers and inter-service communication channels/destinations for various microservices (consumer, restaurant, account), likely used to ensure distinct messaging endpoints for integration testing or dynamic configuration.",CQRS
https://github.com/HasinthakaPiyumal/AI-Pattern-Mining-Project/tree/main/notebooks/result/ms_repo_callgraph_clusters/DeathStarBench_python/cluster_14.py,"This Python code defines a Thrift client (`Client` class) for user management, providing methods for user registration, login, uploading user data, composing creators, and retrieving user IDs. Each client-side RPC method follows a `send_MethodName` and `recv_MethodName` pattern to handle message serialization and deserialization over a network protocol.",Microservices Security
https://github.com/HasinthakaPiyumal/AI-Pattern-Mining-Project/tree/main/notebooks/result/ms_repo_callgraph_clusters/piggymetrics_java/cluster_17.java,"This Java class defines a `User` entity for the Piggymetrics authentication service, serving as a Spring Data MongoDB document to store user credentials (username and password). It implements Spring Security's `UserDetails` interface, providing a basic user representation with default ""always enabled"" account status and no explicit roles.",Microservices Security
https://github.com/HasinthakaPiyumal/AI-Pattern-Mining-Project/tree/main/notebooks/result/ms_repo_callgraph_clusters/RepoGenesis_python/cluster_7.py,"This Python file comprises an extensive suite of `pytest` integration and performance tests for several API services, covering user authentication, task management, content interaction (history, likes, favorites), system statistics, file conversion, and batch email sending. The tests rigorously validate functionality, error handling, concurrency, and edge cases across these diverse API endpoints.",Microservices Test
https://github.com/HasinthakaPiyumal/AI-Pattern-Mining-Project/tree/main/notebooks/result/ms_repo_callgraph_clusters/springboot-kafka-microservices_java/cluster_36.java,"This Java enum, `ERole`, defines the distinct user roles (ADMINISTRATOR, EMPLOYEE, CUSTOMER) for an identity service. It leverages Lombok to provide a constructor and getter for a human-readable label associated with each role.",Other
https://github.com/HasinthakaPiyumal/AI-Pattern-Mining-Project/tree/main/notebooks/result/ms_repo_callgraph_clusters/piggymetrics_java/cluster_22.java,"This Spring `@Configuration` class sets up an OAuth2 Resource Server, enabling a microservice to secure its endpoints and validate incoming access tokens via a custom user info service. It also configures an OAuth2 client with client credentials for secure inter-service communication using Feign and `OAuth2RestTemplate`.",Microservices Security
https://github.com/HasinthakaPiyumal/AI-Pattern-Mining-Project/tree/main/notebooks/result/ms_repo_callgraph_clusters/DeathStarBench_python/cluster_18.py,"This Python code defines a `Client` class that acts as a client-side interface for user management operations, including user registration (with or without a specified ID), login, and uploading user data by ID or username. It implements these functionalities using a distinct `send_` and `recv_` method pattern for each operation, characteristic of an Apache Thrift RPC client.",Microservices Security
https://github.com/HasinthakaPiyumal/AI-Pattern-Mining-Project/tree/main/notebooks/result/ms_repo_callgraph_clusters/ftgo-application_java/cluster_46.java,This Spring Boot integration test verifies the successful initialization of the `RestaurantServiceLambdaConfiguration` by attempting to load its application context and autowire the `RestaurantService`. The empty `@Test` method indicates its primary purpose is to ensure the Spring context starts up without errors and dependencies are resolvable.,Microservices Test
https://github.com/HasinthakaPiyumal/AI-Pattern-Mining-Project/tree/main/notebooks/result/ms_repo_callgraph_clusters/train-ticket_java/cluster_7.java,"This code file primarily contains a comprehensive suite of JUnit tests for various microservices within a train ticket booking system, covering functionalities like user management, order processing, and route planning. It extensively uses Mockito to simulate interactions with repositories and other microservices via `RestTemplate`, demonstrating a robust testing strategy for a distributed Spring Boot application.",Microservices Test
https://github.com/HasinthakaPiyumal/AI-Pattern-Mining-Project/tree/main/notebooks/result/ms_repo_callgraph_clusters/ftgo-application_java/cluster_155.java,"This Java class dynamically generates unique, timestamp-suffixed identifiers for command/event dispatchers and various microservice-specific command/aggregate channels, likely for integration testing or dynamic configuration within a transactional outbox (TRAM) pattern.",CQRS
https://github.com/HasinthakaPiyumal/AI-Pattern-Mining-Project/tree/main/notebooks/result/ms_repo_callgraph_clusters/ftgo-application_java/cluster_101.java,"This `Identity` class is a Plain Old Java Object (POJO) designed to encapsulate various AWS-specific identity and request details, including Cognito identity IDs, account information, user ARNs, and client metadata like source IP or user agent, likely for an AWS-based restaurant service. It follows the standard JavaBean pattern with private fields and public getters/setters.",Microservices Security
https://github.com/HasinthakaPiyumal/AI-Pattern-Mining-Project/tree/main/notebooks/result/ms_repo_callgraph_clusters/RepoGenesis_python/cluster_3.py,"This Python file contains a comprehensive suite of integration tests for multiple web API endpoints, covering functionalities like user management, authentication, a ""Rock-Paper-Scissors"" game, and a leaderboard system. It leverages `pytest` and the `requests` library to validate CRUD operations, API responses, performance, concurrency, and proper error handling across these distinct services.",Microservices Test
https://github.com/HasinthakaPiyumal/AI-Pattern-Mining-Project/tree/main/notebooks/result/ms_repo_callgraph_clusters/Retail-Banking-System_java/cluster_15.java,"This code file outlines a Spring Boot microservices architecture for a ""Retail-Banking-System,"" featuring distinct services for accounts, authentication, rules, customers, and transactions. It implements robust JWT-based security using Spring Security with a custom filter and BCrypt encoding, integrates Spring Cloud for service discovery and inter-service communication, and provides API documentation via Swagger.",Microservices Security
https://github.com/HasinthakaPiyumal/AI-Pattern-Mining-Project/tree/main/notebooks/result/ms_repo_callgraph_clusters/ftgo-application_java/cluster_112.java,"This code configures the messaging infrastructure for a microservices application, enabling various services like Accounting, Order History, and Delivery to communicate via domain events and commands. It leverages the Eventuate Tram framework to implement an event-driven architecture, supporting Sagas for distributed transactions and CQRS for read model updates.",EDA
https://github.com/HasinthakaPiyumal/AI-Pattern-Mining-Project/tree/main/notebooks/result/ms_repo_callgraph_clusters/springboot-kafka-microservices_java/cluster_27.java,"This `CustomUserDetails` class implements Spring Security's `UserDetails` interface, serving as a security principal to encapsulate user authentication and authorization information, including roles and specific permissions. It provides a static `build` method to construct itself from a `UserCredential` entity, mapping its roles and permissions into `GrantedAuthority` objects and a set of permission strings for fine-grained access control.",Microservices Security
https://github.com/HasinthakaPiyumal/AI-Pattern-Mining-Project/tree/main/notebooks/result/ms_repo_callgraph_clusters/ftgo-application_java/cluster_158.java,"This Spring configuration class sets up the message handling infrastructure for the `kitchenservice`, defining beans to consume domain events via a `DomainEventDispatcher` and participate in distributed sagas by dispatching commands to a `KitchenServiceCommandHandler` using an `SagaCommandDispatcher`, all built upon the Eventuate Tram framework.",EDA
https://github.com/HasinthakaPiyumal/AI-Pattern-Mining-Project/tree/main/notebooks/result/ms_repo_callgraph_clusters/Retail-Banking-System_java/cluster_12.java,"This JUnit test class verifies the `AccessDeniedException` by asserting that two distinct instances of the exception, whether initialized with a message or not, are not considered equal, leveraging AssertJ for clear assertions.",Microservices Test
https://github.com/HasinthakaPiyumal/AI-Pattern-Mining-Project/tree/main/notebooks/result/ms_repo_callgraph_clusters/RepoGenesis_python/cluster_11.py,"This Python file contains a comprehensive suite of `pytest` integration and end-to-end tests for multiple distinct RESTful APIs, including game, history, likes, favorites, file storage, task management, and user authentication/management services. It thoroughly validates API endpoints, data models, authentication, pagination, and various edge cases, leveraging the `requests` library for HTTP interactions and extensive fixtures for setup and teardown.",Microservices Test
https://github.com/HasinthakaPiyumal/AI-Pattern-Mining-Project/tree/main/notebooks/result/ms_repo_callgraph_clusters/ftgo-application_java/cluster_86.java,"This `Identity` class is a Plain Old Java Object (POJO) designed to encapsulate and manage various AWS and Cognito-specific identity attributes, such as `cognitoIdentityId`, `accountId`, and `userArn`. It provides standard getters and setters for accessing these encapsulated details, likely for tracking or authentication within an AWS-hosted service.",Microservices Security
https://github.com/HasinthakaPiyumal/AI-Pattern-Mining-Project/tree/main/notebooks/result/ms_repo_callgraph_clusters/piggymetrics_java/cluster_15.java,"This code defines a `User` entity for the Piggymetrics authentication service, serving as a Spring Data MongoDB document. It implements Spring Security's `UserDetails` interface to provide basic user authentication details (username, password) but currently lacks complex authorization roles or account status management.",Microservices Security
https://github.com/HasinthakaPiyumal/AI-Pattern-Mining-Project/tree/main/notebooks/result/ms_repo_callgraph_clusters/ftgo-application_java/cluster_159.java,"This Spring configuration class defines the message handling infrastructure for a `KitchenService`, specifically setting up `DomainEventDispatcher` to consume domain events and `SagaCommandDispatcher` to handle commands as a participant in Eventuate Tram Sagas. It integrates event subscription and Saga command processing for the kitchen service's domain logic.",EDA
https://github.com/HasinthakaPiyumal/AI-Pattern-Mining-Project/tree/main/notebooks/result/ms_repo_callgraph_clusters/crypto_crawler_python/cluster_5.py,This `CommandQueue` class utilizes Redis Pub/Sub to establish a bidirectional communication channel for entities like puppeteers and agents. It enables registering nodes by subscribing to specific channels and retrieving commands from them.,EDA
https://github.com/HasinthakaPiyumal/AI-Pattern-Mining-Project/tree/main/notebooks/result/ms_repo_callgraph_clusters/jpetstore-6_java/cluster_23.java,"This Stripes ActionBean manages user authentication and account details for the JPetStore application, handling user registration, profile editing, sign-in, and sign-out. It utilizes Spring for dependency injection to interact with `AccountService` and `CatalogService`, maintaining session-scoped user data and redirecting to appropriate views.",Microservices Security
https://github.com/HasinthakaPiyumal/AI-Pattern-Mining-Project/tree/main/notebooks/result/ms_repo_callgraph_clusters/crypto_crawler_python/cluster_4.py,"This code defines a `CommandQueue` class that leverages Redis Pub/Sub to establish a bidirectional communication channel between various entities like ""puppeteer"" and ""node_puppeteer."" It enables nodes to register by subscribing to specific Redis channels and retrieve commands from their respective queues.",EDA
https://github.com/HasinthakaPiyumal/AI-Pattern-Mining-Project/tree/main/notebooks/result/ms_repo_callgraph_clusters/ftgo-application_java/cluster_114.java,"This class serves as a configuration object for the `AccountService`'s messaging infrastructure, specifically holding the `commandDispatcherId` and `commandChannel` strings. It defines the identifiers for a command dispatcher and the channel used for sending commands within a distributed system.",Other
https://github.com/HasinthakaPiyumal/AI-Pattern-Mining-Project/tree/main/notebooks/result/ms_repo_callgraph_clusters/RepoGenesis_python/cluster_5.py,"This Python file contains a comprehensive suite of `pytest` integration tests for a multi-functional API. It rigorously validates various backend services, including statistics, health, email, file management, leaderboards, game state, and room matching, by asserting API response structures, data integrity, and error handling under diverse conditions.",Microservices Test
https://github.com/HasinthakaPiyumal/AI-Pattern-Mining-Project/tree/main/notebooks/result/ms_repo_callgraph_clusters/ftgo-application_java/cluster_92.java,"This Java POJO, `Identity`, serves as a data transfer object to encapsulate various AWS and Cognito-related identity and request context details. It provides standard getters and setters for properties like Cognito identity IDs, account IDs, user ARNs, and source IP, likely used for authentication or logging within an `ftgo` restaurant service.",Microservices Security
https://github.com/HasinthakaPiyumal/AI-Pattern-Mining-Project/tree/main/notebooks/result/ms_repo_callgraph_clusters/ftgo-application_java/cluster_85.java,"This `Identity` class is a Plain Old Java Object (POJO) designed to encapsulate comprehensive identity details, primarily from an AWS context, within the `ftgo-restaurantservice`. It stores attributes like AWS Cognito identity IDs, account IDs, caller information, and source IP, providing standard getters and setters for data access.",Microservices Security
https://github.com/HasinthakaPiyumal/AI-Pattern-Mining-Project/tree/main/notebooks/result/ms_repo_callgraph_clusters/ftgo-application_java/cluster_103.java,"This Java class, `Identity`, functions as a Plain Old Java Object (POJO) to encapsulate various AWS identity and request context details. It specifically stores information like Cognito identity IDs, account ID, user ARN, API key, and source IP, likely for processing authentication and client information within an AWS-based application.",Microservices Security
https://github.com/HasinthakaPiyumal/AI-Pattern-Mining-Project/tree/main/notebooks/result/ms_repo_callgraph_clusters/sample.daytrader7_java/cluster_20.java,"This JSF session-scoped managed bean, `TradeAppJSF`, serves as the web-tier controller for user authentication and profile management within the DayTrader sample application. It orchestrates user login, registration, profile updates, and logout by injecting and delegating to a `TradeAction` business logic component.",Microservices Security
https://github.com/HasinthakaPiyumal/AI-Pattern-Mining-Project/tree/main/notebooks/result/ms_repo_callgraph_clusters/Retail-Banking-System_java/cluster_7.java,"This collection of Java files constitutes a comprehensive suite of Spring Boot integration and unit tests for a retail banking microservices architecture. It extensively uses `MockMvc` to simulate HTTP requests to various API endpoints (Account, Authentication, Rules, Customer services) and `Mockito` to mock service layer and Feign client dependencies for isolated testing.",Microservices Test
https://github.com/HasinthakaPiyumal/AI-Pattern-Mining-Project/tree/main/notebooks/result/ms_repo_callgraph_clusters/ita-challenges-backend_java/cluster_33.java,"This JUnit 5 test class, `UUIDValidatorTest`, verifies the functionality of the `UUIDValidator`. It specifically tests the `isValid` method, asserting that it correctly returns `false` for null UUID inputs and `true` for valid, randomly generated UUIDs.",Microservices Test
https://github.com/HasinthakaPiyumal/AI-Pattern-Mining-Project/tree/main/notebooks/result/ms_repo_callgraph_clusters/piggymetrics_java/cluster_14.java,"This code defines a `User` entity for the `piggymetrics.auth` service, serving as a Spring Data MongoDB document that stores user credentials (username and password). It implements Spring Security's `UserDetails` interface, providing a basic user model where accounts are always enabled and non-expired, without specific role-based authorities defined within this class.",Microservices Security
https://github.com/HasinthakaPiyumal/AI-Pattern-Mining-Project/tree/main/notebooks/result/ms_repo_callgraph_clusters/RepoGenesis_python/cluster_6.py,"This Python file primarily functions as an extensive suite of integration tests for multiple API services, covering user management, task scheduling, file storage, email, and content interaction features like likes and favorites. It also includes utility functions for generating detailed LaTeX tables from API coverage results.",Microservices Test
https://github.com/HasinthakaPiyumal/AI-Pattern-Mining-Project/tree/main/notebooks/result/ms_repo_callgraph_clusters/train-ticket_java/cluster_51.java,"This Spring Boot `RestController` (`UserController`) provides a comprehensive set of RESTful API endpoints for user management, enabling operations such as retrieving all users, finding users by ID or username, registering new users, updating existing ones, and deleting users. It delegates all business logic to an injected `UserService`, consistently returning `ResponseEntity<Response>` and logging actions for each operation.",Microservices Security
https://github.com/HasinthakaPiyumal/AI-Pattern-Mining-Project/tree/main/notebooks/result/ms_repo_callgraph_clusters/piggymetrics_java/cluster_13.java,"This Java class defines a `User` entity for the `piggymetrics.auth` service, acting as a Spring Data MongoDB document to persist user credentials. It implements Spring Security's `UserDetails` interface, providing basic authentication details (username and password) but with a simplified approach to roles and account status management.",Microservices Security
